Workbook

Sheet Groups
A1: Name | B1: priceCategory | C1: wildnessMultiplier | D1: IsRoamer | E1: filthMultiplier | F1: coldResistance | G1: heatResistance | H1: Integument tensile strength (MPa) | I1: Integument elongation at break (%) | J1: Integument density (kg/L) | K1: Skin mass fraction | L1: IsArmored | M1: IsStrongPuncher | N1: Bite force type | O1: isTeethless | P1: Do leg attack | Q1: Poke/leg claws attack interval | R1: Leg attack linkedBodyPartsGroup | S1: Leg attack label | T1: Leg attack capacities | U1: Horn/Tusk/Misc attack type | V1: Horn/Tusk/Misc attack interval | W1: Horn/Tusk/Misc attack linkedBodyPartsGroup | X1: Horn/Tusk/Misc attack label | Y1: Horn/Tusk/Misc attack capacities | Z1: Bite attack interval | AA1: Bite attack linkedBodyPartsGroup | AB1: Bite attack label | AC1: Bite attack capacities | AD1: Do claw/arm attack | AE1: Claw/arm attack interval | AF1: Claw/arm attack linkedBodyPartsGroup | AG1: Claw/arm attack label | AH1: Claw/arm attack capacities | AI1: HealthMultiplier | AJ1: Physiology | AK1: CanMigrate | AL1: Body | AM1: teethScalinngFormula | AN1: baseManhunterOnTameFailChance | AO1: baseManhunterOnDamageChance | AP1: petnessFactor | AQ1: isVeryFertile | AR1: Trainability | AS1: canHuntLivePrey | AT1: canHuntFish | AU1: isSemiAquatic | AV1: SpecialTradeTags | AW1: NoFlee | AX1: cannotBeAugmented | AY1: cannotBeMutated | AZ1: ScavengerTier | BA1: CannotChew | BB1: TakingCareOfOffspring | BC1: isSluggish | BD1: isBluntHorned | BE1: IsBiped | BF1: biteTeethType | BG1: meleeDodgeChanceMultiplier | BH1: meleeCritChanceMultiplier | BI1: meleeParryChanceMultiplier | BJ1: BodyShape | BK1: ArmorPiercingClaw | BL1: ArmorPiercingHorn | BM1: ArmorPiercingBite
A2: Beetle | B2: 1 | C2: 1.1 | D2: 0 | E2: 1 | F2: 0 | G2: 2 | H2: 95 | I2: =H2/1000/AVERAGE(4.6) -> 0.020652174 | J2: 1.2 | K2: 0.32 | L2: 1 | M2: 1 | N2: Insect | O2: 0 | P2: 0 | Q2: No | R2: No | S2: No | T2: No | U2: No | V2: No | W2: No | X2: No | Y2: No | Z2: 1.2 | AA2: Mouth | AB2: mandibles | AC2: Bite | AD2: 0 | AE2: No | AF2: No | AG2: No | AH2: No | AI2: 1 | AJ2: Invertebrate | AK2: 0 | AL2: BeetleLike | AM2: 0 | AN2: 1 | AO2: 1 | AP2: No | AQ2: 0 | AR2: Advanced | AS2: 1 | AT2: 0 | AU2: 0 | AV2: No | AW2: 0 | AX2: 0 | AY2: 0 | AZ2: 2 | BA2: 0 | BB2: 0 | BC2: 1 | BD2: 0 | BE2: 0 | BF2: 0 | BG2: 0.25 | BH2: 0.1 | BI2: 0.025 | BJ2: QuadrupedLow | BK2: 0 | BL2: 0 | BM2: 0
A3: Beetle (QUEEN) | B3: 1 | C3: 1.1 | D3: 0 | E3: 1 | F3: 0 | G3: 2 | H3: 1400 | I3: =AVERAGE(12.1%,36.3%) -> 0.242 | J3: 0.89 | K3: Unknown | L3: 1 | M3: 1 | N3: Insect | O3: 0 | P3: 0 | Q3: No | R3: No | S3: No | T3: No | U3: No | V3: No | W3: No | X3: No | Y3: No | Z3: 1.2 | AA3: Mouth | AB3: mandibles | AC3: Bite | AD3: 0 | AE3: No | AF3: No | AG3: No | AH3: No | AI3: 1 | AJ3: Invertebrate | AK3: 0 | AL3: BeetleLike | AM3: 0 | AN3: 1 | AO3: 1 | AP3: No | AQ3: 0 | AR3: Advanced | AS3: 1 | AT3: 0 | AU3: 0 | AV3: No | AW3: 0 | AX3: 0 | AY3: 0 | AZ3: 2 | BA3: 0 | BB3: 0 | BC3: 1 | BD3: 0 | BE3: 0 | BF3: 0 | BG3: 0.25 | BH3: 0.1 | BI3: 0.025 | BJ3: QuadrupedLow | BK3: 0 | BL3: 0 | BM3: 0
A4: Beetle (LARVA) | B4: 1 | C4: 1.1 | D4: 0 | E4: 1 | F4: 0 | G4: 2 | H4: 95 | I4: =H4/1000/AVERAGE(4.6) -> 0.020652174 | J4: 1.2 | K4: 0.32 | L4: 1 | M4: 1 | N4: Insect | O4: 0 | P4: 0 | Q4: No | R4: No | S4: No | T4: No | U4: No | V4: No | W4: No | X4: No | Y4: No | Z4: 1.2 | AA4: Mouth | AB4: mandibles | AC4: Bite | AD4: 0 | AE4: No | AF4: No | AG4: No | AH4: No | AI4: 1 | AJ4: Invertebrate | AK4: 0 | AL4: Larva | AM4: 0 | AN4: 1 | AO4: 1 | AP4: No | AQ4: 0 | AR4: Intermediate | AS4: 1 | AT4: 0 | AU4: 0 | AV4: No | AW4: 0 | AX4: 0 | AY4: 0 | AZ4: 2 | BA4: 0 | BB4: 0 | BC4: 1 | BD4: 0 | BE4: 0 | BF4: 0 | BG4: 0.25 | BH4: 0.1 | BI4: 0.025 | BJ4: Serpentine | BK4: 0 | BL4: 0 | BM4: 0
A5: Beetle (CLAWS) | B5: 1 | C5: 1.1 | D5: 0 | E5: 1 | F5: 0 | G5: 2 | H5: 95 | I5: =H5/1000/AVERAGE(4.6) -> 0.020652174 | J5: 1.2 | K5: 0.32 | L5: 1 | M5: 1 | N5: Insect | O5: 0 | P5: 0 | Q5: No | R5: No | S5: No | T5: No | U5: No | V5: No | W5: No | X5: No | Y5: No | Z5: 1.2 | AA5: Mouth | AB5: mandibles | AC5: Bite | AD5: 1 | AE5: 1.1 | AF5: HeadClaw | AG5: head claw | AH5: Scratch | AI5: 1 | AJ5: Invertebrate | AK5: 0 | AL5: BeetleLikeWithClaw | AM5: 0 | AN5: 1 | AO5: 1 | AP5: No | AQ5: 0 | AR5: Advanced | AS5: 1 | AT5: 0 | AU5: 0 | AV5: No | AW5: 0 | AX5: 0 | AY5: 0 | AZ5: 2 | BA5: 0 | BB5: 0 | BC5: 1 | BD5: 0 | BE5: 0 | BF5: 0 | BG5: 0.25 | BH5: 0.1 | BI5: 0.025 | BJ5: QuadrupedLow | BK5: 1 | BL5: 0 | BM5: 0
A6: Bird (STRONG BEAK, SMART) | B6: 1 | C6: 1.25 | D6: 0 | E6: 11 | F6: 0 | G6: 0 | H6: 1 | I6: 1 | J6: 1.09 | K6: Unknown | L6: 0 | M6: 0 | N6: StrongBeakBird | O6: 1 | P6: 1 | Q6: 1 | R6: Feet | S6: rear left claw, rear right claw | T6: Scratch | U6: No | V6: No | W6: No | X6: No | Y6: No | Z6: 0.8 | AA6: Beak | AB6: beak | AC6: Blunt | AD6: 0 | AE6: No | AF6: No | AG6: No | AH6: No | AI6: 1 | AJ6: Bird | AK6: 0 | AL6: Bird | AM6: 0 | AN6: 0 | AO6: 0 | AP6: 0.2 | AQ6: 0 | AR6: Advanced | AS6: 0 | AT6: 0 | AU6: 0 | AV6: No | AW6: 0 | AX6: 0 | AY6: 0 | AZ6: 0 | BA6: 0 | BB6: 1 | BC6: 0 | BD6: 0 | BE6: 1 | BF6: 1 | BG6: 1 | BH6: 0.1 | BI6: 0.025 | BJ6: Birdlike | BK6: 0 | BL6: 0 | BM6: 0
A7: Bird (STRONG BEAK, SMART, SCAVENGER) | B7: 1 | C7: 1.25 | D7: 0 | E7: 11 | F7: 0 | G7: 0 | H7: 1 | I7: 1 | J7: 1.09 | K7: Unknown | L7: 0 | M7: 0 | N7: StrongBeakBird | O7: 1 | P7: 1 | Q7: 1 | R7: Feet | S7: rear left claw, rear right claw | T7: Scratch | U7: No | V7: No | W7: No | X7: No | Y7: No | Z7: 0.8 | AA7: Beak | AB7: beak | AC7: Blunt | AD7: 0 | AE7: No | AF7: No | AG7: No | AH7: No | AI7: 1 | AJ7: Bird | AK7: 0 | AL7: Bird | AM7: 0 | AN7: 0 | AO7: 0 | AP7: 0.2 | AQ7: 0 | AR7: Advanced | AS7: 0 | AT7: 0 | AU7: 0 | AV7: No | AW7: 0 | AX7: 0 | AY7: 0 | AZ7: 1 | BA7: 0 | BB7: 1 | BC7: 0 | BD7: 0 | BE7: 1 | BF7: 1 | BG7: 1 | BH7: 0.1 | BI7: 0.025 | BJ7: Birdlike | BK7: 0 | BL7: 0 | BM7: 0
A8: Bird (STRONG BEAK) | B8: 0 | C8: 1.25 | D8: 0 | E8: 11 | F8: 0 | G8: 0 | H8: 1 | I8: 1 | J8: 1.09 | K8: Unknown | L8: 0 | M8: 0 | N8: StrongBeakBird | O8: 1 | P8: 1 | Q8: 1 | R8: Feet | S8: rear left claw, rear right claw | T8: Scratch | U8: No | V8: No | W8: No | X8: No | Y8: No | Z8: 0.8 | AA8: Beak | AB8: beak | AC8: Blunt | AD8: 0 | AE8: No | AF8: No | AG8: No | AH8: No | AI8: 1 | AJ8: Bird | AK8: 0 | AL8: Bird | AM8: 0 | AN8: 0 | AO8: 0 | AP8: No | AQ8: 0 | AR8: Intermediate | AS8: 0 | AT8: 0 | AU8: 0 | AV8: No | AW8: 0 | AX8: 0 | AY8: 0 | AZ8: 0 | BA8: 0 | BB8: 1 | BC8: 0 | BD8: 0 | BE8: 1 | BF8: 1 | BG8: 1 | BH8: 0 | BI8: 0 | BJ8: Birdlike | BK8: 0 | BL8: 0 | BM8: 0
A9: Bird (WATER) | B9: 1 | C9: 1.25 | D9: 1 | E9: 11 | F9: 0 | G9: 0 | H9: 1 | I9: 1 | J9: 1.09 | K9: Unknown | L9: 0 | M9: 0 | N9: Bird | O9: 1 | P9: 0 | Q9: No | R9: No | S9: No | T9: No | U9: No | V9: No | W9: No | X9: No | Y9: No | Z9: 0.8 | AA9: Beak | AB9: beak | AC9: Blunt | AD9: 0 | AE9: No | AF9: No | AG9: No | AH9: No | AI9: 1 | AJ9: Bird | AK9: 0 | AL9: Bird | AM9: 0 | AN9: 0 | AO9: 0 | AP9: No | AQ9: 0 | AR9: None | AS9: 0 | AT9: 1 | AU9: 1 | AV9: No | AW9: 0 | AX9: 0 | AY9: 0 | AZ9: 0 | BA9: 0 | BB9: 1 | BC9: 0 | BD9: 0 | BE9: 1 | BF9: 2 | BG9: 1 | BH9: 0 | BI9: 0 | BJ9: Birdlike | BK9: 0 | BL9: 0 | BM9: 0
A10: Bird (AGRESSIVE) | B10: 1 | C10: 1.5 | D10: 1 | E10: 11 | F10: 0 | G10: 0 | H10: 1 | I10: 1 | J10: 1.09 | K10: Unknown | L10: 0 | M10: 0 | N10: Bird | O10: 1 | P10: 1 | Q10: 0.9 | R10: Feet | S10: rear left claw, rear right claw | T10: Scratch | U10: No | V10: No | W10: No | X10: No | Y10: No | Z10: 1 | AA10: Beak | AB10: beak | AC10: Blunt | AD10: 0 | AE10: No | AF10: No | AG10: No | AH10: No | AI10: 1 | AJ10: Bird | AK10: 0 | AL10: Bird | AM10: 0 | AN10: 0.025 | AO10: 0.1 | AP10: No | AQ10: 0 | AR10: None | AS10: 0 | AT10: 0 | AU10: 0 | AV10: No | AW10: 0 | AX10: 0 | AY10: 0 | AZ10: 0 | BA10: 0 | BB10: 1 | BC10: 0 | BD10: 0 | BE10: 1 | BF10: 2 | BG10: 1 | BH10: 0 | BI10: 0 | BJ10: Birdlike | BK10: 0 | BL10: 0 | BM10: 0
A11: Bird (AGRESSIVE, SMART) | B11: 1 | C11: 1.25 | D11: 0 | E11: 11 | F11: 0 | G11: 0 | H11: 1 | I11: 1 | J11: 1.09 | K11: Unknown | L11: 0 | M11: 0 | N11: Bird | O11: 1 | P11: 1 | Q11: 1 | R11: Feet | S11: rear left claw, rear right claw | T11: Scratch | U11: No | V11: No | W11: No | X11: No | Y11: No | Z11: 0.8 | AA11: Beak | AB11: beak | AC11: Blunt | AD11: 0 | AE11: No | AF11: No | AG11: No | AH11: No | AI11: 1 | AJ11: Bird | AK11: 0 | AL11: Bird | AM11: 0 | AN11: 0.025 | AO11: 0.1 | AP11: 0.2 | AQ11: 0 | AR11: Intermediate | AS11: 0 | AT11: 0 | AU11: 0 | AV11: No | AW11: 0 | AX11: 0 | AY11: 0 | AZ11: 0 | BA11: 0 | BB11: 1 | BC11: 0 | BD11: 0 | BE11: 1 | BF11: 1 | BG11: 1 | BH11: 0.1 | BI11: 0.025 | BJ11: Birdlike | BK11: 0 | BL11: 0 | BM11: 0
A12: Bird (SCAVENGER) | B12: 1 | C12: 1.25 | D12: 0 | E12: 11 | F12: 0 | G12: 0 | H12: 1 | I12: 1 | J12: 1.09 | K12: Unknown | L12: 0 | M12: 0 | N12: Bird | O12: 1 | P12: 1 | Q12: 1 | R12: Feet | S12: rear left claw, rear right claw | T12: Scratch | U12: No | V12: No | W12: No | X12: No | Y12: No | Z12: 1 | AA12: Beak | AB12: beak | AC12: Blunt | AD12: 0 | AE12: No | AF12: No | AG12: No | AH12: No | AI12: 1 | AJ12: Bird | AK12: 0 | AL12: Bird | AM12: 0 | AN12: 0 | AO12: 0 | AP12: No | AQ12: 0 | AR12: None | AS12: 0 | AT12: 0 | AU12: 0 | AV12: No | AW12: 0 | AX12: 0 | AY12: 0 | AZ12: 1 | BA12: 0 | BB12: 1 | BC12: 0 | BD12: 0 | BE12: 1 | BF12: 2 | BG12: 1 | BH12: 0.1 | BI12: 0.025 | BJ12: Birdlike | BK12: 0 | BL12: 0 | BM12: 0
A13: Bird | B13: 0 | C13: 1.25 | D13: 1 | E13: 11 | F13: 0 | G13: 0 | H13: 1 | I13: 1 | J13: 1.09 | K13: Unknown | L13: 0 | M13: 0 | N13: Bird | O13: 1 | P13: 1 | Q13: 1 | R13: Feet | S13: rear left claw, rear right claw | T13: Scratch | U13: No | V13: No | W13: No | X13: No | Y13: No | Z13: 1 | AA13: Beak | AB13: beak | AC13: Blunt | AD13: 0 | AE13: No | AF13: No | AG13: No | AH13: No | AI13: 1 | AJ13: Bird | AK13: 0 | AL13: Bird | AM13: 0 | AN13: 0 | AO13: 0 | AP13: No | AQ13: 0 | AR13: None | AS13: 0 | AT13: 0 | AU13: 0 | AV13: No | AW13: 0 | AX13: 0 | AY13: 0 | AZ13: 0 | BA13: 0 | BB13: 1 | BC13: 0 | BD13: 0 | BE13: 1 | BF13: 2 | BG13: 1 | BH13: 0 | BI13: 0 | BJ13: Birdlike | BK13: 0 | BL13: 0 | BM13: 0
A14: Doglike (HYENA) | B14: 0 | C14: 1.25 | D14: 0 | E14: 1 | F14: 1 | G14: 0 | H14: =AVERAGE(21.6,12,10,13.1,30.5,38,15) -> 20.028571 | I14: =AVERAGE(0.54,1.5,1.5,0.86,0.24,0.54,0.85) -> 0.86142857 | J14: 1.09 | K14: =AVERAGE(0.13,0.106,0.134,0.129) -> 0.12475 | L14: 0 | M14: 0 | N14: Canid | O14: 0 | P14: 0 | Q14: No | R14: No | S14: No | T14: No | U14: No | V14: No | W14: No | X14: No | Y14: No | Z14: 0.8 | AA14: Teeth | AB14: canines | AC14: Bite | AD14: 0 | AE14: No | AF14: No | AG14: No | AH14: No | AI14: 1.2 | AJ14: Mammal | AK14: 0 | AL14: QuadrupedAnimalWithPawsAndTail | AM14: 1 | AN14: 0.1 | AO14: 0.3 | AP14: 1 | AQ14: 0 | AR14: Advanced | AS14: 1 | AT14: 0 | AU14: 0 | AV14: No | AW14: 0 | AX14: 0 | AY14: 0 | AZ14: 2 | BA14: 0 | BB14: 1 | BC14: 0 | BD14: 0 | BE14: 0 | BF14: 0 | BG14: 1 | BH14: 0.2 | BI14: 0.025 | BJ14: Quadruped | BK14: 0 | BL14: 0 | BM14: 0
A15: Doglike (CANID) | B15: 0 | C15: 1.25 | D15: 0 | E15: 1 | F15: 1 | G15: 0 | H15: =AVERAGE(21.6,12,10,13.1,30.5,38,15) -> 20.028571 | I15: =AVERAGE(0.54,1.5,1.5,0.86,0.24,0.54,0.85) -> 0.86142857 | J15: 1.09 | K15: =AVERAGE(0.13,0.106,0.134,0.129) -> 0.12475 | L15: 0 | M15: 0 | N15: Canid | O15: 0 | P15: 0 | Q15: No | R15: No | S15: No | T15: No | U15: No | V15: No | W15: No | X15: No | Y15: No | Z15: 0.8 | AA15: Teeth | AB15: canines | AC15: Bite | AD15: 0 | AE15: No | AF15: No | AG15: No | AH15: No | AI15: 1.2 | AJ15: Mammal | AK15: 0 | AL15: QuadrupedAnimalWithPawsAndTail | AM15: 1 | AN15: 0.1 | AO15: 0.3 | AP15: 1 | AQ15: 0 | AR15: Advanced | AS15: 1 | AT15: 0 | AU15: 0 | AV15: No | AW15: 0 | AX15: 0 | AY15: 0 | AZ15: 0 | BA15: 0 | BB15: 1 | BC15: 0 | BD15: 0 | BE15: 0 | BF15: 0 | BG15: 1 | BH15: 0.2 | BI15: 0.025 | BJ15: Quadruped | BK15: 0 | BL15: 0 | BM15: 0
A16: Crab | B16: 0 | C16: 1.5 | D16: 1 | E16: 1 | F16: 0 | G16: 0 | H16: 32 | I16: =H16/1000/13 -> 0.0024615385 | J16: 1.9 | K16: 0.32 | L16: 1 | M16: 1 | N16: No | O16: 1 | P16: 0 | Q16: No | R16: No | S16: No | T16: No | U16: No | V16: No | W16: No | X16: No | Y16: No | Z16: No | AA16: No | AB16: No | AC16: No | AD16: 1 | AE16: 1.2 | AF16: FrontLeftClaws, FrontRightClaws | AG16: left claw, right claw | AH16: Scratch | AI16: 1 | AJ16: Invertebrate | AK16: 0 | AL16: Crab | AM16: 0 | AN16: 0 | AO16: 0 | AP16: No | AQ16: 0 | AR16: None | AS16: 0 | AT16: 0 | AU16: 1 | AV16: No | AW16: 0 | AX16: 0 | AY16: 0 | AZ16: 1 | BA16: 0 | BB16: 0 | BC16: 1 | BD16: 0 | BE16: 0 | BF16: 1 | BG16: 0.25 | BH16: 0 | BI16: 0 | BJ16: QuadrupedLow | BK16: 0 | BL16: 0 | BM16: 0
A17: Crocodile | B17: 2 | C17: 1.1 | D17: 0 | E17: 1 | F17: 0 | G17: 0 | H17: =AVERAGE(65.2,57.2,43.4) -> 55.266667 | I17: =AVERAGE(31.29%,20.98%,15.21%) -> 0.22493333 | J17: 1.86 | K17: 0.2 | L17: 1 | M17: 0 | N17: Crocodile | O17: 0 | P17: 0 | Q17: No | R17: No | S17: No | T17: No | U17: No | V17: No | W17: No | X17: No | Y17: No | Z17: 0.95 | AA17: Teeth | AB17: teeth | AC17: Bite | AD17: 0 | AE17: No | AF17: No | AG17: No | AH17: No | AI17: 1.2 | AJ17: Reptile | AK17: 0 | AL17: QuadrupedAnimalWithClawsTailAndJowl | AM17: 0 | AN17: 0.1 | AO17: 0.3 | AP17: No | AQ17: 0 | AR17: None | AS17: 1 | AT17: 1 | AU17: 1 | AV17: No | AW17: 0 | AX17: 0 | AY17: 0 | AZ17: 2 | BA17: 0 | BB17: 0 | BC17: 1 | BD17: 0 | BE17: 0 | BF17: 1 | BG17: 0.25 | BH17: 0.1 | BI17: 0.025 | BJ17: QuadrupedLow | BK17: 0 | BL17: 0 | BM17: 0
A18: Elephant | B18: 2 | C18: 1 | D18: 0 | E18: 5 | F18: 0 | G18: 0 | H18: =AVERAGE(21.6,12,10,13.1,30.5,38,15) -> 20.028571 | I18: =AVERAGE(0.54,1.5,1.5,0.86,0.24,0.54,0.85) -> 0.86142857 | J18: 1.09 | K18: 0.08 | L18: 0 | M18: 0 | N18: No | O18: 0 | P18: 1 | Q18: 0.9 | R18: FrontLeftLeg, FrontRightLeg | S18: left foot, right foot | T18: Blunt | U18: 3 | V18: 0.7 | W18: TuskAttackTool | X18: tusk | Y18: Scratch | Z18: No | AA18: No | AB18: No | AC18: No | AD18: 0 | AE18: No | AF18: No | AG18: No | AH18: No | AI18: 1 | AJ18: Mammal | AK18: 1 | AL18: QuadrupedAnimalWithHoovesTusksAndTrunk | AM18: 0 | AN18: 0.025 | AO18: 0.3 | AP18: No | AQ18: 0 | AR18: Advanced | AS18: 0 | AT18: 0 | AU18: 0 | AV18: No | AW18: 0 | AX18: 0 | AY18: 0 | AZ18: 0 | BA18: 0 | BB18: 1 | BC18: 1 | BD18: 0 | BE18: 0 | BF18: 0 | BG18: 0.25 | BH18: 0.1 | BI18: 0.05 | BJ18: Quadruped | BK18: 0 | BL18: 0 | BM18: 0
A19: Catlike | B19: 2 | C19: 1.25 | D19: 0 | E19: 1 | F19: 1 | G19: 1 | H19: =AVERAGE(21.6,12,10,13.1,30.5,38,15) -> 20.028571 | I19: =AVERAGE(0.54,1.5,1.5,0.86,0.24,0.54,0.85) -> 0.86142857 | J19: 1.09 | K19: =AVERAGE(0.13,0.106,0.134,0.129) -> 0.12475 | L19: 0 | M19: 0 | N19: Felid | O19: 0 | P19: 0 | Q19: No | R19: No | S19: No | T19: No | U19: No | V19: No | W19: No | X19: No | Y19: No | Z19: 0.7 | AA19: Teeth | AB19: canines | AC19: Bite | AD19: 1 | AE19: 0.65 | AF19: FrontLeftPaw, FrontRightPaw | AG19: left claw, right claw | AH19: Scratch | AI19: 1.2 | AJ19: Mammal | AK19: 0 | AL19: QuadrupedAnimalWithPawsAndTail | AM19: 1 | AN19: 0.1 | AO19: 0.3 | AP19: 1 | AQ19: 0 | AR19: Intermediate | AS19: 1 | AT19: 0 | AU19: 0 | AV19: No | AW19: 0 | AX19: 0 | AY19: 0 | AZ19: 0 | BA19: 0 | BB19: 1 | BC19: 0 | BD19: 0 | BE19: 0 | BF19: 0 | BG19: 1.25 | BH19: 0.25 | BI19: 0.025 | BJ19: Quadruped | BK19: 0 | BL19: 0 | BM19: 0
A20: Catlike (PISCIVORE) | B20: 2 | C20: 1.25 | D20: 0 | E20: 1 | F20: 1 | G20: 1 | H20: =AVERAGE(21.6,12,10,13.1,30.5,38,15) -> 20.028571 | I20: =AVERAGE(0.54,1.5,1.5,0.86,0.24,0.54,0.85) -> 0.86142857 | J20: 1.09 | K20: =AVERAGE(0.13,0.106,0.134,0.129) -> 0.12475 | L20: 0 | M20: 0 | N20: Felid | O20: 0 | P20: 0 | Q20: No | R20: No | S20: No | T20: No | U20: No | V20: No | W20: No | X20: No | Y20: No | Z20: 0.7 | AA20: Teeth | AB20: canines | AC20: Bite | AD20: 1 | AE20: 0.65 | AF20: FrontLeftPaw, FrontRightPaw | AG20: left claw, right claw | AH20: Scratch | AI20: 1.2 | AJ20: Mammal | AK20: 0 | AL20: QuadrupedAnimalWithPawsAndTail | AM20: 1 | AN20: 0.1 | AO20: 0.3 | AP20: 1 | AQ20: 0 | AR20: Intermediate | AS20: 1 | AT20: 1 | AU20: 0 | AV20: No | AW20: 0 | AX20: 0 | AY20: 0 | AZ20: 0 | BA20: 0 | BB20: 1 | BC20: 0 | BD20: 0 | BE20: 0 | BF20: 0 | BG20: 1.25 | BH20: 0.25 | BI20: 0.025 | BJ20: Quadruped | BK20: 0 | BL20: 0 | BM20: 0
A21: Frog | B21: 0 | C21: 1 | D21: 1 | E21: 1 | F21: 0 | G21: 0 | H21: =AVERAGE(AVERAGE(14.84,16.45,15.67,11.41,11.56,11.45),11.5) -> 12.531667 | I21: =AVERAGE(63%,61.11%,59.19%,126.33%,114.23%,101.98%) -> 0.8764 | J21: 1.09 | K21: Unknown | L21: 0 | M21: 0 | N21: MiscEctotherms | O21: 1 | P21: 0 | Q21: No | R21: No | S21: No | T21: No | U21: No | V21: No | W21: No | X21: No | Y21: No | Z21: 1 | AA21: Teeth | AB21: teeth | AC21: Bite | AD21: 0 | AE21: No | AF21: No | AG21: No | AH21: No | AI21: 1 | AJ21: Amphibian | AK21: 0 | AL21: QuadrupedAnimalWithPaws | AM21: 0 | AN21: 0 | AO21: 0 | AP21: No | AQ21: 0 | AR21: None | AS21: 1 | AT21: 1 | AU21: 1 | AV21: No | AW21: 0 | AX21: 0 | AY21: 0 | AZ21: 0 | BA21: 1 | BB21: 0 | BC21: 0 | BD21: 0 | BE21: 0 | BF21: 0 | BG21: 0.5 | BH21: 0 | BI21: 0 | BJ21: QuadrupedLow | BK21: 0 | BL21: 0 | BM21: 0
A22: Camellike (LLAMA) | B22: 0 | C22: 0.7 | D22: 1 | E22: 5 | F22: 1 | G22: 0 | H22: =AVERAGE(21.6,12,10,13.1,30.5,38,15) -> 20.028571 | I22: =AVERAGE(0.54,1.5,1.5,0.86,0.24,0.54,0.85) -> 0.86142857 | J22: 1.09 | K22: Unknown | L22: 0 | M22: 0 | N22: StrongBitingHerbivore | O22: 0 | P22: 1 | Q22: 0.95 | R22: FrontLeftLeg, FrontRightLeg | S22: left hoof, right hoof | T22: Blunt | U22: No | V22: No | W22: No | X22: No | Y22: No | Z22: 1 | AA22: Teeth | AB22: teeth | AC22: Bite | AD22: 0 | AE22: No | AF22: No | AG22: No | AH22: No | AI22: 1 | AJ22: Mammal | AK22: 1 | AL22: QuadrupedAnimalWithHooves | AM22: 0 | AN22: 0 | AO22: 0 | AP22: No | AQ22: 0 | AR22: None | AS22: 0 | AT22: 0 | AU22: 0 | AV22: No | AW22: 0 | AX22: 0 | AY22: 0 | AZ22: 0 | BA22: 0 | BB22: 1 | BC22: 0 | BD22: 0 | BE22: 0 | BF22: 1 | BG22: 0.5 | BH22: 0 | BI22: 0 | BJ22: Quadruped | BK22: 0 | BL22: 0 | BM22: 0
A23: Camellike (CAMEL) | B23: 0 | C23: 0.7 | D23: 1 | E23: 5 | F23: 1 | G23: 0 | H23: =AVERAGE(21.6,12,10,13.1,30.5,38,15) -> 20.028571 | I23: =AVERAGE(0.54,1.5,1.5,0.86,0.24,0.54,0.85) -> 0.86142857 | J23: 1.09 | K23: Unknown | L23: 0 | M23: 0 | N23: StrongBitingHerbivore | O23: 0 | P23: 1 | Q23: 0.95 | R23: FrontLeftLeg, FrontRightLeg | S23: left hoof, right hoof | T23: Blunt | U23: No | V23: No | W23: No | X23: No | Y23: No | Z23: 1 | AA23: Teeth | AB23: teeth | AC23: Bite | AD23: 0 | AE23: No | AF23: No | AG23: No | AH23: No | AI23: 1 | AJ23: Mammal | AK23: 1 | AL23: QuadrupedAnimalWithHoovesAndHump | AM23: 0 | AN23: 0 | AO23: 0 | AP23: No | AQ23: 0 | AR23: None | AS23: 0 | AT23: 0 | AU23: 0 | AV23: No | AW23: 0 | AX23: 0 | AY23: 0 | AZ23: 0 | BA23: 0 | BB23: 1 | BC23: 0 | BD23: 0 | BE23: 0 | BF23: 1 | BG23: 0.5 | BH23: 0 | BI23: 0 | BJ23: Quadruped | BK23: 0 | BL23: 0 | BM23: 0
A24: Horse (WILD) | B24: 0 | C24: 1 | D24: 1 | E24: 5 | F24: 1 | G24: 0 | H24: =AVERAGE(21.6,12,10,13.1,30.5,38,15) -> 20.028571 | I24: =AVERAGE(0.54,1.5,1.5,0.86,0.24,0.54,0.85) -> 0.86142857 | J24: 1.09 | K24: Unknown | L24: 0 | M24: 0 | N24: StrongBitingHerbivore | O24: 0 | P24: 1 | Q24: 0.85 | R24: FrontLeftLeg, FrontRightLeg | S24: left hoof, right hoof | T24: Blunt | U24: No | V24: No | W24: No | X24: No | Y24: No | Z24: 1 | AA24: Teeth | AB24: teeth | AC24: Bite | AD24: 0 | AE24: No | AF24: No | AG24: No | AH24: No | AI24: 1 | AJ24: Mammal | AK24: 1 | AL24: QuadrupedAnimalWithHooves | AM24: 0 | AN24: 0 | AO24: 0 | AP24: 0.2 | AQ24: 0 | AR24: None | AS24: 0 | AT24: 0 | AU24: 0 | AV24: No | AW24: 0 | AX24: 0 | AY24: 0 | AZ24: 0 | BA24: 0 | BB24: 1 | BC24: 0 | BD24: 0 | BE24: 0 | BF24: 1 | BG24: 0.7 | BH24: 0 | BI24: 0 | BJ24: Quadruped | BK24: 0 | BL24: 0 | BM24: 0
A25: Horse | B25: 0 | C25: 0.7 | D25: 1 | E25: 5 | F25: 1 | G25: 0 | H25: =AVERAGE(21.6,12,10,13.1,30.5,38,15) -> 20.028571 | I25: =AVERAGE(0.54,1.5,1.5,0.86,0.24,0.54,0.85) -> 0.86142857 | J25: 1.09 | K25: Unknown | L25: 0 | M25: 0 | N25: StrongBitingHerbivore | O25: 0 | P25: 1 | Q25: 0.85 | R25: FrontLeftLeg, FrontRightLeg | S25: left hoof, right hoof | T25: Blunt | U25: No | V25: No | W25: No | X25: No | Y25: No | Z25: 1 | AA25: Teeth | AB25: teeth | AC25: Bite | AD25: 0 | AE25: No | AF25: No | AG25: No | AH25: No | AI25: 1 | AJ25: Mammal | AK25: 1 | AL25: QuadrupedAnimalWithHooves | AM25: 0 | AN25: 0 | AO25: 0 | AP25: 0.2 | AQ25: 0 | AR25: None | AS25: 0 | AT25: 0 | AU25: 0 | AV25: No | AW25: 0 | AX25: 0 | AY25: 0 | AZ25: 0 | BA25: 0 | BB25: 1 | BC25: 0 | BD25: 0 | BE25: 0 | BF25: 1 | BG25: 0.7 | BH25: 0 | BI25: 0 | BJ25: Quadruped | BK25: 0 | BL25: 0 | BM25: 0
A26: Lizard (IGUANA) | B26: 1 | C26: 1.3 | D26: 0 | E26: 1 | F26: 0 | G26: 0 | H26: 21 | I26: 0.85 | J26: 1.09 | K26: Unknown | L26: 0 | M26: 0 | N26: Lizard | O26: 0 | P26: 0 | Q26: No | R26: No | S26: No | T26: No | U26: No | V26: No | W26: No | X26: No | Y26: No | Z26: 0.9 | AA26: Teeth | AB26: teeth | AC26: Bite | AD26: 1 | AE26: 0.7 | AF26: FrontLeftClaws, FrontRightClaws | AG26: left claw, right claw | AH26: Scratch | AI26: 1.2 | AJ26: Reptile | AK26: 0 | AL26: QuadrupedAnimalWithClawsTailAndJowl | AM26: 0 | AN26: 0 | AO26: 0 | AP26: No | AQ26: 0 | AR26: None | AS26: 0 | AT26: 0 | AU26: 0 | AV26: No | AW26: 0 | AX26: 0 | AY26: 0 | AZ26: 0 | BA26: 0 | BB26: 0 | BC26: 0 | BD26: 0 | BE26: 0 | BF26: 0 | BG26: 0.5 | BH26: 0 | BI26: 0 | BJ26: QuadrupedLow | BK26: 0 | BL26: 0 | BM26: 0
A27: Lizard (MONITOR) | B27: 1 | C27: 1.3 | D27: 0 | E27: 1 | F27: 0 | G27: 0 | H27: 21 | I27: 0.85 | J27: 1.09 | K27: Unknown | L27: 0 | M27: 0 | N27: Lizard | O27: 0 | P27: 0 | Q27: No | R27: No | S27: No | T27: No | U27: No | V27: No | W27: No | X27: No | Y27: No | Z27: 0.85 | AA27: Teeth | AB27: teeth | AC27: ToxicBite | AD27: 1 | AE27: 0.7 | AF27: FrontLeftClaws, FrontRightClaws | AG27: left claw, right claw | AH27: Scratch | AI27: 1.2 | AJ27: Reptile | AK27: 0 | AL27: QuadrupedAnimalWithClawsTailAndJowl | AM27: 0 | AN27: 0.1 | AO27: 0.3 | AP27: No | AQ27: 0 | AR27: Intermediate | AS27: 1 | AT27: 0 | AU27: 0 | AV27: No | AW27: 0 | AX27: 0 | AY27: 0 | AZ27: 0 | BA27: 0 | BB27: 0 | BC27: 0 | BD27: 0 | BE27: 0 | BF27: 0 | BG27: 0.5 | BH27: 0.2 | BI27: 0.025 | BJ27: QuadrupedLow | BK27: 0 | BL27: 0 | BM27: 0
A28: Lizard (MONITOR, SCAVENGER) | B28: 1 | C28: 1.3 | D28: 0 | E28: 1 | F28: 0 | G28: 0 | H28: 21 | I28: 0.85 | J28: 1.09 | K28: Unknown | L28: 0 | M28: 0 | N28: Lizard | O28: 0 | P28: 0 | Q28: No | R28: No | S28: No | T28: No | U28: No | V28: No | W28: No | X28: No | Y28: No | Z28: 0.85 | AA28: Teeth | AB28: teeth | AC28: ToxicBite | AD28: 1 | AE28: 0.7 | AF28: FrontLeftClaws, FrontRightClaws | AG28: left claw, right claw | AH28: Scratch | AI28: 1.2 | AJ28: Reptile | AK28: 0 | AL28: QuadrupedAnimalWithClawsTailAndJowl | AM28: 0 | AN28: 0.1 | AO28: 0.3 | AP28: No | AQ28: 0 | AR28: Intermediate | AS28: 1 | AT28: 0 | AU28: 0 | AV28: No | AW28: 0 | AX28: 0 | AY28: 0 | AZ28: 1 | BA28: 0 | BB28: 0 | BC28: 0 | BD28: 0 | BE28: 0 | BF28: 0 | BG28: 0.5 | BH28: 0.2 | BI28: 0.025 | BJ28: QuadrupedLow | BK28: 0 | BL28: 0 | BM28: 0
A29: Marsupial (HERBIVOROUS) | B29: 1 | C29: 1.3 | D29: 0 | E29: 1 | F29: 0 | G29: 1 | H29: =AVERAGE(21.6,12,10,13.1,30.5,38,15) -> 20.028571 | I29: =AVERAGE(0.54,1.5,1.5,0.86,0.24,0.54,0.85) -> 0.86142857 | J29: 1.09 | K29: Unknown | L29: 0 | M29: 0 | N29: Rodent | O29: 0 | P29: 0 | Q29: No | R29: No | S29: No | T29: No | U29: No | V29: No | W29: No | X29: No | Y29: No | Z29: 0.95 | AA29: Teeth | AB29: teeth | AC29: Bite | AD29: 1 | AE29: 0.7 | AF29: FrontLeftPaw, FrontRightPaw | AG29: left claw, right claw | AH29: Scratch | AI29: 1 | AJ29: Mammal | AK29: 0 | AL29: QuadrupedAnimalWithPaws | AM29: 0 | AN29: 0 | AO29: 0 | AP29: No | AQ29: 0 | AR29: None | AS29: 0 | AT29: 0 | AU29: 0 | AV29: No | AW29: 0 | AX29: 0 | AY29: 0 | AZ29: 0 | BA29: 0 | BB29: 1 | BC29: 0 | BD29: 0 | BE29: 0 | BF29: 0 | BG29: 0.5 | BH29: 0 | BI29: 0 | BJ29: Quadruped | BK29: 0 | BL29: 0 | BM29: 0
A30: Marsupial (HERBIVOROUS, NO CLAWS) | B30: 1 | C30: 1 | D30: 0 | E30: 1 | F30: 0 | G30: 1 | H30: =AVERAGE(21.6,12,10,13.1,30.5,38,15) -> 20.028571 | I30: =AVERAGE(0.54,1.5,1.5,0.86,0.24,0.54,0.85) -> 0.86142857 | J30: 1.09 | K30: Unknown | L30: 0 | M30: 0 | N30: Rodent | O30: 0 | P30: 0 | Q30: No | R30: No | S30: No | T30: No | U30: No | V30: No | W30: No | X30: No | Y30: No | Z30: 0.95 | AA30: Teeth | AB30: teeth | AC30: Bite | AD30: 0 | AE30: No | AF30: No | AG30: No | AH30: No | AI30: 1 | AJ30: Mammal | AK30: 0 | AL30: QuadrupedAnimalWithPaws | AM30: 0 | AN30: 0 | AO30: 0 | AP30: No | AQ30: 0 | AR30: None | AS30: 0 | AT30: 0 | AU30: 0 | AV30: No | AW30: 0 | AX30: 0 | AY30: 0 | AZ30: 0 | BA30: 0 | BB30: 1 | BC30: 0 | BD30: 0 | BE30: 0 | BF30: 0 | BG30: 0.5 | BH30: 0 | BI30: 0 | BJ30: Quadruped | BK30: 0 | BL30: 0 | BM30: 0
A31: Marsupial (HERBIVOROUS, HOPPER) | B31: 1 | C31: 1.3 | D31: 1 | E31: 5 | F31: 0 | G31: 1 | H31: =AVERAGE(21.6,12,10,13.1,30.5,38,15) -> 20.028571 | I31: =AVERAGE(0.54,1.5,1.5,0.86,0.24,0.54,0.85) -> 0.86142857 | J31: 1.09 | K31: Unknown | L31: 0 | M31: 0 | N31: No | O31: 0 | P31: 1 | Q31: 1 | R31: RearLeftClaws, RearRightClaws | S31: left claw, rear right claw | T31: Scratch | U31: No | V31: No | W31: No | X31: No | Y31: No | Z31: No | AA31: No | AB31: No | AC31: No | AD31: 0 | AE31: No | AF31: No | AG31: No | AH31: No | AI31: 1 | AJ31: Mammal | AK31: 1 | AL31: BipedalAnimalWithPawsClawsAndTail | AM31: 0 | AN31: 0 | AO31: 0 | AP31: No | AQ31: 0 | AR31: None | AS31: 0 | AT31: 0 | AU31: 0 | AV31: No | AW31: 0 | AX31: 0 | AY31: 0 | AZ31: 0 | BA31: 0 | BB31: 1 | BC31: 0 | BD31: 0 | BE31: 1 | BF31: 0 | BG31: 0.7 | BH31: 0 | BI31: 0 | BJ31: Humanoid | BK31: 0 | BL31: 0 | BM31: 0
A32: MiscMammals | B32: 0 | C32: 1.2 | D32: 0 | E32: 1 | F32: 0 | G32: 0 | H32: =AVERAGE(21.6,12,10,13.1,30.5,38,15) -> 20.028571 | I32: =AVERAGE(0.54,1.5,1.5,0.86,0.24,0.54,0.85) -> 0.86142857 | J32: 1.09 | K32: Unknown | L32: 0 | M32: 0 | N32: MiscCarnivora | O32: 0 | P32: 0 | Q32: No | R32: No | S32: No | T32: No | U32: No | V32: No | W32: No | X32: No | Y32: No | Z32: 0.85 | AA32: Teeth | AB32: teeth | AC32: Bite | AD32: 0 | AE32: No | AF32: No | AG32: No | AH32: No | AI32: 1 | AJ32: Mammal | AK32: 0 | AL32: QuadrupedAnimalWithPaws | AM32: 0 | AN32: 0 | AO32: 0 | AP32: No | AQ32: 0 | AR32: None | AS32: 0 | AT32: 0 | AU32: 0 | AV32: No | AW32: 0 | AX32: 0 | AY32: 0 | AZ32: 0 | BA32: 0 | BB32: 1 | BC32: 0 | BD32: 0 | BE32: 0 | BF32: 0 | BG32: 0.7 | BH32: 0 | BI32: 0 | BJ32: Quadruped | BK32: 0 | BL32: 0 | BM32: 0
A33: ArmoredMammal | B33: 1 | C33: 1.2 | D33: 0 | E33: 1 | F33: 0 | G33: 0 | H33: =AVERAGE(65.5,108.7) -> 87.1 | I33: =AVERAGE(16.8%,11.9%) -> 0.1435 | J33: 0.96 | K33: 0.32 | L33: 1 | M33: 0 | N33: MiscCarnivora | O33: 0 | P33: 0 | Q33: No | R33: No | S33: No | T33: No | U33: No | V33: No | W33: No | X33: No | Y33: No | Z33: 0.85 | AA33: Teeth | AB33: teeth | AC33: Bite | AD33: 0 | AE33: No | AF33: No | AG33: No | AH33: No | AI33: 1 | AJ33: Mammal | AK33: 0 | AL33: QuadrupedAnimalWithPawsAndTail | AM33: 0 | AN33: 0 | AO33: 0 | AP33: No | AQ33: 0 | AR33: None | AS33: 0 | AT33: 0 | AU33: 0 | AV33: No | AW33: 0 | AX33: 0 | AY33: 0 | AZ33: 0 | BA33: 0 | BB33: 1 | BC33: 0 | BD33: 0 | BE33: 0 | BF33: 0 | BG33: 0.5 | BH33: 0 | BI33: 0 | BJ33: Quadruped | BK33: 0 | BL33: 0 | BM33: 0
A34: Kalisk | B34: 2 | C34: 2 | D34: 0 | E34: 1 | F34: 0 | G34: 0 | H34: 1000 | I34: 0.3 | J34: 1.3 | K34: Unknown | L34: 1 | M34: 0 | N34: MiscCarnivora | O34: 0 | P34: 0 | Q34: No | R34: No | S34: No | T34: No | U34: No | V34: No | W34: No | X34: No | Y34: No | Z34: 0.8 | AA34: Teeth | AB34: teeth | AC34: Bite | AD34: 1 | AE34: 0.65 | AF34: FrontLeftPaw, FrontRightPaw | AG34: left claw, right claw | AH34: Scratch | AI34: 1.5 | AJ34: Bird | AK34: 0 | AL34: QuadrupedAnimalWithPawsAndTail | AM34: 0 | AN34: 1 | AO34: 1 | AP34: No | AQ34: 0 | AR34: Advanced | AS34: 1 | AT34: 0 | AU34: 0 | AV34: No | AW34: 1 | AX34: 1 | AY34: 1 | AZ34: 0 | BA34: 0 | BB34: 1 | BC34: 0 | BD34: 0 | BE34: 0 | BF34: 0 | BG34: 1 | BH34: 0.25 | BI34: 0.05 | BJ34: Quadruped | BK34: 1 | BL34: 0 | BM34: 1
A35: Mustelid (NON-AQUATIC PISCIVORE) | B35: 1 | C35: 1.5 | D35: 0 | E35: 1 | F35: 1 | G35: 0 | H35: =AVERAGE(21.6,12,10,13.1,30.5,38,15) -> 20.028571 | I35: =AVERAGE(0.54,1.5,1.5,0.86,0.24,0.54,0.85) -> 0.86142857 | J35: 1.09 | K35: =AVERAGE(0.13,0.106,0.134,0.129) -> 0.12475 | L35: 0 | M35: 0 | N35: MiscCarnivora | O35: 0 | P35: 0 | Q35: No | R35: No | S35: No | T35: No | U35: No | V35: No | W35: No | X35: No | Y35: No | Z35: 0.8 | AA35: Teeth | AB35: canines | AC35: Bite | AD35: 1 | AE35: 0.65 | AF35: FrontLeftPaw, FrontRightPaw | AG35: left claw, right claw | AH35: Scratch | AI35: 1.2 | AJ35: Mammal | AK35: 0 | AL35: QuadrupedAnimalWithPawsAndTail | AM35: 1 | AN35: 0.1 | AO35: 0.3 | AP35: 0.5 | AQ35: 0 | AR35: Intermediate | AS35: 1 | AT35: 1 | AU35: 0 | AV35: No | AW35: 0 | AX35: 0 | AY35: 0 | AZ35: 0 | BA35: 0 | BB35: 1 | BC35: 0 | BD35: 0 | BE35: 0 | BF35: 0 | BG35: 1.1 | BH35: 0.2 | BI35: 0.025 | BJ35: QuadrupedLow | BK35: 0 | BL35: 0 | BM35: 0
A36: Mustelid (AQUATIC) | B36: 1 | C36: 1.5 | D36: 0 | E36: 1 | F36: 1 | G36: 0 | H36: =AVERAGE(21.6,12,10,13.1,30.5,38,15) -> 20.028571 | I36: =AVERAGE(0.54,1.5,1.5,0.86,0.24,0.54,0.85) -> 0.86142857 | J36: 1.09 | K36: =AVERAGE(0.13,0.106,0.134,0.129) -> 0.12475 | L36: 0 | M36: 0 | N36: MiscCarnivora | O36: 0 | P36: 0 | Q36: No | R36: No | S36: No | T36: No | U36: No | V36: No | W36: No | X36: No | Y36: No | Z36: 0.8 | AA36: Teeth | AB36: canines | AC36: Bite | AD36: 1 | AE36: 0.65 | AF36: FrontLeftPaw, FrontRightPaw | AG36: left claw, right claw | AH36: Scratch | AI36: 1.2 | AJ36: Mammal | AK36: 0 | AL36: QuadrupedAnimalWithPawsAndTail | AM36: 1 | AN36: 0.1 | AO36: 0.3 | AP36: 0.5 | AQ36: 0 | AR36: Intermediate | AS36: 1 | AT36: 1 | AU36: 1 | AV36: No | AW36: 0 | AX36: 0 | AY36: 0 | AZ36: 0 | BA36: 0 | BB36: 1 | BC36: 0 | BD36: 0 | BE36: 0 | BF36: 0 | BG36: 1.1 | BH36: 0.2 | BI36: 0.025 | BJ36: QuadrupedLow | BK36: 0 | BL36: 0 | BM36: 0
A37: Mustelid (SCAVENGER) | B37: 1 | C37: 1.5 | D37: 0 | E37: 1 | F37: 1 | G37: 0 | H37: =AVERAGE(21.6,12,10,13.1,30.5,38,15) -> 20.028571 | I37: =AVERAGE(0.54,1.5,1.5,0.86,0.24,0.54,0.85) -> 0.86142857 | J37: 1.09 | K37: =AVERAGE(0.13,0.106,0.134,0.129) -> 0.12475 | L37: 0 | M37: 0 | N37: MiscCarnivora | O37: 0 | P37: 0 | Q37: No | R37: No | S37: No | T37: No | U37: No | V37: No | W37: No | X37: No | Y37: No | Z37: 0.8 | AA37: Teeth | AB37: canines | AC37: Bite | AD37: 1 | AE37: 0.65 | AF37: FrontLeftPaw, FrontRightPaw | AG37: left claw, right claw | AH37: Scratch | AI37: 1.2 | AJ37: Mammal | AK37: 0 | AL37: QuadrupedAnimalWithPawsAndTail | AM37: 1 | AN37: 0.1 | AO37: 0.3 | AP37: 0.5 | AQ37: 0 | AR37: Intermediate | AS37: 1 | AT37: 0 | AU37: 0 | AV37: No | AW37: 0 | AX37: 0 | AY37: 0 | AZ37: 2 | BA37: 0 | BB37: 1 | BC37: 0 | BD37: 0 | BE37: 0 | BF37: 0 | BG37: 1.1 | BH37: 0.2 | BI37: 0.025 | BJ37: QuadrupedLow | BK37: 0 | BL37: 0 | BM37: 0
A38: Mustelid | B38: 1 | C38: 1.5 | D38: 0 | E38: 1 | F38: 1 | G38: 0 | H38: =AVERAGE(21.6,12,10,13.1,30.5,38,15) -> 20.028571 | I38: =AVERAGE(0.54,1.5,1.5,0.86,0.24,0.54,0.85) -> 0.86142857 | J38: 1.09 | K38: =AVERAGE(0.13,0.106,0.134,0.129) -> 0.12475 | L38: 0 | M38: 0 | N38: MiscCarnivora | O38: 0 | P38: 0 | Q38: No | R38: No | S38: No | T38: No | U38: No | V38: No | W38: No | X38: No | Y38: No | Z38: 0.8 | AA38: Teeth | AB38: canines | AC38: Bite | AD38: 1 | AE38: 0.65 | AF38: FrontLeftPaw, FrontRightPaw | AG38: left claw, right claw | AH38: Scratch | AI38: 1.2 | AJ38: Mammal | AK38: 0 | AL38: QuadrupedAnimalWithPawsAndTail | AM38: 1 | AN38: 0.1 | AO38: 0.3 | AP38: 0.5 | AQ38: 0 | AR38: Intermediate | AS38: 1 | AT38: 0 | AU38: 0 | AV38: No | AW38: 0 | AX38: 0 | AY38: 0 | AZ38: 0 | BA38: 0 | BB38: 1 | BC38: 0 | BD38: 0 | BE38: 0 | BF38: 0 | BG38: 1.1 | BH38: 0.2 | BI38: 0.025 | BJ38: QuadrupedLow | BK38: 0 | BL38: 0 | BM38: 0
A39: Pig | B39: 0 | C39: 1 | D39: 1 | E39: 5 | F39: 0 | G39: 0 | H39: =AVERAGE(21.6,12,10,13.1,30.5,38,15) -> 20.028571 | I39: =AVERAGE(0.54,1.5,1.5,0.86,0.24,0.54,0.85) -> 0.86142857 | J39: 1.09 | K39: Unknown | L39: 0 | M39: 0 | N39: Pig | O39: 0 | P39: 0 | Q39: No | R39: No | S39: No | T39: No | U39: No | V39: No | W39: No | X39: No | Y39: No | Z39: 1.1 | AA39: Teeth | AB39: teeth | AC39: Bite | AD39: 0 | AE39: No | AF39: No | AG39: No | AH39: No | AI39: 1 | AJ39: Mammal | AK39: 0 | AL39: QuadrupedAnimalWithHooves | AM39: 0 | AN39: 0 | AO39: 0 | AP39: No | AQ39: 1 | AR39: None | AS39: 0 | AT39: 0 | AU39: 0 | AV39: No | AW39: 0 | AX39: 0 | AY39: 0 | AZ39: 2 | BA39: 0 | BB39: 1 | BC39: 0 | BD39: 0 | BE39: 0 | BF39: 1 | BG39: 0.5 | BH39: 0 | BI39: 0 | BJ39: Quadruped | BK39: 0 | BL39: 0 | BM39: 0
A40: Pig (TUSKS) | B40: 0 | C40: 1 | D40: 1 | E40: 5 | F40: 0 | G40: 0 | H40: =AVERAGE(21.6,12,10,13.1,30.5,38,15) -> 20.028571 | I40: =AVERAGE(0.54,1.5,1.5,0.86,0.24,0.54,0.85) -> 0.86142857 | J40: 1.09 | K40: Unknown | L40: 0 | M40: 0 | N40: Pig | O40: 0 | P40: 0 | Q40: No | R40: No | S40: No | T40: No | U40: 1 | V40: 0.8 | W40: TuskAttackTool | X40: tusk | Y40: Scratch | Z40: 0.95 | AA40: Teeth | AB40: teeth | AC40: Bite | AD40: 0 | AE40: No | AF40: No | AG40: No | AH40: No | AI40: 1 | AJ40: Mammal | AK40: 0 | AL40: QuadrupedAnimalWithHoovesAndTusks | AM40: 0 | AN40: 0.025 | AO40: 0.1 | AP40: No | AQ40: 1 | AR40: None | AS40: 0 | AT40: 0 | AU40: 0 | AV40: No | AW40: 0 | AX40: 0 | AY40: 0 | AZ40: 2 | BA40: 0 | BB40: 1 | BC40: 0 | BD40: 0 | BE40: 0 | BF40: 0 | BG40: 0.5 | BH40: 0.1 | BI40: 0.025 | BJ40: Quadruped | BK40: 0 | BL40: 0 | BM40: 0
A41: Hippopotamus | B41: 0 | C41: 1 | D41: 1 | E41: 5 | F41: 0 | G41: 0 | H41: =AVERAGE(21.6,12,10,13.1,30.5,38,15) -> 20.028571 | I41: =AVERAGE(0.54,1.5,1.5,0.86,0.24,0.54,0.85) -> 0.86142857 | J41: 1.09 | K41: 0.18 | L41: 0 | M41: 0 | N41: Pig | O41: 0 | P41: 0 | Q41: No | R41: No | S41: No | T41: No | U41: No | V41: No | W41: No | X41: No | Y41: No | Z41: 0.85 | AA41: Teeth | AB41: teeth | AC41: Bite | AD41: 0 | AE41: No | AF41: No | AG41: No | AH41: No | AI41: 1.2 | AJ41: Mammal | AK41: 0 | AL41: QuadrupedAnimalWithHooves | AM41: 0 | AN41: 0.1 | AO41: 0.3 | AP41: No | AQ41: 0 | AR41: None | AS41: 0 | AT41: 0 | AU41: 1 | AV41: No | AW41: 0 | AX41: 0 | AY41: 0 | AZ41: 0 | BA41: 0 | BB41: 1 | BC41: 0 | BD41: 0 | BE41: 0 | BF41: 1 | BG41: 0.25 | BH41: 0.1 | BI41: 0.025 | BJ41: Quadruped | BK41: 0 | BL41: 0 | BM41: 0
A42: Pinniped (TUSKS) | B42: 0 | C42: 1 | D42: 0 | E42: 1 | F42: 0 | G42: 0 | H42: =AVERAGE(21.6,12,10,13.1,30.5,38,15) -> 20.028571 | I42: =AVERAGE(0.54,1.5,1.5,0.86,0.24,0.54,0.85) -> 0.86142857 | J42: 1.09 | K42: =AVERAGE(0.13,0.106,0.134,0.129) -> 0.12475 | L42: 0 | M42: 0 | N42: No | O42: 0 | P42: 0 | Q42: No | R42: No | S42: No | T42: No | U42: 3 | V42: 0.75 | W42: TuskAttackTool | X42: tusk | Y42: Scratch | Z42: No | AA42: No | AB42: No | AC42: No | AD42: 0 | AE42: No | AF42: No | AG42: No | AH42: No | AI42: 1.2 | AJ42: Mammal | AK42: 0 | AL42: PinnipedWithTusks | AM42: 0 | AN42: 0.025 | AO42: 0.1 | AP42: No | AQ42: 0 | AR42: Intermediate | AS42: 0 | AT42: 1 | AU42: 1 | AV42: No | AW42: 0 | AX42: 0 | AY42: 0 | AZ42: 0 | BA42: 0 | BB42: 1 | BC42: 0 | BD42: 0 | BE42: 0 | BF42: 1 | BG42: 0.7 | BH42: 0.1 | BI42: 0.025 | BJ42: QuadrupedLow | BK42: 0 | BL42: 0 | BM42: 0
A43: Pinniped | B43: 0 | C43: 1 | D43: 0 | E43: 1 | F43: 0 | G43: 0 | H43: =AVERAGE(21.6,12,10,13.1,30.5,38,15) -> 20.028571 | I43: =AVERAGE(0.54,1.5,1.5,0.86,0.24,0.54,0.85) -> 0.86142857 | J43: 1.09 | K43: =AVERAGE(0.13,0.106,0.134,0.129) -> 0.12475 | L43: 0 | M43: 0 | N43: MiscCarnivora | O43: 0 | P43: 0 | Q43: No | R43: No | S43: No | T43: No | U43: No | V43: No | W43: No | X43: No | Y43: No | Z43: 0.85 | AA43: Teeth | AB43: canines | AC43: Bite | AD43: 0 | AE43: No | AF43: No | AG43: No | AH43: No | AI43: 1.2 | AJ43: Mammal | AK43: 0 | AL43: Pinniped | AM43: 1 | AN43: 0.025 | AO43: 0.1 | AP43: 0.5 | AQ43: 0 | AR43: Intermediate | AS43: 1 | AT43: 1 | AU43: 1 | AV43: No | AW43: 0 | AX43: 0 | AY43: 0 | AZ43: 0 | BA43: 0 | BB43: 1 | BC43: 0 | BD43: 0 | BE43: 0 | BF43: 0 | BG43: 0.7 | BH43: 0.1 | BI43: 0.025 | BJ43: QuadrupedLow | BK43: 0 | BL43: 0 | BM43: 0
A44: Platypus | B44: 2 | C44: 1.5 | D44: 0 | E44: 1 | F44: 0 | G44: 0 | H44: =AVERAGE(21.6,12,10,13.1,30.5,38,15) -> 20.028571 | I44: =AVERAGE(0.54,1.5,1.5,0.86,0.24,0.54,0.85) -> 0.86142857 | J44: 1.09 | K44: Unknown | L44: 0 | M44: 0 | N44: Bird | O44: 1 | P44: 1 | Q44: 0.9 | R44: RearLeftSpur, RearRightSpur | S44: left spur, right spur | T44: ScratchToxic | U44: No | V44: No | W44: No | X44: No | Y44: No | Z44: 0.9 | AA44: Teeth | AB44: beak | AC44: Bite | AD44: 0 | AE44: No | AF44: No | AG44: No | AH44: No | AI44: 1 | AJ44: Monotremata | AK44: 0 | AL44: QuadrupedAnimalWithPawsAndTailAndSpur | AM44: 0 | AN44: 0 | AO44: 0 | AP44: No | AQ44: 0 | AR44: None | AS44: 0 | AT44: 1 | AU44: 1 | AV44: No | AW44: 0 | AX44: 0 | AY44: 0 | AZ44: 0 | BA44: 0 | BB44: 1 | BC44: 0 | BD44: 0 | BE44: 0 | BF44: 2 | BG44: 0.5 | BH44: 0 | BI44: 0 | BJ44: QuadrupedLow | BK44: 0 | BL44: 0 | BM44: 0
A45: Ape | B45: 2 | C45: 1.3 | D45: 0 | E45: 1 | F45: 0 | G45: 0 | H45: =AVERAGE(21.6,12,10,13.1,30.5,38,15) -> 20.028571 | I45: =AVERAGE(0.54,1.5,1.5,0.86,0.24,0.54,0.85) -> 0.86142857 | J45: 1.09 | K45: Unknown | L45: 0 | M45: 0 | N45: Primate | O45: 0 | P45: 0 | Q45: No | R45: No | S45: No | T45: No | U45: No | V45: No | W45: No | X45: No | Y45: No | Z45: 0.85 | AA45: Teeth | AB45: canines | AC45: Bite | AD45: 1 | AE45: 0.65 | AF45: LeftHand, RightHand | AG45: left fist, right fist | AH45: Blunt | AI45: 1 | AJ45: Mammal | AK45: 0 | AL45: Ape | AM45: 2 | AN45: 0.025 | AO45: 0.1 | AP45: No | AQ45: 0 | AR45: Advanced | AS45: 0 | AT45: 0 | AU45: 0 | AV45: No | AW45: 0 | AX45: 0 | AY45: 0 | AZ45: 0 | BA45: 0 | BB45: 1 | BC45: 0 | BD45: 0 | BE45: 0 | BF45: 0 | BG45: 1 | BH45: 0.1 | BI45: 0.05 | BJ45: HumanoidWide | BK45: 0 | BL45: 0 | BM45: 0
A46: Monkey | B46: 2 | C46: 1.3 | D46: 0 | E46: 1 | F46: 0 | G46: 0 | H46: =AVERAGE(21.6,12,10,13.1,30.5,38,15) -> 20.028571 | I46: =AVERAGE(0.54,1.5,1.5,0.86,0.24,0.54,0.85) -> 0.86142857 | J46: 1.09 | K46: Unknown | L46: 0 | M46: 0 | N46: Primate | O46: 0 | P46: 0 | Q46: No | R46: No | S46: No | T46: No | U46: No | V46: No | W46: No | X46: No | Y46: No | Z46: 0.85 | AA46: Teeth | AB46: canines | AC46: Bite | AD46: 1 | AE46: 0.65 | AF46: LeftHand, RightHand | AG46: left fist, right fist | AH46: Blunt | AI46: 1 | AJ46: Mammal | AK46: 0 | AL46: Monkey | AM46: 2 | AN46: 0.025 | AO46: 0.1 | AP46: 0.5 | AQ46: 0 | AR46: Advanced | AS46: 0 | AT46: 0 | AU46: 0 | AV46: No | AW46: 0 | AX46: 0 | AY46: 0 | AZ46: 0 | BA46: 0 | BB46: 1 | BC46: 0 | BD46: 0 | BE46: 0 | BF46: 0 | BG46: 1 | BH46: 0.1 | BI46: 0.05 | BJ46: Quadruped | BK46: 0 | BL46: 0 | BM46: 0
A47: Rhinoceros | B47: 2 | C47: 1 | D47: 1 | E47: 5 | F47: 0 | G47: 0 | H47: =30.5 -> 30.5 | I47: =0.24 -> 0.24 | J47: 1.09 | K47: Unknown | L47: 1 | M47: 0 | N47: StrongBitingHerbivore | O47: 0 | P47: 0 | Q47: No | R47: No | S47: No | T47: No | U47: 2 | V47: 0.7 | W47: HeadAttackTool | X47: horn | Y47: Scratch | Z47: 1 | AA47: Teeth | AB47: teeth | AC47: Bite | AD47: 0 | AE47: No | AF47: No | AG47: No | AH47: No | AI47: 1.2 | AJ47: Mammal | AK47: 0 | AL47: QuadrupedAnimalWithHoovesAndHorn | AM47: 0 | AN47: 0.1 | AO47: 0.3 | AP47: No | AQ47: 0 | AR47: None | AS47: 0 | AT47: 0 | AU47: 0 | AV47: No | AW47: 0 | AX47: 0 | AY47: 0 | AZ47: 0 | BA47: 0 | BB47: 1 | BC47: 0 | BD47: 0 | BE47: 0 | BF47: 0 | BG47: 0.5 | BH47: 0.15 | BI47: 0.025 | BJ47: Quadruped | BK47: 0 | BL47: 0 | BM47: 0
A48: Rodent (TAILLESS, AQUATIC) | B48: 1 | C48: 1.25 | D48: 0 | E48: 1 | F48: 0 | G48: 0 | H48: =AVERAGE(21.6,12,10,13.1,30.5,38,15) -> 20.028571 | I48: =AVERAGE(0.54,1.5,1.5,0.86,0.24,0.54,0.85) -> 0.86142857 | J48: 1.09 | K48: Unknown | L48: 0 | M48: 0 | N48: Rodent | O48: 0 | P48: 0 | Q48: No | R48: No | S48: No | T48: No | U48: No | V48: No | W48: No | X48: No | Y48: No | Z48: 0.95 | AA48: Teeth | AB48: Incisors | AC48: Bite | AD48: 0 | AE48: No | AF48: No | AG48: No | AH48: No | AI48: 1 | AJ48: Mammal | AK48: 0 | AL48: QuadrupedAnimalWithPaws | AM48: 0 | AN48: 0 | AO48: 0 | AP48: 0.5 | AQ48: 0 | AR48: None | AS48: 0 | AT48: 0 | AU48: 1 | AV48: No | AW48: 0 | AX48: 0 | AY48: 0 | AZ48: 0 | BA48: 0 | BB48: 1 | BC48: 0 | BD48: 0 | BE48: 0 | BF48: 0 | BG48: 0.7 | BH48: 0 | BI48: 0 | BJ48: Quadruped | BK48: 0 | BL48: 0 | BM48: 0
A49: Rodent (TAILLESS) | B49: 0 | C49: 1.25 | D49: 0 | E49: 1 | F49: 0 | G49: 0 | H49: =AVERAGE(21.6,12,10,13.1,30.5,38,15) -> 20.028571 | I49: =AVERAGE(0.54,1.5,1.5,0.86,0.24,0.54,0.85) -> 0.86142857 | J49: 1.09 | K49: Unknown | L49: 0 | M49: 0 | N49: Rodent | O49: 0 | P49: 0 | Q49: No | R49: No | S49: No | T49: No | U49: No | V49: No | W49: No | X49: No | Y49: No | Z49: 1 | AA49: Teeth | AB49: Incisors | AC49: Bite | AD49: 0 | AE49: No | AF49: No | AG49: No | AH49: No | AI49: 1 | AJ49: Mammal | AK49: 0 | AL49: QuadrupedAnimalWithPaws | AM49: 0 | AN49: 0 | AO49: 0 | AP49: 0.5 | AQ49: 1 | AR49: None | AS49: 0 | AT49: 0 | AU49: 0 | AV49: No | AW49: 0 | AX49: 0 | AY49: 0 | AZ49: 0 | BA49: 0 | BB49: 1 | BC49: 0 | BD49: 0 | BE49: 0 | BF49: 0 | BG49: 0.7 | BH49: 0 | BI49: 0 | BJ49: QuadrupedLow | BK49: 0 | BL49: 0 | BM49: 0
A50: Rodent (SCAVENGER) | B50: 0 | C50: 1.25 | D50: 0 | E50: 1 | F50: 0 | G50: 0 | H50: =AVERAGE(21.6,12,10,13.1,30.5,38,15) -> 20.028571 | I50: =AVERAGE(0.54,1.5,1.5,0.86,0.24,0.54,0.85) -> 0.86142857 | J50: 1.09 | K50: Unknown | L50: 0 | M50: 0 | N50: Rodent | O50: 0 | P50: 0 | Q50: No | R50: No | S50: No | T50: No | U50: No | V50: No | W50: No | X50: No | Y50: No | Z50: 0.9 | AA50: Teeth | AB50: Incisors | AC50: Bite | AD50: 0 | AE50: No | AF50: No | AG50: No | AH50: No | AI50: 1 | AJ50: Mammal | AK50: 0 | AL50: QuadrupedAnimalWithPawsAndTail | AM50: 0 | AN50: 0 | AO50: 0 | AP50: 0.5 | AQ50: 1 | AR50: Intermediate | AS50: 0 | AT50: 0 | AU50: 0 | AV50: No | AW50: 0 | AX50: 0 | AY50: 0 | AZ50: 2 | BA50: 0 | BB50: 1 | BC50: 0 | BD50: 0 | BE50: 0 | BF50: 0 | BG50: 0.7 | BH50: 0.1 | BI50: 0.025 | BJ50: QuadrupedLow | BK50: 0 | BL50: 0 | BM50: 0
A51: Rodent | B51: 0 | C51: 1.25 | D51: 0 | E51: 1 | F51: 0 | G51: 0 | H51: =AVERAGE(21.6,12,10,13.1,30.5,38,15) -> 20.028571 | I51: =AVERAGE(0.54,1.5,1.5,0.86,0.24,0.54,0.85) -> 0.86142857 | J51: 1.09 | K51: Unknown | L51: 0 | M51: 0 | N51: Rodent | O51: 0 | P51: 0 | Q51: No | R51: No | S51: No | T51: No | U51: No | V51: No | W51: No | X51: No | Y51: No | Z51: 0.95 | AA51: Teeth | AB51: Incisors | AC51: Bite | AD51: 0 | AE51: No | AF51: No | AG51: No | AH51: No | AI51: 1 | AJ51: Mammal | AK51: 0 | AL51: QuadrupedAnimalWithPawsAndTail | AM51: 0 | AN51: 0 | AO51: 0 | AP51: 0.5 | AQ51: 1 | AR51: None | AS51: 0 | AT51: 0 | AU51: 0 | AV51: No | AW51: 0 | AX51: 0 | AY51: 0 | AZ51: 0 | BA51: 0 | BB51: 1 | BC51: 0 | BD51: 0 | BE51: 0 | BF51: 0 | BG51: 0.7 | BH51: 0 | BI51: 0 | BJ51: QuadrupedLow | BK51: 0 | BL51: 0 | BM51: 0
A52: Ruminant (HORNS) | B52: 0 | C52: 0.85 | D52: 1 | E52: 5 | F52: 1 | G52: 0 | H52: =AVERAGE(21.6,12,10,13.1,30.5,38,15) -> 20.028571 | I52: =AVERAGE(0.54,1.5,1.5,0.86,0.24,0.54,0.85) -> 0.86142857 | J52: 1.09 | K52: Unknown | L52: 0 | M52: 0 | N52: No | O52: 0 | P52: 1 | Q52: 1 | R52: FrontLeftLeg, FrontRightLeg | S52: left hoof, right hoof | T52: Blunt | U52: 3 | V52: 0.85 | W52: HeadAttackTool | X52: horn | Y52: Scratch | Z52: No | AA52: No | AB52: No | AC52: No | AD52: 0 | AE52: No | AF52: No | AG52: No | AH52: No | AI52: 1 | AJ52: Mammal | AK52: 1 | AL52: QuadrupedAnimalWithHooves | AM52: 0 | AN52: 0.025 | AO52: 0.1 | AP52: No | AQ52: 0 | AR52: None | AS52: 0 | AT52: 0 | AU52: 0 | AV52: No | AW52: 0 | AX52: 0 | AY52: 0 | AZ52: 0 | BA52: 0 | BB52: 1 | BC52: 0 | BD52: 0 | BE52: 0 | BF52: 1 | BG52: 0.5 | BH52: 0 | BI52: 0 | BJ52: Quadruped | BK52: 0 | BL52: 0 | BM52: 0
A53: Ruminant (HORNS, GENTLE) | B53: 0 | C53: 0.85 | D53: 1 | E53: 5 | F53: 1 | G53: 0 | H53: =AVERAGE(21.6,12,10,13.1,30.5,38,15) -> 20.028571 | I53: =AVERAGE(0.54,1.5,1.5,0.86,0.24,0.54,0.85) -> 0.86142857 | J53: 1.09 | K53: Unknown | L53: 0 | M53: 0 | N53: No | O53: 0 | P53: 1 | Q53: 1 | R53: FrontLeftLeg, FrontRightLeg | S53: left hoof, right hoof | T53: Blunt | U53: 3 | V53: 0.85 | W53: HeadAttackTool | X53: horn | Y53: Scratch | Z53: No | AA53: No | AB53: No | AC53: No | AD53: 0 | AE53: No | AF53: No | AG53: No | AH53: No | AI53: 1 | AJ53: Mammal | AK53: 1 | AL53: QuadrupedAnimalWithHooves | AM53: 0 | AN53: 0 | AO53: 0 | AP53: No | AQ53: 0 | AR53: None | AS53: 0 | AT53: 0 | AU53: 0 | AV53: No | AW53: 0 | AX53: 0 | AY53: 0 | AZ53: 0 | BA53: 0 | BB53: 1 | BC53: 0 | BD53: 0 | BE53: 0 | BF53: 1 | BG53: 0.5 | BH53: 0 | BI53: 0 | BJ53: Quadruped | BK53: 0 | BL53: 0 | BM53: 0
A54: Ruminant (BLUNT HORNS) | B54: 0 | C54: 0.85 | D54: 1 | E54: 5 | F54: 1 | G54: 0 | H54: =AVERAGE(21.6,12,10,13.1,30.5,38,15) -> 20.028571 | I54: =AVERAGE(0.54,1.5,1.5,0.86,0.24,0.54,0.85) -> 0.86142857 | J54: 1.09 | K54: Unknown | L54: 0 | M54: 0 | N54: No | O54: 0 | P54: 1 | Q54: 1 | R54: FrontLeftLeg, FrontRightLeg | S54: left hoof, right hoof | T54: Blunt | U54: 3 | V54: 0.85 | W54: HeadAttackTool | X54: horn | Y54: Blunt | Z54: No | AA54: No | AB54: No | AC54: No | AD54: 0 | AE54: No | AF54: No | AG54: No | AH54: No | AI54: 1 | AJ54: Mammal | AK54: 1 | AL54: QuadrupedAnimalWithHooves | AM54: 0 | AN54: 0 | AO54: 0 | AP54: No | AQ54: 0 | AR54: None | AS54: 0 | AT54: 0 | AU54: 0 | AV54: No | AW54: 0 | AX54: 0 | AY54: 0 | AZ54: 0 | BA54: 0 | BB54: 1 | BC54: 0 | BD54: 1 | BE54: 0 | BF54: 1 | BG54: 0.5 | BH54: 0 | BI54: 0 | BJ54: Quadruped | BK54: 0 | BL54: 0 | BM54: 0
A55: Ruminant (ANTLERS) | B55: 0 | C55: 0.85 | D55: 1 | E55: 5 | F55: 1 | G55: 0 | H55: =AVERAGE(21.6,12,10,13.1,30.5,38,15) -> 20.028571 | I55: =AVERAGE(0.54,1.5,1.5,0.86,0.24,0.54,0.85) -> 0.86142857 | J55: 1.09 | K55: Unknown | L55: 0 | M55: 0 | N55: No | O55: 0 | P55: 1 | Q55: 1 | R55: FrontLeftLeg, FrontRightLeg | S55: left hoof, right hoof | T55: Blunt | U55: 3 | V55: 0.85 | W55: HeadAttackTool | X55: antler | Y55: Scratch | Z55: No | AA55: No | AB55: No | AC55: No | AD55: 0 | AE55: No | AF55: No | AG55: No | AH55: No | AI55: 1 | AJ55: Mammal | AK55: 1 | AL55: QuadrupedAnimalWithHooves | AM55: 0 | AN55: 0 | AO55: 0 | AP55: No | AQ55: 0 | AR55: None | AS55: 0 | AT55: 0 | AU55: 0 | AV55: No | AW55: 0 | AX55: 0 | AY55: 0 | AZ55: 0 | BA55: 0 | BB55: 1 | BC55: 0 | BD55: 0 | BE55: 0 | BF55: 1 | BG55: 0.5 | BH55: 0 | BI55: 0 | BJ55: Quadruped | BK55: 0 | BL55: 0 | BM55: 0
A56: Giraffe | B56: 1 | C56: 0.85 | D56: 1 | E56: 5 | F56: 1 | G56: 0 | H56: =AVERAGE(21.6,12,10,13.1,30.5,38,15) -> 20.028571 | I56: =AVERAGE(0.54,1.5,1.5,0.86,0.24,0.54,0.85) -> 0.86142857 | J56: 1.09 | K56: Unknown | L56: 0 | M56: 0 | N56: No | O56: 0 | P56: 1 | Q56: 1 | R56: FrontLeftLeg, FrontRightLeg | S56: left hoof, right hoof | T56: Blunt | U56: No | V56: No | W56: No | X56: No | Y56: No | Z56: No | AA56: No | AB56: No | AC56: No | AD56: 0 | AE56: No | AF56: No | AG56: No | AH56: No | AI56: 1 | AJ56: Mammal | AK56: 1 | AL56: QuadrupedAnimalWithHooves | AM56: 0 | AN56: 0 | AO56: 0 | AP56: No | AQ56: 0 | AR56: None | AS56: 0 | AT56: 0 | AU56: 0 | AV56: No | AW56: 0 | AX56: 0 | AY56: 0 | AZ56: 0 | BA56: 0 | BB56: 1 | BC56: 0 | BD56: 0 | BE56: 0 | BF56: 1 | BG56: 0.5 | BH56: 0 | BI56: 0 | BJ56: QuadrupedTall | BK56: 0 | BL56: 0 | BM56: 0
A57: GroundSloth | B57: 1 | C57: 1 | D57: 0 | E57: 5 | F57: 0 | G57: 0 | H57: =AVERAGE(65.2,57.2,43.4) -> 55.266667 | I57: =AVERAGE(31.29%,20.98%,15.21%) -> 0.22493333 | J57: 1.86 | K57: Unknown | L57: 1 | M57: 0 | N57: StrongBitingHerbivore | O57: 0 | P57: 0 | Q57: No | R57: No | S57: No | T57: No | U57: No | V57: No | W57: No | X57: No | Y57: No | Z57: 0.85 | AA57: Teeth | AB57: teeth | AC57: Bite | AD57: 1 | AE57: 0.65 | AF57: FrontLeftPaw, FrontRightPaw | AG57: left claw, right claw | AH57: Scratch | AI57: 1.2 | AJ57: Mammal | AK57: 0 | AL57: QuadrupedAnimalWithPawsAndTail | AM57: 0 | AN57: 0.05 | AO57: 0.3 | AP57: No | AQ57: 0 | AR57: Intermediate | AS57: 0 | AT57: 0 | AU57: 0 | AV57: No | AW57: 0 | AX57: 0 | AY57: 0 | AZ57: 0 | BA57: 0 | BB57: 1 | BC57: 1 | BD57: 0 | BE57: 0 | BF57: 1 | BG57: 0.25 | BH57: 0.1 | BI57: 0.025 | BJ57: Quadruped | BK57: 0 | BL57: 0 | BM57: 0
A58: Snail | B58: 0 | C58: 1 | D58: 0 | E58: 11 | F58: 0 | G58: 0 | H58: 267 | I58: =H58/1000/54 -> 0.0049444444 | J58: 2.7 | K58: 0.32 | L58: 1 | M58: 0 | N58: MiscEctotherms | O58: 0 | P58: 0 | Q58: No | R58: No | S58: No | T58: No | U58: No | V58: No | W58: No | X58: No | Y58: No | Z58: 1 | AA58: Mouth | AB58: radula | AC58: Bite | AD58: 0 | AE58: No | AF58: No | AG58: No | AH58: No | AI58: 1 | AJ58: Invertebrate | AK58: 0 | AL58: Snail | AM58: 0 | AN58: 0 | AO58: 0 | AP58: No | AQ58: 0 | AR58: None | AS58: 0 | AT58: 0 | AU58: 0 | AV58: No | AW58: 0 | AX58: 0 | AY58: 0 | AZ58: 0 | BA58: 0 | BB58: 0 | BC58: 1 | BD58: 0 | BE58: 0 | BF58: 0 | BG58: 0 | BH58: 0 | BI58: 0 | BJ58: QuadrupedLow | BK58: 0 | BL58: 0 | BM58: 0
A59: Snake (VENOM) | B59: 2 | C59: 1.5 | D59: 0 | E59: 1 | F59: 0 | G59: 0 | H59: 22.39 | I59: 0.37 | J59: 1.09 | K59: Unknown | L59: 0 | M59: 0 | N59: Snake | O59: 0 | P59: 0 | Q59: No | R59: No | S59: No | T59: No | U59: No | V59: No | W59: No | X59: No | Y59: No | Z59: 0.8 | AA59: Mouth | AB59: fangs | AC59: ToxicBite | AD59: 0 | AE59: No | AF59: No | AG59: No | AH59: No | AI59: 1 | AJ59: Reptile | AK59: 0 | AL59: Snake | AM59: 0 | AN59: 0.1 | AO59: 0.3 | AP59: No | AQ59: 0 | AR59: None | AS59: 1 | AT59: 0 | AU59: 0 | AV59: No | AW59: 0 | AX59: 0 | AY59: 0 | AZ59: 0 | BA59: 1 | BB59: 0 | BC59: 0 | BD59: 0 | BE59: 0 | BF59: 0 | BG59: 0.5 | BH59: 0.1 | BI59: 0 | BJ59: Serpentine | BK59: 0 | BL59: 0 | BM59: 0
A60: Snake | B60: 2 | C60: 1.5 | D60: 0 | E60: 1 | F60: 0 | G60: 0 | H60: 22.39 | I60: 0.37 | J60: 1.09 | K60: Unknown | L60: 0 | M60: 0 | N60: Snake | O60: 0 | P60: 0 | Q60: No | R60: No | S60: No | T60: No | U60: No | V60: No | W60: No | X60: No | Y60: No | Z60: 0.8 | AA60: Mouth | AB60: fangs | AC60: Bite | AD60: 0 | AE60: No | AF60: No | AG60: No | AH60: No | AI60: 1 | AJ60: Reptile | AK60: 0 | AL60: Snake | AM60: 0 | AN60: 0.1 | AO60: 0.3 | AP60: No | AQ60: 0 | AR60: None | AS60: 1 | AT60: 0 | AU60: 0 | AV60: No | AW60: 0 | AX60: 0 | AY60: 0 | AZ60: 0 | BA60: 1 | BB60: 0 | BC60: 0 | BD60: 0 | BE60: 0 | BF60: 0 | BG60: 0.5 | BH60: 0.1 | BI60: 0 | BJ60: Serpentine | BK60: 0 | BL60: 0 | BM60: 0
A61: Thrumbo | B61: 2 | C61: 2 | D61: 0 | E61: 5 | F61: 2 | G61: 0 | H61: 1000 | I61: 0.3 | J61: 1.3 | K61: Unknown | L61: 1 | M61: 0 | N61: No | O61: 0 | P61: 1 | Q61: 0.9 | R61: FrontLeftLeg, FrontRightLeg | S61: left foot, right foot | T61: Blunt | U61: 2 | V61: 0.6 | W61: HeadAttackTool | X61: horn | Y61: Scratch | Z61: No | AA61: No | AB61: No | AC61: No | AD61: 0 | AE61: No | AF61: No | AG61: No | AH61: No | AI61: 1.5 | AJ61: Mammal | AK61: 0 | AL61: QuadrupedAnimalWithHoovesAndHorn | AM61: 0 | AN61: 0 | AO61: 1 | AP61: No | AQ61: 0 | AR61: Advanced | AS61: 0 | AT61: 0 | AU61: 0 | AV61: No | AW61: 1 | AX61: 0 | AY61: 0 | AZ61: 0 | BA61: 0 | BB61: 1 | BC61: 1 | BD61: 0 | BE61: 0 | BF61: 0 | BG61: 0.7 | BH61: 0.15 | BI61: 0.05 | BJ61: QuadrupedTall | BK61: 0 | BL61: 1 | BM61: 0
A62: Turtle | B62: 1 | C62: 1.3 | D62: 1 | E62: 1 | F62: 0 | G62: 0 | H62: 165.1 | I62: =H62/AVERAGE(985,530,315,500,256,230) -> 0.35177557 | J62: =AVERAGE(1.52,1.47,1) -> 1.33 | K62: 0.32 | L62: 1 | M62: 0 | N62: MiscEctotherms | O62: 1 | P62: 0 | Q62: No | R62: No | S62: No | T62: No | U62: No | V62: No | W62: No | X62: No | Y62: No | Z62: 1 | AA62: TurtleBeakAttackTool | AB62: beak | AC62: Bite | AD62: 0 | AE62: No | AF62: No | AG62: No | AH62: No | AI62: 1 | AJ62: Reptile | AK62: 0 | AL62: TurtleLike | AM62: 0 | AN62: 0 | AO62: 0 | AP62: No | AQ62: 0 | AR62: None | AS62: 0 | AT62: 0 | AU62: 0 | AV62: No | AW62: 0 | AX62: 0 | AY62: 0 | AZ62: 0 | BA62: 0 | BB62: 0 | BC62: 1 | BD62: 0 | BE62: 0 | BF62: 1 | BG62: 0 | BH62: 0 | BI62: 0 | BJ62: QuadrupedLow | BK62: 0 | BL62: 0 | BM62: 0
A63: Bear | B63: 1 | C63: 1.1 | D63: 0 | E63: 1 | F63: 1 | G63: 0 | H63: =AVERAGE(21.6,12,10,13.1,30.5,38,15) -> 20.028571 | I63: =AVERAGE(0.54,1.5,1.5,0.86,0.24,0.54,0.85) -> 0.86142857 | J63: 1.09 | K63: =AVERAGE(0.13,0.106,0.134,0.129) -> 0.12475 | L63: 0 | M63: 0 | N63: MiscCarnivora | O63: 0 | P63: 0 | Q63: No | R63: No | S63: No | T63: No | U63: No | V63: No | W63: No | X63: No | Y63: No | Z63: 0.85 | AA63: Teeth | AB63: canines | AC63: Bite | AD63: 1 | AE63: 0.65 | AF63: FrontLeftPaw, FrontRightPaw | AG63: left claw, right claw | AH63: Scratch | AI63: 1.2 | AJ63: Mammal | AK63: 0 | AL63: QuadrupedAnimalWithPaws | AM63: 1 | AN63: 0.1 | AO63: 0.3 | AP63: 0.5 | AQ63: 0 | AR63: Advanced | AS63: 1 | AT63: 1 | AU63: 0 | AV63: No | AW63: 0 | AX63: 0 | AY63: 0 | AZ63: 2 | BA63: 0 | BB63: 1 | BC63: 0 | BD63: 0 | BE63: 0 | BF63: 0 | BG63: 0.7 | BH63: 0.15 | BI63: 0.025 | BJ63: Quadruped | BK63: 0 | BL63: 0 | BM63: 0
A64: Raccoon | B64: 1 | C64: 1.1 | D64: 0 | E64: 1 | F64: 1 | G64: 0 | H64: =AVERAGE(21.6,12,10,13.1,30.5,38,15) -> 20.028571 | I64: =AVERAGE(0.54,1.5,1.5,0.86,0.24,0.54,0.85) -> 0.86142857 | J64: 1.09 | K64: =AVERAGE(0.13,0.106,0.134,0.129) -> 0.12475 | L64: 0 | M64: 0 | N64: MiscCarnivora | O64: 0 | P64: 0 | Q64: No | R64: No | S64: No | T64: No | U64: No | V64: No | W64: No | X64: No | Y64: No | Z64: 0.85 | AA64: Teeth | AB64: canines | AC64: Bite | AD64: 1 | AE64: 0.65 | AF64: FrontLeftPaw, FrontRightPaw | AG64: left claw, right claw | AH64: Scratch | AI64: 1.2 | AJ64: Mammal | AK64: 0 | AL64: QuadrupedAnimalWithPawsAndTail | AM64: 1 | AN64: 0 | AO64: 0 | AP64: 0.5 | AQ64: 0 | AR64: Advanced | AS64: 0 | AT64: 1 | AU64: 0 | AV64: No | AW64: 0 | AX64: 0 | AY64: 0 | AZ64: 1 | BA64: 0 | BB64: 1 | BC64: 0 | BD64: 0 | BE64: 0 | BF64: 0 | BG64: 0.7 | BH64: 0.1 | BI64: 0.025 | BJ64: Quadruped | BK64: 0 | BL64: 0 | BM64: 0
A65: Carnophagus (PHOTONOZOA) | B65: 2 | C65: Untamable | D65: 0 | E65: 1 | F65: 2 | G65: 2 | H65: 1100 | I65: 0.9 | J65: 1.19 | K65: Unknown | L65: 1 | M65: 0 | N65: Insect | O65: 0 | P65: 0 | Q65: No | R65: No | S65: No | T65: No | U65: No | V65: No | W65: No | X65: No | Y65: No | Z65: 0.5 | AA65: Teeth | AB65: canines | AC65: Bite | AD65: 1 | AE65: 0.45 | AF65: FrontLeftPaw, FrontRightPaw | AG65: left claw, right claw | AH65: Scratch | AI65: 1.2 | AJ65: Photonozoa | AK65: 0 | AL65: Xenofelid | AM65: 0 | AN65: 1 | AO65: 1 | AP65: No | AQ65: 0 | AR65: Advanced | AS65: 1 | AT65: 1 | AU65: 0 | AV65: No | AW65: 1 | AX65: 1 | AY65: 1 | AZ65: 2 | BA65: 0 | BB65: 0 | BC65: 0 | BD65: 0 | BE65: 0 | BF65: 0 | BG65: 2.5 | BH65: 0.5 | BI65: 0.25 | BJ65: Quadruped | BK65: 1 | BL65: 0 | BM65: 1
A66: Daspletosuchus (PHOTONOZOA) | B66: 2 | C66: Untamable | D66: 0 | E66: 1 | F66: 2 | G66: 2 | H66: 1250 | I66: 0.9 | J66: 1.27 | K66: Unknown | L66: 1 | M66: 0 | N66: Insect | O66: 0 | P66: 0 | Q66: No | R66: No | S66: No | T66: No | U66: No | V66: No | W66: No | X66: No | Y66: No | Z66: 0.5 | AA66: Teeth | AB66: canines | AC66: Bite | AD66: 1 | AE66: 0.45 | AF66: FrontLeftPaw, FrontRightPaw | AG66: left claw, right claw | AH66: Scratch | AI66: 1.2 | AJ66: Photonozoa | AK66: 0 | AL66: Xenofelid | AM66: 0 | AN66: 1 | AO66: 1 | AP66: No | AQ66: 0 | AR66: Advanced | AS66: 1 | AT66: 1 | AU66: 0 | AV66: No | AW66: 1 | AX66: 1 | AY66: 1 | AZ66: 2 | BA66: 0 | BB66: 0 | BC66: 0 | BD66: 0 | BE66: 0 | BF66: 0 | BG66: 2.5 | BH66: 0.5 | BI66: 0.25 | BJ66: Quadruped | BK66: 1 | BL66: 0 | BM66: 1
A67: Xenotaurus (PHOTONOZOA) | B67: 2 | C67: Untamable | D67: 0 | E67: 5 | F67: 2 | G67: 2 | H67: 1100 | I67: 0.9 | J67: 1.19 | K67: Unknown | L67: 1 | M67: 0 | N67: No | O67: 0 | P67: 1 | Q67: 0.8 | R67: FrontLeftLeg, FrontRightLeg | S67: left hoof, right hoof | T67: Blunt | U67: 2 | V67: 0.7 | W67: HeadAttackTool | X67: horn | Y67: Scratch | Z67: No | AA67: No | AB67: No | AC67: No | AD67: 0 | AE67: No | AF67: No | AG67: No | AH67: No | AI67: 1 | AJ67: Photonozoa | AK67: 0 | AL67: Xenobovid | AM67: 0 | AN67: 0.1 | AO67: 0.3 | AP67: No | AQ67: 0 | AR67: Intermediate | AS67: 0 | AT67: 0 | AU67: 0 | AV67: No | AW67: 1 | AX67: 1 | AY67: 1 | AZ67: 2 | BA67: 0 | BB67: 0 | BC67: 0 | BD67: 0 | BE67: 0 | BF67: 0 | BG67: 1 | BH67: 0.25 | BI67: 0.1 | BJ67: Quadruped | BK67: 0 | BL67: 1 | BM67: 0
A68: Predatory larva (PHOTONOZOA) | B68: 2 | C68: Untamable | D68: 0 | E68: 1 | F68: 2 | G68: 2 | H68: 1530 | I68: 0.9 | J68: 1.42 | K68: Unknown | L68: 1 | M68: 1 | N68: Insect | O68: 0 | P68: 0 | Q68: No | R68: No | S68: No | T68: No | U68: No | V68: No | W68: No | X68: No | Y68: No | Z68: 0.6 | AA68: Teeth | AB68: teeth | AC68: Bite | AD68: 1 | AE68: 0.45 | AF68: FrontLeftPaw, FrontRightPaw | AG68: left claw, right claw | AH68: Scratch | AI68: 1.2 | AJ68: Photonozoa | AK68: 0 | AL68: Xenosnake | AM68: 0 | AN68: 1 | AO68: 1 | AP68: No | AQ68: 0 | AR68: Intermediate | AS68: 1 | AT68: 1 | AU68: 0 | AV68: No | AW68: 1 | AX68: 1 | AY68: 1 | AZ68: 2 | BA68: 0 | BB68: 0 | BC68: 0 | BD68: 0 | BE68: 0 | BF68: 0 | BG68: 1 | BH68: 0.35 | BI68: 0.15 | BJ68: Serpentine | BK68: 1 | BL68: 0 | BM68: 1
A69: Armored larva (PHOTONOZOA) | B69: 2 | C69: Untamable | D69: 0 | E69: 5 | F69: 2 | G69: 2 | H69: 1530 | I69: 0.9 | J69: 1.42 | K69: Unknown | L69: 1 | M69: 0 | N69: Insect | O69: 0 | P69: 0 | Q69: No | R69: No | S69: No | T69: No | U69: No | V69: No | W69: No | X69: No | Y69: No | Z69: 0.8 | AA69: TongueAttackTool | AB69: tongue | AC69: Scratch | AD69: 0 | AE69: No | AF69: No | AG69: No | AH69: No | AI69: 1 | AJ69: Photonozoa | AK69: 0 | AL69: Paragnathus | AM69: 0 | AN69: 0.025 | AO69: 0.1 | AP69: No | AQ69: 0 | AR69: Intermediate | AS69: 0 | AT69: 0 | AU69: 0 | AV69: No | AW69: 1 | AX69: 1 | AY69: 1 | AZ69: 2 | BA69: 0 | BB69: 0 | BC69: 0 | BD69: 0 | BE69: 0 | BF69: 0 | BG69: 1 | BH69: 0.25 | BI69: 0.1 | BJ69: QuadrupedLow | BK69: 0 | BL69: 0 | BM69: 0
A70: Paragnathia (PHOTONOZOA) | B70: 2 | C70: Untamable | D70: 0 | E70: 5 | F70: 2 | G70: 2 | H70: 950 | I70: 0.9 | J70: 1.11 | K70: Unknown | L70: 1 | M70: 0 | N70: Insect | O70: 0 | P70: 0 | Q70: No | R70: No | S70: No | T70: No | U70: No | V70: No | W70: No | X70: No | Y70: No | Z70: 0.8 | AA70: TongueAttackTool | AB70: tongue | AC70: Scratch | AD70: 0 | AE70: No | AF70: No | AG70: No | AH70: No | AI70: 1 | AJ70: Photonozoa | AK70: 0 | AL70: Paragnathus | AM70: 0 | AN70: 0.025 | AO70: 0.1 | AP70: No | AQ70: 0 | AR70: Intermediate | AS70: 0 | AT70: 0 | AU70: 0 | AV70: No | AW70: 1 | AX70: 1 | AY70: 1 | AZ70: 2 | BA70: 0 | BB70: 0 | BC70: 0 | BD70: 0 | BE70: 0 | BF70: 0 | BG70: 1 | BH70: 0.25 | BI70: 0.1 | BJ70: QuadrupedLow | BK70: 0 | BL70: 0 | BM70: 0
A71: Megatardi | B71: 2 | C71: 1 | D71: 1 | E71: 5 | F71: 2 | G71: 2 | H71: 95 | I71: =H71/1000/AVERAGE(9.5,4.6) -> 0.013475177 | J71: 1.2 | K71: 0.32 | L71: 1 | M71: 1 | N71: Insect | O71: 0 | P71: 0 | Q71: No | R71: No | S71: No | T71: No | U71: No | V71: No | W71: No | X71: No | Y71: No | Z71: 1.2 | AA71: Mouth | AB71: mandibles | AC71: Bite | AD71: 0 | AE71: No | AF71: No | AG71: No | AH71: No | AI71: 1 | AJ71: Invertebrate | AK71: 0 | AL71: Megatardi | AM71: 0 | AN71: 0.025 | AO71: 0.1 | AP71: No | AQ71: 0 | AR71: None | AS71: 0 | AT71: 0 | AU71: 0 | AV71: No | AW71: 0 | AX71: 0 | AY71: 0 | AZ71: 2 | BA71: 0 | BB71: 0 | BC71: 1 | BD71: 0 | BE71: 0 | BF71: 0 | BG71: 0.25 | BH71: 0.1 | BI71: 0.025 | BJ71: QuadrupedLow | BK71: 0 | BL71: 0 | BM71: 0
A72: BoulderCrab | B72: 0 | C72: 1.1 | D72: 1 | E72: 1 | F72: 0 | G72: 0 | H72: 267 | I72: =H72/1000/54 -> 0.0049444444 | J72: 2.7 | K72: 0.32 | L72: 1 | M72: 0 | N72: No | O72: 1 | P72: 0 | Q72: No | R72: No | S72: No | T72: No | U72: No | V72: No | W72: No | X72: No | Y72: No | Z72: No | AA72: No | AB72: No | AC72: No | AD72: 1 | AE72: 1.2 | AF72: FrontLeftClaws, FrontRightClaws | AG72: left claw, right claw | AH72: Scratch | AI72: 1 | AJ72: Invertebrate | AK72: 0 | AL72: Crab | AM72: 0 | AN72: 0.025 | AO72: 0.1 | AP72: No | AQ72: 0 | AR72: None | AS72: 0 | AT72: 0 | AU72: 1 | AV72: No | AW72: 0 | AX72: 0 | AY72: 0 | AZ72: 2 | BA72: 0 | BB72: 0 | BC72: 1 | BD72: 0 | BE72: 0 | BF72: 1 | BG72: 0.25 | BH72: 0 | BI72: 0 | BJ72: Quadruped | BK72: 1 | BL72: 0 | BM72: 0
A73: Wasp | B73: 1 | C73: 1.1 | D73: 0 | E73: 1 | F73: 0 | G73: 0 | H73: =AVERAGE(169.2,194.5) -> 181.85 | I73: =AVERAGE(12.22%,12.21%) -> 0.12215 | J73: 0.89 | K73: 0.32 | L73: 1 | M73: 1 | N73: Insect | O73: 0 | P73: 0 | Q73: No | R73: No | S73: No | T73: No | U73: 3 | V73: 1.3 | W73: Sting | X73: stinger | Y73: Sting | Z73: 1.2 | AA73: Mouth | AB73: mandibles | AC73: Bite | AD73: 1 | AE73: 1.1 | AF73: LeftPincer, RightPincer | AG73: left claw, right claw | AH73: Scratch | AI73: 1 | AJ73: Invertebrate | AK73: 0 | AL73: ScorpionLike | AM73: 0 | AN73: 0.1 | AO73: 1 | AP73: No | AQ73: 0 | AR73: Intermediate | AS73: 1 | AT73: 0 | AU73: 0 | AV73: No | AW73: 0 | AX73: 0 | AY73: 0 | AZ73: 0 | BA73: 0 | BB73: 0 | BC73: 1 | BD73: 0 | BE73: 0 | BF73: 0 | BG73: 0.5 | BH73: 0.15 | BI73: 0.025 | BJ73: Birdlike | BK73: 1 | BL73: 1 | BM73: 0
A74: Butterfly | B74: 1 | C74: 1 | D74: 1 | E74: 1 | F74: 0 | G74: 0 | H74: 95 | I74: =H74/1000/AVERAGE(4.6) -> 0.020652174 | J74: 1.2 | K74: 0.32 | L74: 1 | M74: 0 | N74: No | O74: 0 | P74: 0 | Q74: No | R74: No | S74: No | T74: No | U74: No | V74: No | W74: No | X74: No | Y74: No | Z74: No | AA74: No | AB74: No | AC74: No | AD74: 0 | AE74: No | AF74: No | AG74: No | AH74: No | AI74: 1 | AJ74: Invertebrate | AK74: 0 | AL74: BeetleLike | AM74: 0 | AN74: 0 | AO74: 0 | AP74: No | AQ74: 0 | AR74: None | AS74: 0 | AT74: 0 | AU74: 0 | AV74: No | AW74: 0 | AX74: 0 | AY74: 0 | AZ74: 0 | BA74: 0 | BB74: 0 | BC74: 1 | BD74: 0 | BE74: 0 | BF74: 0 | BG74: 0.25 | BH74: 0.1 | BI74: 0.025 | BJ74: Birdlike | BK74: 0 | BL74: 0 | BM74: 0
A75: ArmoredWorm | B75: 1 | C75: 1 | D75: 1 | E75: 1 | F75: 0 | G75: 0 | H75: =AVERAGE(169.2,194.5) -> 181.85 | I75: =AVERAGE(12.22%,12.21%) -> 0.12215 | J75: 0.89 | K75: 0.32 | L75: 1 | M75: 0 | N75: Insect | O75: 0 | P75: 0 | Q75: No | R75: No | S75: No | T75: No | U75: No | V75: No | W75: No | X75: No | Y75: No | Z75: 1.3 | AA75: Mouth | AB75: mandibles | AC75: Bite | AD75: 0 | AE75: No | AF75: No | AG75: No | AH75: No | AI75: 1 | AJ75: Invertebrate | AK75: 0 | AL75: Larva | AM75: 0 | AN75: 0.1 | AO75: 0.3 | AP75: No | AQ75: 0 | AR75: None | AS75: 1 | AT75: 0 | AU75: 0 | AV75: No | AW75: 0 | AX75: 0 | AY75: 0 | AZ75: 0 | BA75: 0 | BB75: 0 | BC75: 1 | BD75: 0 | BE75: 0 | BF75: 0 | BG75: 0.25 | BH75: 0.1 | BI75: 0.025 | BJ75: Serpentine | BK75: 0 | BL75: 0 | BM75: 0
A76: Arachnid | B76: 1 | C76: 1.1 | D76: 0 | E76: 1 | F76: 0 | G76: 0 | H76: 95 | I76: =H76/1000/AVERAGE(4.6) -> 0.020652174 | J76: 1.2 | K76: 0.32 | L76: 1 | M76: 0 | N76: Insect | O76: 0 | P76: 0 | Q76: No | R76: No | S76: No | T76: No | U76: No | V76: No | W76: No | X76: No | Y76: No | Z76: 1.2 | AA76: Mouth | AB76: chelicerae | AC76: ToxicBite | AD76: 0 | AE76: No | AF76: No | AG76: No | AH76: No | AI76: 1 | AJ76: Invertebrate | AK76: 0 | AL76: Arachnid | AM76: 0 | AN76: 0.1 | AO76: 1 | AP76: No | AQ76: 0 | AR76: Intermediate | AS76: 1 | AT76: 0 | AU76: 0 | AV76: No | AW76: 0 | AX76: 0 | AY76: 0 | AZ76: 0 | BA76: 0 | BB76: 0 | BC76: 1 | BD76: 0 | BE76: 0 | BF76: 0 | BG76: 0.25 | BH76: 0.15 | BI76: 0.025 | BJ76: QuadrupedLow | BK76: 0 | BL76: 0 | BM76: 1
A77: Scorpion | B77: 1 | C77: 1.1 | D77: 0 | E77: 1 | F77: 0 | G77: 2 | H77: 95 | I77: =H77/1000/AVERAGE(4.6) -> 0.020652174 | J77: 1.2 | K77: 0.32 | L77: 1 | M77: 1 | N77: Insect | O77: 0 | P77: 0 | Q77: No | R77: No | S77: No | T77: No | U77: 3 | V77: 1.3 | W77: Sting | X77: stinger | Y77: Sting | Z77: 1.2 | AA77: Mouth | AB77: chelicerae | AC77: Bite | AD77: 1 | AE77: 1.1 | AF77: LeftPincer, RightPincer | AG77: left pincer, right pincer | AH77: Scratch | AI77: 1 | AJ77: Invertebrate | AK77: 0 | AL77: ScorpionLike | AM77: 0 | AN77: 0.1 | AO77: 1 | AP77: No | AQ77: 0 | AR77: Intermediate | AS77: 1 | AT77: 0 | AU77: 0 | AV77: No | AW77: 0 | AX77: 0 | AY77: 0 | AZ77: 0 | BA77: 0 | BB77: 0 | BC77: 1 | BD77: 0 | BE77: 0 | BF77: 0 | BG77: 0.25 | BH77: 0.1 | BI77: 0.025 | BJ77: QuadrupedLow | BK77: 1 | BL77: 1 | BM77: 0
A78: Scorpion (WASTE) | B78: 1 | C78: 1.1 | D78: 0 | E78: 1 | F78: 0 | G78: 2 | H78: 95 | I78: =H78/1000/AVERAGE(4.6) -> 0.020652174 | J78: 1.2 | K78: 0.32 | L78: 1 | M78: 1 | N78: Insect | O78: 0 | P78: 0 | Q78: No | R78: No | S78: No | T78: No | U78: 3 | V78: 1.3 | W78: Sting | X78: stinger | Y78: VAEWaste_Sting | Z78: 1.2 | AA78: Mouth | AB78: chelicerae | AC78: Bite | AD78: 1 | AE78: 1.1 | AF78: LeftPincer, RightPincer | AG78: left pincer, right pincer | AH78: Scratch | AI78: 1 | AJ78: Invertebrate | AK78: 0 | AL78: ScorpionLike | AM78: 0 | AN78: 0.1 | AO78: 1 | AP78: No | AQ78: 0 | AR78: Intermediate | AS78: 1 | AT78: 0 | AU78: 0 | AV78: No | AW78: 0 | AX78: 0 | AY78: 0 | AZ78: 0 | BA78: 0 | BB78: 0 | BC78: 1 | BD78: 0 | BE78: 0 | BF78: 0 | BG78: 0.25 | BH78: 0.1 | BI78: 0.025 | BJ78: QuadrupedLow | BK78: 1 | BL78: 1 | BM78: 0
A79: MantisSnake | B79: 1 | C79: 1.1 | D79: 0 | E79: 1 | F79: 0 | G79: 0 | H79: =AVERAGE(169.2,194.5) -> 181.85 | I79: =AVERAGE(12.22%,12.21%) -> 0.12215 | J79: 0.89 | K79: 0.32 | L79: 1 | M79: 1 | N79: Insect | O79: 0 | P79: 0 | Q79: No | R79: No | S79: No | T79: No | U79: No | V79: No | W79: No | X79: No | Y79: No | Z79: 1.2 | AA79: Mouth | AB79: mandibles | AC79: Bite | AD79: 1 | AE79: 1.1 | AF79: FrontLeftPaw, FrontRightPaw | AG79: left blade, right blade | AH79: Scratch | AI79: 1 | AJ79: Invertebrate | AK79: 0 | AL79: SnakeWithTwoLimbs | AM79: 0 | AN79: 0.1 | AO79: 1 | AP79: No | AQ79: 0 | AR79: Intermediate | AS79: 1 | AT79: 0 | AU79: 0 | AV79: No | AW79: 0 | AX79: 0 | AY79: 0 | AZ79: 0 | BA79: 0 | BB79: 0 | BC79: 1 | BD79: 0 | BE79: 0 | BF79: 0 | BG79: 0.5 | BH79: 0.15 | BI79: 0.025 | BJ79: Birdlike | BK79: 1 | BL79: 0 | BM79: 0
A80: MantisSnake (VAMPIRE) | B80: 1 | C80: 1.1 | D80: 0 | E80: 1 | F80: 0 | G80: 0 | H80: =AVERAGE(169.2,194.5) -> 181.85 | I80: =AVERAGE(12.22%,12.21%) -> 0.12215 | J80: 0.89 | K80: 0.32 | L80: 1 | M80: 1 | N80: Insect | O80: 0 | P80: 0 | Q80: No | R80: No | S80: No | T80: No | U80: No | V80: No | W80: No | X80: No | Y80: No | Z80: 1.2 | AA80: Mouth | AB80: mandibles | AC80: Bite | AD80: 1 | AE80: 1.1 | AF80: FrontLeftPaw, FrontRightPaw | AG80: left blade, right blade | AH80: AA_RegenerativePierce | AI80: 1 | AJ80: Invertebrate | AK80: 0 | AL80: SnakeWithTwoLimbs | AM80: 0 | AN80: 0.1 | AO80: 1 | AP80: No | AQ80: 0 | AR80: Intermediate | AS80: 1 | AT80: 0 | AU80: 0 | AV80: No | AW80: 0 | AX80: 0 | AY80: 0 | AZ80: 0 | BA80: 0 | BB80: 0 | BC80: 1 | BD80: 0 | BE80: 0 | BF80: 0 | BG80: 0.5 | BH80: 0.15 | BI80: 0.025 | BJ80: Birdlike | BK80: 1 | BL80: 0 | BM80: 0
A81: Beetle (ARMORED) | B81: 1 | C81: 1.1 | D81: 0 | E81: 1 | F81: 0 | G81: 2 | H81: =AVERAGE(169.2,194.5) -> 181.85 | I81: =AVERAGE(12.22%,12.21%) -> 0.12215 | J81: 0.89 | K81: 0.32 | L81: 1 | M81: 1 | N81: Insect | O81: 0 | P81: 0 | Q81: No | R81: No | S81: No | T81: No | U81: No | V81: No | W81: No | X81: No | Y81: No | Z81: 1.2 | AA81: Mouth | AB81: mandibles | AC81: Bite | AD81: 0 | AE81: No | AF81: No | AG81: No | AH81: No | AI81: 1 | AJ81: Invertebrate | AK81: 0 | AL81: BeetleLike | AM81: 0 | AN81: 0.1 | AO81: 1 | AP81: No | AQ81: 0 | AR81: Advanced | AS81: 1 | AT81: 0 | AU81: 0 | AV81: No | AW81: 0 | AX81: 0 | AY81: 0 | AZ81: 2 | BA81: 0 | BB81: 0 | BC81: 1 | BD81: 0 | BE81: 0 | BF81: 0 | BG81: 0.25 | BH81: 0.1 | BI81: 0.025 | BJ81: QuadrupedLow | BK81: 0 | BL81: 0 | BM81: 0
A82: Beetle (ROAMER) | B82: 1 | C82: 1.1 | D82: 1 | E82: 1 | F82: 0 | G82: 2 | H82: 95 | I82: =H82/1000/AVERAGE(4.6) -> 0.020652174 | J82: 1.2 | K82: 0.32 | L82: 1 | M82: 1 | N82: Insect | O82: 0 | P82: 0 | Q82: No | R82: No | S82: No | T82: No | U82: No | V82: No | W82: No | X82: No | Y82: No | Z82: 1.2 | AA82: Mouth | AB82: mandibles | AC82: Bite | AD82: 0 | AE82: No | AF82: No | AG82: No | AH82: No | AI82: 1 | AJ82: Invertebrate | AK82: 0 | AL82: BeetleLike | AM82: 0 | AN82: 0.1 | AO82: 0.3 | AP82: No | AQ82: 0 | AR82: None | AS82: 0 | AT82: 0 | AU82: 0 | AV82: No | AW82: 0 | AX82: 0 | AY82: 0 | AZ82: 2 | BA82: 0 | BB82: 0 | BC82: 1 | BD82: 0 | BE82: 0 | BF82: 0 | BG82: 0.25 | BH82: 0.1 | BI82: 0.025 | BJ82: QuadrupedLow | BK82: 0 | BL82: 0 | BM82: 0
A83: Beetle (ROAMER, ARMORED) | B83: 1 | C83: 1.1 | D83: 1 | E83: 1 | F83: 0 | G83: 2 | H83: =AVERAGE(169.2,194.5) -> 181.85 | I83: =AVERAGE(12.22%,12.21%) -> 0.12215 | J83: 0.89 | K83: 0.32 | L83: 1 | M83: 1 | N83: Insect | O83: 0 | P83: 0 | Q83: No | R83: No | S83: No | T83: No | U83: No | V83: No | W83: No | X83: No | Y83: No | Z83: 1.2 | AA83: Mouth | AB83: mandibles | AC83: Bite | AD83: 0 | AE83: No | AF83: No | AG83: No | AH83: No | AI83: 1 | AJ83: Invertebrate | AK83: 0 | AL83: BeetleLike | AM83: 0 | AN83: 0.1 | AO83: 0.3 | AP83: No | AQ83: 0 | AR83: None | AS83: 0 | AT83: 0 | AU83: 0 | AV83: No | AW83: 0 | AX83: 0 | AY83: 0 | AZ83: 2 | BA83: 0 | BB83: 0 | BC83: 1 | BD83: 0 | BE83: 0 | BF83: 0 | BG83: 0.25 | BH83: 0.1 | BI83: 0.025 | BJ83: QuadrupedLow | BK83: 0 | BL83: 0 | BM83: 0
A84: Beetle (PARALYSIS) | B84: 1 | C84: 1.1 | D84: 0 | E84: 1 | F84: 0 | G84: 2 | H84: 95 | I84: =H84/1000/AVERAGE(4.6) -> 0.020652174 | J84: 1.2 | K84: 0.32 | L84: 1 | M84: 1 | N84: Insect | O84: 0 | P84: 0 | Q84: No | R84: No | S84: No | T84: No | U84: No | V84: No | W84: No | X84: No | Y84: No | Z84: 1.2 | AA84: Mouth | AB84: mandibles | AC84: AA_ParalysingBite | AD84: 0 | AE84: No | AF84: No | AG84: No | AH84: No | AI84: 1 | AJ84: Invertebrate | AK84: 0 | AL84: BeetleLike | AM84: 0 | AN84: 0.1 | AO84: 0.3 | AP84: No | AQ84: 0 | AR84: None | AS84: 1 | AT84: 0 | AU84: 0 | AV84: No | AW84: 0 | AX84: 0 | AY84: 0 | AZ84: 2 | BA84: 0 | BB84: 0 | BC84: 1 | BD84: 0 | BE84: 0 | BF84: 0 | BG84: 0.25 | BH84: 0.1 | BI84: 0.025 | BJ84: QuadrupedLow | BK84: 0 | BL84: 0 | BM84: 0
A85: Beetle (CLAWS, ARMORED) | B85: 1 | C85: 1.1 | D85: 0 | E85: 1 | F85: 0 | G85: 2 | H85: =AVERAGE(169.2,194.5) -> 181.85 | I85: =AVERAGE(12.22%,12.21%) -> 0.12215 | J85: 0.89 | K85: 0.32 | L85: 1 | M85: 1 | N85: Insect | O85: 0 | P85: 0 | Q85: No | R85: No | S85: No | T85: No | U85: No | V85: No | W85: No | X85: No | Y85: No | Z85: 1.2 | AA85: Mouth | AB85: mandibles | AC85: Bite | AD85: 1 | AE85: 1.1 | AF85: HeadClaw | AG85: head claw | AH85: Scratch | AI85: 1 | AJ85: Invertebrate | AK85: 0 | AL85: BeetleLikeWithClaw | AM85: 0 | AN85: 0.1 | AO85: 1 | AP85: No | AQ85: 0 | AR85: Advanced | AS85: 1 | AT85: 0 | AU85: 0 | AV85: No | AW85: 0 | AX85: 0 | AY85: 0 | AZ85: 2 | BA85: 0 | BB85: 0 | BC85: 1 | BD85: 0 | BE85: 0 | BF85: 0 | BG85: 0.25 | BH85: 0.1 | BI85: 0.025 | BJ85: QuadrupedLow | BK85: 1 | BL85: 0 | BM85: 0
A86: Slug | B86: 1 | C86: 1 | D86: 1 | E86: 11 | F86: 0 | G86: 0 | H86: =AVERAGE(21.6,12,10,13.1,30.5,38,15) -> 20.028571 | I86: =AVERAGE(0.54,1.5,1.5,0.86,0.24,0.54,0.85) -> 0.86142857 | J86: 1.09 | K86: Unknown | L86: 1 | M86: 0 | N86: MiscEctotherms | O86: 0 | P86: 0 | Q86: No | R86: No | S86: No | T86: No | U86: No | V86: No | W86: No | X86: No | Y86: No | Z86: 1 | AA86: Mouth | AB86: radula | AC86: Bite | AD86: 0 | AE86: No | AF86: No | AG86: No | AH86: No | AI86: 1 | AJ86: Invertebrate | AK86: 0 | AL86: Slug | AM86: 0 | AN86: 0 | AO86: 0 | AP86: No | AQ86: 0 | AR86: None | AS86: 0 | AT86: 0 | AU86: 0 | AV86: No | AW86: 0 | AX86: 0 | AY86: 0 | AZ86: 0 | BA86: 0 | BB86: 0 | BC86: 1 | BD86: 0 | BE86: 0 | BF86: 0 | BG86: 0 | BH86: 0 | BI86: 0 | BJ86: QuadrupedLow | BK86: 0 | BL86: 0 | BM86: 0
A87: Slug (TRAINABLE) | B87: 1 | C87: 1 | D87: 0 | E87: 11 | F87: 0 | G87: 0 | H87: =AVERAGE(21.6,12,10,13.1,30.5,38,15) -> 20.028571 | I87: =AVERAGE(0.54,1.5,1.5,0.86,0.24,0.54,0.85) -> 0.86142857 | J87: 1.09 | K87: Unknown | L87: 1 | M87: 0 | N87: MiscEctotherms | O87: 0 | P87: 0 | Q87: No | R87: No | S87: No | T87: No | U87: No | V87: No | W87: No | X87: No | Y87: No | Z87: 1 | AA87: Mouth | AB87: radula | AC87: Bite | AD87: 0 | AE87: No | AF87: No | AG87: No | AH87: No | AI87: 1 | AJ87: Invertebrate | AK87: 0 | AL87: Slug | AM87: 0 | AN87: 0 | AO87: 0.3 | AP87: No | AQ87: 0 | AR87: Intermediate | AS87: 0 | AT87: 0 | AU87: 0 | AV87: No | AW87: 0 | AX87: 0 | AY87: 0 | AZ87: 0 | BA87: 0 | BB87: 0 | BC87: 1 | BD87: 0 | BE87: 0 | BF87: 0 | BG87: 0 | BH87: 0 | BI87: 0 | BJ87: QuadrupedLow | BK87: 0 | BL87: 0 | BM87: 0
A88: TeethedGoo | B88: 1 | C88: 1 | D88: 0 | E88: 1 | F88: 0 | G88: 0 | H88: 1 | I88: 1 | J88: 1 | K88: Unknown | L88: 0 | M88: 0 | N88: MiscCarnivora | O88: 0 | P88: 0 | Q88: No | R88: No | S88: No | T88: No | U88: No | V88: No | W88: No | X88: No | Y88: No | Z88: 1.2 | AA88: Teeth | AB88: teeth | AC88: Bite | AD88: 1 | AE88: 0.75 | AF88: Arms | AG88: tentacles | AH88: Scratch | AI88: 1 | AJ88: Invertebrate | AK88: 0 | AL88: GooWithTeethBody | AM88: 0 | AN88: 0 | AO88: 0 | AP88: No | AQ88: 0 | AR88: Intermediate | AS88: 1 | AT88: 0 | AU88: 0 | AV88: No | AW88: 1 | AX88: 1 | AY88: 0 | AZ88: 0 | BA88: 0 | BB88: 0 | BC88: 1 | BD88: 0 | BE88: 0 | BF88: 0 | BG88: 0 | BH88: 0.15 | BI88: 0.05 | BJ88: QuadrupedLow | BK88: 0 | BL88: 0 | BM88: 0
A89: Goo | B89: 1 | C89: 1 | D89: 1 | E89: 1 | F89: 0 | G89: 0 | H89: 1 | I89: 1 | J89: 1 | K89: Unknown | L89: 0 | M89: 0 | N89: No | O89: 0 | P89: 0 | Q89: No | R89: No | S89: No | T89: No | U89: No | V89: No | W89: No | X89: No | Y89: No | Z89: No | AA89: No | AB89: No | AC89: No | AD89: 1 | AE89: 0.75 | AF89: Arms | AG89: arms | AH89: Blunt | AI89: 1 | AJ89: Invertebrate | AK89: 0 | AL89: GooBody | AM89: 0 | AN89: 0 | AO89: 0 | AP89: No | AQ89: 0 | AR89: None | AS89: 0 | AT89: 0 | AU89: 0 | AV89: No | AW89: 1 | AX89: 1 | AY89: 0 | AZ89: 0 | BA89: 0 | BB89: 0 | BC89: 1 | BD89: 0 | BE89: 0 | BF89: 0 | BG89: 0 | BH89: 0 | BI89: 0 | BJ89: QuadrupedLow | BK89: 0 | BL89: 0 | BM89: 0
A90: SporeLayer | B90: 1 | C90: 1 | D90: 1 | E90: 1 | F90: 0 | G90: 0 | H90: =AVERAGE(21.6,12,10,13.1,30.5,38,15) -> 20.028571 | I90: =AVERAGE(0.54,1.5,1.5,0.86,0.24,0.54,0.85) -> 0.86142857 | J90: 1.09 | K90: Unknown | L90: 0 | M90: 0 | N90: No | O90: 0 | P90: 0 | Q90: No | R90: No | S90: No | T90: No | U90: No | V90: No | W90: No | X90: No | Y90: No | Z90: No | AA90: No | AB90: No | AC90: No | AD90: 1 | AE90: 0.75 | AF90: Arms | AG90: tentacles | AH90: Blunt | AI90: 1 | AJ90: Invertebrate | AK90: 0 | AL90: Jellyfish | AM90: 0 | AN90: 0 | AO90: 0 | AP90: No | AQ90: 0 | AR90: None | AS90: 0 | AT90: 0 | AU90: 0 | AV90: No | AW90: 0 | AX90: 0 | AY90: 0 | AZ90: 0 | BA90: 0 | BB90: 0 | BC90: 1 | BD90: 0 | BE90: 0 | BF90: 0 | BG90: 0.25 | BH90: 0.1 | BI90: 0.025 | BJ90: Birdlike | BK90: 0 | BL90: 0 | BM90: 0
A91: LandJellyfish | B91: 1 | C91: 1 | D91: 1 | E91: 1 | F91: 0 | G91: 0 | H91: =AVERAGE(21.6,12,10,13.1,30.5,38,15) -> 20.028571 | I91: =AVERAGE(0.54,1.5,1.5,0.86,0.24,0.54,0.85) -> 0.86142857 | J91: 1.09 | K91: Unknown | L91: 0 | M91: 0 | N91: No | O91: 0 | P91: 0 | Q91: No | R91: No | S91: No | T91: No | U91: No | V91: No | W91: No | X91: No | Y91: No | Z91: No | AA91: No | AB91: No | AC91: No | AD91: 1 | AE91: 0.75 | AF91: Arms | AG91: tentacles | AH91: Blunt | AI91: 1 | AJ91: Invertebrate | AK91: 0 | AL91: Jellyfish | AM91: 0 | AN91: 0 | AO91: 0 | AP91: No | AQ91: 0 | AR91: None | AS91: 0 | AT91: 0 | AU91: 0 | AV91: No | AW91: 0 | AX91: 0 | AY91: 0 | AZ91: 0 | BA91: 0 | BB91: 0 | BC91: 1 | BD91: 0 | BE91: 0 | BF91: 0 | BG91: 0.25 | BH91: 0.1 | BI91: 0.025 | BJ91: Birdlike | BK91: 0 | BL91: 0 | BM91: 0
A92: LandSquid | B92: 1 | C92: 1 | D92: 1 | E92: 1 | F92: 0 | G92: 0 | H92: =AVERAGE(21.6,12,10,13.1,30.5,38,15) -> 20.028571 | I92: =AVERAGE(0.54,1.5,1.5,0.86,0.24,0.54,0.85) -> 0.86142857 | J92: 1.09 | K92: Unknown | L92: 0 | M92: 0 | N92: MiscEctotherms | O92: 0 | P92: 0 | Q92: No | R92: No | S92: No | T92: No | U92: No | V92: No | W92: No | X92: No | Y92: No | Z92: 1 | AA92: Beak | AB92: beak | AC92: Bite | AD92: 1 | AE92: 0.75 | AF92: Arms | AG92: tentacles | AH92: Blunt | AI92: 1 | AJ92: Invertebrate | AK92: 0 | AL92: CephalopodBiped | AM92: 0 | AN92: 0.025 | AO92: 0.1 | AP92: No | AQ92: 0 | AR92: None | AS92: 0 | AT92: 0 | AU92: 0 | AV92: No | AW92: 0 | AX92: 0 | AY92: 0 | AZ92: 0 | BA92: 0 | BB92: 0 | BC92: 0 | BD92: 0 | BE92: 0 | BF92: 0 | BG92: 0.25 | BH92: 0.1 | BI92: 0.025 | BJ92: Birdlike | BK92: 0 | BL92: 0 | BM92: 0
A93: FlyingEye | B93: 2 | C93: 1 | D93: 0 | E93: 1 | F93: 0 | G93: 0 | H93: 95 | I93: =H93/1000/AVERAGE(4.6) -> 0.020652174 | J93: 1 | K93: Unknown | L93: 0 | M93: 0 | N93: No | O93: 0 | P93: 0 | Q93: No | R93: No | S93: No | T93: No | U93: 3 | V93: 1.3 | W93: HeadAttackTool | X93: eye | Y93: Sting | Z93: No | AA93: No | AB93: No | AC93: No | AD93: 0 | AE93: No | AF93: No | AG93: No | AH93: No | AI93: 1 | AJ93: Invertebrate | AK93: 0 | AL93: AA_EyeBody | AM93: 0 | AN93: 0 | AO93: 0 | AP93: No | AQ93: 0 | AR93: Intermediate | AS93: 0 | AT93: 0 | AU93: 0 | AV93: No | AW93: 1 | AX93: 1 | AY93: 1 | AZ93: 0 | BA93: 0 | BB93: 0 | BC93: 1 | BD93: 0 | BE93: 0 | BF93: 0 | BG93: 0.25 | BH93: 0.1 | BI93: 0.025 | BJ93: Birdlike | BK93: 0 | BL93: 0 | BM93: 0
A94: SentientPlant | B94: 2 | C94: 1 | D94: 0 | E94: 1 | F94: 0 | G94: 0 | H94: =AVERAGE(204.4,4.35) -> 104.375 | I94: =AVERAGE(5.3%,380%) -> 1.9265 | J94: 1 | K94: 0.7 | L94: 0 | M94: 0 | N94: Insect | O94: 0 | P94: 0 | Q94: No | R94: No | S94: No | T94: No | U94: No | V94: No | W94: No | X94: No | Y94: No | Z94: 0.9 | AA94: AA_Mouth | AB94: mouth | AC94: Bite | AD94: 1 | AE94: 0.8 | AF94: HeadAttackTool | AG94: razor barbs | AH94: Scratch | AI94: 1 | AJ94: Invertebrate | AK94: 0 | AL94: AA_SentientPlant | AM94: 0 | AN94: 0.025 | AO94: 0.1 | AP94: No | AQ94: 0 | AR94: Intermediate | AS94: 1 | AT94: 0 | AU94: 0 | AV94: No | AW94: 1 | AX94: 1 | AY94: 1 | AZ94: 0 | BA94: 1 | BB94: 0 | BC94: 1 | BD94: 0 | BE94: 0 | BF94: 0 | BG94: 0.25 | BH94: 0.1 | BI94: 0.025 | BJ94: Birdlike | BK94: 0 | BL94: 0 | BM94: 0
A95: SentientPlant (ACID) | B95: 2 | C95: 1 | D95: 0 | E95: 1 | F95: 0 | G95: 0 | H95: =AVERAGE(204.4,4.35) -> 104.375 | I95: =AVERAGE(5.3%,380%) -> 1.9265 | J95: 1 | K95: 0.7 | L95: 0 | M95: 0 | N95: Insect | O95: 0 | P95: 0 | Q95: No | R95: No | S95: No | T95: No | U95: No | V95: No | W95: No | X95: No | Y95: No | Z95: 0.9 | AA95: AA_Mouth | AB95: mouth | AC95: Bite | AD95: 1 | AE95: 0.8 | AF95: HeadAttackTool | AG95: razor barbs | AH95: AA_Acid | AI95: 1 | AJ95: Invertebrate | AK95: 0 | AL95: AA_SentientPlant | AM95: 0 | AN95: 0.1 | AO95: 0.3 | AP95: No | AQ95: 0 | AR95: Intermediate | AS95: 1 | AT95: 0 | AU95: 0 | AV95: No | AW95: 1 | AX95: 1 | AY95: 1 | AZ95: 0 | BA95: 1 | BB95: 0 | BC95: 1 | BD95: 0 | BE95: 0 | BF95: 0 | BG95: 0.25 | BH95: 0.1 | BI95: 0.025 | BJ95: Birdlike | BK95: 0 | BL95: 0 | BM95: 0
A96: MycoticCreature | B96: 2 | C96: 1 | D96: 0 | E96: 1 | F96: 0 | G96: 0 | H96: =AVERAGE(204.4,4.35) -> 104.375 | I96: =AVERAGE(5.3%,380%) -> 1.9265 | J96: 1 | K96: 0.7 | L96: 1 | M96: 0 | N96: MiscCarnivora | O96: 0 | P96: 0 | Q96: No | R96: No | S96: No | T96: No | U96: No | V96: No | W96: No | X96: No | Y96: No | Z96: 1 | AA96: Teeth | AB96: teeth | AC96: ToxicBite | AD96: 1 | AE96: 0.7 | AF96: FrontLeftPaw, FrontRightPaw | AG96: left claw, right claw | AH96: Scratch | AI96: 1 | AJ96: Monotremata | AK96: 0 | AL96: QuadrupedAnimalWithPaws | AM96: 1 | AN96: 0.1 | AO96: 0.3 | AP96: No | AQ96: 0 | AR96: Intermediate | AS96: 0 | AT96: 0 | AU96: 0 | AV96: No | AW96: 0 | AX96: 1 | AY96: 1 | AZ96: 0 | BA96: 0 | BB96: 0 | BC96: 1 | BD96: 0 | BE96: 0 | BF96: 0 | BG96: 0.25 | BH96: 0.15 | BI96: 0.025 | BJ96: Quadruped | BK96: 1 | BL96: 0 | BM96: 0
A97: GiantHexapodReptile | B97: 2 | C97: 1.25 | D97: 0 | E97: 5 | F97: 0 | G97: 0 | H97: 1000 | I97: 0.3 | J97: 1.3 | K97: Unknown | L97: 1 | M97: 0 | N97: MiscEctotherms | O97: 0 | P97: 0 | Q97: No | R97: No | S97: No | T97: No | U97: No | V97: No | W97: No | X97: No | Y97: No | Z97: 1 | AA97: Teeth | AB97: teeth | AC97: Bite | AD97: 0 | AE97: No | AF97: No | AG97: No | AH97: No | AI97: 1.5 | AJ97: Reptile | AK97: 0 | AL97: Hexapod | AM97: 0 | AN97: 0 | AO97: 0.1 | AP97: No | AQ97: 0 | AR97: Intermediate | AS97: 0 | AT97: 0 | AU97: 0 | AV97: No | AW97: 0 | AX97: 0 | AY97: 0 | AZ97: 0 | BA97: 0 | BB97: 1 | BC97: 1 | BD97: 0 | BE97: 0 | BF97: 0 | BG97: 0.25 | BH97: 0.15 | BI97: 0.025 | BJ97: Quadruped | BK97: 0 | BL97: 0 | BM97: 0
A98: AlphaBeast | B98: 2 | C98: 1.1 | D98: 0 | E98: 5 | F98: 2 | G98: 0 | H98: 1000 | I98: 0.3 | J98: 1.3 | K98: Unknown | L98: 1 | M98: 0 | N98: StrongBitingHerbivore | O98: 0 | P98: 1 | Q98: 0.9 | R98: FrontLeftLeg, FrontRightLeg | S98: left foot, right foot | T98: Blunt | U98: 2 | V98: 0.6 | W98: HeadAttackTool | X98: horn | Y98: Scratch | Z98: 0.85 | AA98: Teeth | AB98: teeth | AC98: Bite | AD98: 0 | AE98: No | AF98: No | AG98: No | AH98: No | AI98: 1.5 | AJ98: Mammal | AK98: 0 | AL98: QuadrupedAnimalWithHoovesTailAndHorn | AM98: 0 | AN98: 0.1 | AO98: 0.3 | AP98: No | AQ98: 0 | AR98: Advanced | AS98: 0 | AT98: 0 | AU98: 0 | AV98: No | AW98: 0 | AX98: 0 | AY98: 0 | AZ98: 0 | BA98: 0 | BB98: 1 | BC98: 0 | BD98: 0 | BE98: 0 | BF98: 0 | BG98: 0.7 | BH98: 0.15 | BI98: 0.05 | BJ98: Quadruped | BK98: 1 | BL98: 1 | BM98: 1
A99: Gallatros | B99: 2 | C99: 2 | D99: 0 | E99: 5 | F99: 2 | G99: 0 | H99: 1000 | I99: 0.3 | J99: 1.3 | K99: Unknown | L99: 1 | M99: 0 | N99: StrongBitingHerbivore | O99: 0 | P99: 0 | Q99: No | R99: No | S99: No | T99: No | U99: 2 | V99: 0.6 | W99: HeadAttackTool | X99: horn | Y99: Scratch | Z99: 0.85 | AA99: Teeth | AB99: teeth | AC99: Bite | AD99: 1 | AE99: 0.65 | AF99: FrontLeftPaw, FrontRightPaw | AG99: left claw, right claw | AH99: Scratch | AI99: 1.2 | AJ99: Mammal | AK99: 0 | AL99: QuadrupedAnimalWithPawsAndHorn | AM99: 2 | AN99: 0.1 | AO99: 1 | AP99: No | AQ99: 0 | AR99: Advanced | AS99: 0 | AT99: 0 | AU99: 0 | AV99: No | AW99: 1 | AX99: 1 | AY99: 1 | AZ99: 0 | BA99: 0 | BB99: 1 | BC99: 1 | BD99: 0 | BE99: 0 | BF99: 0 | BG99: 0.7 | BH99: 0.15 | BI99: 0.05 | BJ99: QuadrupedTall | BK99: 1 | BL99: 1 | BM99: 1
A100: Drake (SMALL) | B100: 2 | C100: 1.25 | D100: 0 | E100: 1 | F100: 0 | G100: 0 | H100: 22.39 | I100: 0.37 | J100: 1.09 | K100: Unknown | L100: 1 | M100: 0 | N100: Crocodile | O100: 0 | P100: 0 | Q100: No | R100: No | S100: No | T100: No | U100: No | V100: No | W100: No | X100: No | Y100: No | Z100: 0.8 | AA100: Teeth | AB100: teeth | AC100: Bite | AD100: 1 | AE100: 0.65 | AF100: FrontLeftClaws, FrontRightClaws | AG100: left dragonclaw, right dragonclaw | AH100: Scratch | AI100: 1.2 | AJ100: Monotremata | AK100: 0 | AL100: QuadrupedAnimalWithClawsTailAndJowl | AM100: 0 | AN100: 0.1 | AO100: 0.3 | AP100: No | AQ100: 0 | AR100: Intermediate | AS100: 1 | AT100: 0 | AU100: 0 | AV100: No | AW100: 0 | AX100: 0 | AY100: 0 | AZ100: 0 | BA100: 0 | BB100: 0 | BC100: 0 | BD100: 0 | BE100: 0 | BF100: 0 | BG100: 1 | BH100: 0.2 | BI100: 0.05 | BJ100: Quadruped | BK100: 0 | BL100: 0 | BM100: 0
...

Sheet Base stats
A1: Common name | B1: Species | C1: Body mass (kg) | D1: Source | E1: Skill group | F1: Gestation (days) | G1: Age of first reproduction (years) | H1: Lifespan (years) | I1: Representative lifespan? | J1: Litter size | K1: Source | L1: Speed | M1: Source | N1: IsPollutionExclusive | O1: DomesticationLevel | P1: ExtraComfyTemperatureMin | Q1: ExtraComfyTemperatureMax | R1: Toxin resistance | S1: Bite force adjuster | T1: Teeth size adjuster | U1: Claw size (cm) | V1: Teeth size (cm) | W1: Horn or tusk size (cm) | X1: Horn/Antler/Tusks Male only | Y1: Diet | Z1: Health Multiplier | AA1: IgnoreAgressionSizeLimit | AB1: isUntameable | AC1: manhunterOnTameFailChance adjuster | AD1: manhunterOnDamageChance adjuster | AE1: Special trainables | AF1: wildGroupSize | AG1: LeatherDef | AH1: UseMeatFrom | AI1: IsPackAnimal | AJ1: IsMarine | AK1: IsExplosive | AL1: IsPremiumTame | AM1: IsRare | AN1: Swimming speed (Km/h) | AO1: Body surface area (cm^2) | AP1: Skin mass (kg) | AQ1: Skin thickness (mm) | AR1: Predicted ramming force (N) | AS1: Predicted punch/kick force (N) | AT1: Predicted bite force (N) | AU1: Predicted horn/tusk attack force (N) | AV1: AverageArmor | AW1: SkinAndMeatMarketValue | AX1: teethDamageAdjuster | AY1: clawDamageAdjuster | AZ1: tuskDamageAdjuster | BA1: generalDamageAdjuster | BB1: M_eff (bite) | BC1: M_eff (horn) | BD1: M_eff (head) | BE1: M (kick limb) | BF1: M (punch limb) | BG1: Ramming energy (j) | BH1: Punch energy (j) | BI1: Horn/Tusk energy (j) | BJ1: Bite energy (j) | BK1: V punch (head) | BL1: V punch (kick limb) | BM1: V punch (Horn/Tusk) | BN1: V punch (bite) | BO1: V punch (punch limb) | BP1: Claw/Punch surface area (cm^2) | BQ1: Horn or tusk surface area (cm^2) | BR1: Teeth surface area (cm^2) | BS1: Ramming pressure (kPa) | BT1: Claw/Punch pressure (kPa) | BU1: Horn or tusk pressure (kPa) | BV1: Bite pressure (kPa) | BW1: Extra CE attack interval | BX1: Extra CE damage adjuster
A2: Polar bear | B2: Ursus maritimus | C2: =AVERAGE(407.1,226.7) -> 316.9 | D2: Thiemann et al. (2011) https://doi.org/10.1002/jwmg.112 | E2: =Groups!$A$63 -> Bear | F2: 65 | G2: =1734/365 -> 4.7506849 | H2: 43.8 | I2: 0 | J2: 2 | K2: https://genomics.senescence.info/species/entry.php?species=Ursus_maritimus | L2: 40 | M2: https://biology.ucr.edu/people/faculty/Garland/Garl1983_JZL.pdf | N2: 0 | O2: 0 | P2: 0 | Q2: 0 | R2: Standard | S2: =_xlfn.XLOOKUP(B2,[1]TeethAdjusters!$A:$A,[1]BiteAdjusters!$C:$C,1) -> 0.92926025 | T2: =_xlfn.XLOOKUP(B2,[1]TeethAdjusters!$A:$A,[1]TeethAdjusters!$B:$B,1) -> 0.83672459 | U2: =MROUND(9.525,0.05) -> 9.55 | V2: =IF(AT2="No","No",IF(_xlfn.XLOOKUP(E2,Groups!A:A,Groups!AM:AM)=1,MROUND(EXP(0.3582*LN(C2)-0.2221)*T2,0.05),IF(_xlfn.XLOOKUP(E2,Groups!A:A,Groups!AM:AM)=2,MROUND(EXP(0.3582*LN(C2)-0.2221)*T2,0.05),"Need a formula"))) -> 5.25 | W2: No | X2: False | Y2: Carnivore | Z2: 1 | AA2: 0 | AB2: 0 | AC2: 0 | AD2: 0 | AE2: No | AF2: No | AG2: Leather_Bear | AH2: =Animals!$C$3 -> <li>Bear_Grizzly</li> | AI2: 0 | AJ2: 0 | AK2: 0 | AL2: 0 | AM2: 0 | AN2: Standard | AO2: =(0.111*C2^0.65)*10000 -> 46872.966 | AP2: =IFERROR(C2*_xlfn.XLOOKUP(E2,Groups!A:A,Groups!K:K),0.106*C2^0.94) -> 39.533275 | AQ2: =AP2*10000/(_xlfn.XLOOKUP(E2,Groups!A:A,Groups!J:J)*AO2) -> 7.7377352 | AR2: =EXP(0.8447*LN(C2)+3.996) -> 7046.4401 | AS2: =IF(_xlfn.XLOOKUP(E2,Groups!A:A,Groups!M:M)=1,EXP(0.7444*LN('Base stats'!C2)+6.5696),EXP(0.7927*LN('Base stats'!C2)+4.28)) -> 6938.4337 | AT2: =IF(_xlfn.XLOOKUP(E2,Groups!A:A,Groups!N:N)="No","No", IF(_xlfn.XLOOKUP(E2,Groups!A:A,Groups!N:N)="Crocodile",EXP(0.8129*LN(C2)+4.6742)*S2, IF(_xlfn.XLOOKUP(E2,Groups!A:A,Groups!N:N)="Felid",EXP(0.7843*LN(C2)+4.7073)*S2, IF(_xlfn.XLOOKUP(E2,Groups!A:A,Groups!N:N)="Canid",EXP(0.8367*LN(C2)+4.8763)*S2, IF(_xlfn.XLOOKUP(E2,Groups!A:A,Groups!N:N)="Pig",EXP(0.3439*LN(C2)+6.8519)*S2, IF(_xlfn.XLOOKUP(E2,Groups!A:A,Groups!N:N)="Rodent",EXP(0.5625*LN(C2)+4.3006)*S2, IF(_xlfn.XLOOKUP(E2,Groups!A:A,Groups!N:N)="Primate",EXP(0.7847*LN(C2)+3.4931)*S2, IF(_xlfn.XLOOKUP(E2,Groups!A:A,Groups!N:N)="MiscCarnivora",EXP(0.7486*LN(C2)+4.2207)*S2, IF(_xlfn.XLOOKUP(E2,Groups!A:A,Groups!N:N)="Lizard",EXP(0.7733*LN(C2)+5.5303)*S2, IF(_xlfn.XLOOKUP(E2,Groups!A:A,Groups!N:N)="Snake",50*C2^(2/3)*S2, IF(_xlfn.XLOOKUP(E2,Groups!A:A,Groups!N:N)="StrongBitingHerbivore",87.1133638856975*C2^(2/3)*S2, IF(_xlfn.XLOOKUP(E2,Groups!A:A,Groups!N:N)="MiscEctotherms",59.4316884072269*C2^(2/3)*S2, IF(_xlfn.XLOOKUP(E2,Groups!A:A,Groups!N:N)="StrongBeakBird",0.041*(C2*1000)^1.375*S2, IF(_xlfn.XLOOKUP(E2,Groups!A:A,Groups!N:N)="Bird",0.118*(C2*1000)^0.692*S2, IF(_xlfn.XLOOKUP(E2,Groups!A:A,Groups!N:N)="Insect",EXP(0.7444*LN(C2)+6.5696)*S2, IF(_xlfn.XLOOKUP(E2,Groups!A:A,Groups!N:N)="Theropod",EXP(0.6966*LN(C2)+4.158)*S2, "No")))))))))))))))) -> 4713.6189 | AU2: =IF(_xlfn.XLOOKUP(E2,Groups!A:A,Groups!U:U)=3,AS2,IF(_xlfn.XLOOKUP(E2,Groups!A:A,Groups!U:U)=2,AR2,AT2)) -> 4713.6189 | AV2: =IFERROR(AVERAGE(_xlfn.XLOOKUP(B2,Animals!B:B,Animals!N:N),_xlfn.XLOOKUP(B2,Animals!B:B,Animals!O:O)),0) -> 0 | AW2: =MROUND(40*Animals!AO2*_xlfn.XLOOKUP(AG2,Leathers!$A$2:$A$99,Leathers!$B$2:$B$99,0)+(140*_xlfn.XLOOKUP(B2,Animals!B:B,Animals!AO:AO)*2),5) -> 990 | AX2: =IFERROR(ROUND(SQRT(V2-1)*IF(_xlfn.XLOOKUP(E2,Groups!A:A,Groups!BF:BF)=0,2,1)*IF(_xlfn.XLOOKUP('Base stats'!E2,Groups!A:A,Groups!O:O)=0,1,0.1),1),0) -> 4.1 | AY2: =IFERROR(ROUND(SQRT(U2-1),1),0) -> 2.9 | AZ2: =IFERROR(ROUND(SQRT(W2),1),0) -> 0 | BA2: =ROUND( EXP(0.3582*LN(C2)-0.2221) * (0.75 + 0.25*(C2^4/(C2^4+10^4))), 1) -> 6.3 | BB2: =IF(_xlfn.XLOOKUP(E2,Groups!A:A,Groups!N:N)="Insect",BD2*2.5,IFERROR(AVERAGE(BD2,AT2/9.81/IF(OR(_xlfn.XLOOKUP(E2,Groups!A:A,Groups!N:N)="Pig",_xlfn.XLOOKUP(E2,Groups!A:A,Groups!N:N)="StrongBitingHerbivore"),20,25))*C2^-0.135,BD2)) -> 5.4953226 | BC2: =IF(W2="No","No",IF(_xlfn.XLOOKUP(E2,Groups!A:A,Groups!U:U)=1,'Base stats'!BB2,IF(OR(_xlfn.XLOOKUP(E2,Groups!A:A,Groups!BD:BD)=1,_xlfn.XLOOKUP(E2,Groups!A:A,Groups!U:U)=2),BD2,IF(_xlfn.XLOOKUP(B2,Animals!B:B,Animals!AO:AO)>4,AVERAGE(BD2,BF2),BF2)))) -> No | BD2: =(0.0392*C2^IF(OR(Y2="Herbivore",Y2="Dendrovore",Y2="OmnivoreRough"),0.889,0.966))*C2^-0.135 -> 4.6941012 | BE2: =IF(_xlfn.XLOOKUP(E2,Groups!A:A,Groups!BE:BE)=1,(0.048*C2^1.01)+(0.071*C2^1.03),0.071*C2^1.03)/IF(_xlfn.XLOOKUP(E2,Groups!A:A,Groups!M:M)=1,0.85,IF(OR(_xlfn.XLOOKUP(B2,Animals!B:B,Animals!AO:AO)>4,_xlfn.XLOOKUP(E2,Groups!A:A,Groups!BC:BC)=1),1.7,1))*C2^-0.25 -> 6.3383716 | BF2: =(0.048*C2^1.01)/IF(_xlfn.XLOOKUP(E2,Groups!A:A,Groups!M:M)=1,0.25,0.8)*C2^-0.25 -> 4.7736673 | BG2: =EXP(1.076*LN(AR2)-4.5397)*IF(_xlfn.XLOOKUP(E2,Groups!A:A,Groups!BC:BC)=1,1.25,IF(_xlfn.XLOOKUP(E2,Groups!A:A,Groups!BD:BD)=1,3.5,2.5)) -> 368.79822 | BH2: =EXP(1.076*LN(AS2)-4.5397)*IF(_xlfn.XLOOKUP(E2,Groups!A:A,Groups!M:M)=1,0.8,IF(_xlfn.XLOOKUP(E2,Groups!A:A,Groups!BC:BC)=1,1.3,3)) -> 435.26316 | BI2: =IF(W2="No","No",IF(_xlfn.XLOOKUP(E2,Groups!A:A,Groups!U:U)=1,'Base stats'!BJ2,IF(OR(_xlfn.XLOOKUP(E2,Groups!A:A,Groups!BD:BD)=1,_xlfn.XLOOKUP(E2,Groups!A:A,Groups!U:U)=2),BG2,BH2))*1.2) -> No | BJ2: =IFERROR(EXP(1.076*LN(AT2)-4.5397)*IF(_xlfn.XLOOKUP(E2,Groups!A:A,Groups!N:N)="Insect",1,IF(OR(_xlfn.XLOOKUP(E2,Groups!A:A,Groups!N:N)="Pig",_xlfn.XLOOKUP(E2,Groups!A:A,Groups!N:N)="StrongBitingHerbivore"),3.5,3.75)),"No") -> 358.91699 | BK2: =ROUNDDOWN(SQRT((2*BG2)/BD2),0) -> 12 | BL2: =ROUNDDOWN(SQRT((2*BH2)/BE2),0) -> 11 | BM2: =IF(W2="No","No",ROUNDDOWN(SQRT((2*BI2)/BC2),0)) -> No | BN2: =IF(V2="No","No",ROUNDDOWN(SQRT((2*BJ2)/BB2),0)) -> 11 | BO2: =ROUNDDOWN(SQRT((2*BH2)/BF2),0) -> 13 | BP2: {=IF(AND(_xlfn.XLOOKUP('Base stats'!E2,Groups!A:A,Groups!AD:AD=0),_xlfn.XLOOKUP('Base stats'!E2,Groups!A:A,Groups!P:P=0)),"No",IF(U2="No",AVERAGE(EXP(-0.57+0.99*LN(C2)),EXP(0.32+0.67*LN(C2)))/IF(_xlfn.XLOOKUP(E2,Groups!A:A,Groups!AD:AD)=1,10,2),(0.7354*C2^0.4078)*2/IF(_xlfn.XLOOKUP(E2,Groups!A:A,Groups!BK:BK)=1,1000,100)/IF(_xlfn.XLOOKUP(E2,Groups!A:A,Groups!AJ:AJ)="Photonozoa",3,1)))} -> 0.15396773 | BQ2: =IF(W2="No","No",IF(_xlfn.XLOOKUP(E2,Groups!A:A,Groups!BD:BD)=1,(AO2*5%),EXP(0.7354*LN(C2)^0.4078)*2/IF(_xlfn.XLOOKUP(E2,Groups!A:A,Groups!BL:BL)=1,1000,100)/IF(_xlfn.XLOOKUP(E2,Groups!A:A,Groups!AJ:AJ)="Photonozoa",3,1))) -> No | BR2: =IF(BJ2="No","No",IF(_xlfn.XLOOKUP(E2,Groups!A:A,Groups!BF:BF)=1,(0.0315*C2+2.1825)*2,(0.7354*C2^0.4078)*2)/IF(_xlfn.XLOOKUP(E2,Groups!A:A,Groups!BM:BM)=1,1000,100)/IF(_xlfn.XLOOKUP(E2,Groups!A:A,Groups!AJ:AJ)="Photonozoa",3,1)) -> 0.15396773 | BS2: =BG2/(AO2*5%) -> 0.15736074 | BT2: =IF(BP2="No","No",BH2/BP2) -> 2826.9765 | BU2: =IF(W2="No","No",BI2/BQ2) -> No | BV2: =IF(BJ2="No","No",BJ2/BR2) -> 2331.1183 | BW2: 0 | BX2: 1
A3: Grizzly | B3: Ursus arctos | C3: =AVERAGE(AVERAGE(268.7,174.9),AVERAGE(199.127,378.75)) -> 255.36925 | D3: Seryodkin et al. (2017) http://dx.doi.org/10.17217/2079-0333-2017-41-83-92 ; Troyer & Hensel (1969) The Brown Bear Of Kodiak Island. | E3: =Groups!$A$63 -> Bear | F3: 103 | G3: =1313/365 -> 3.5972603 | H3: 40 | I3: 0 | J3: 2 | K3: https://genomics.senescence.info/species/entry.php?species=Ursus_arctos | L3: 48 | M3: https://biology.ucr.edu/people/faculty/Garland/Garl1983_JZL.pdf | N3: 0 | O3: 0 | P3: 0 | Q3: 0 | R3: Standard | S3: =_xlfn.XLOOKUP(B3,[1]TeethAdjusters!$A:$A,[1]BiteAdjusters!$C:$C,1) -> 0.99503981 | T3: =_xlfn.XLOOKUP(B3,[1]TeethAdjusters!$A:$A,[1]TeethAdjusters!$B:$B,1) -> 0.79656343 | U3: =MROUND(7.62,0.05) -> 7.6 | V3: =IF(AT3="No","No",IF(_xlfn.XLOOKUP(E3,Groups!A:A,Groups!AM:AM)=1,MROUND(EXP(0.3582*LN(C3)-0.2221)*T3,0.05),IF(_xlfn.XLOOKUP(E3,Groups!A:A,Groups!AM:AM)=2,MROUND(EXP(0.3582*LN(C3)-0.2221)*T3,0.05),"Need a formula"))) -> 4.65 | W3: No | X3: False | Y3: Omnivore | Z3: 1 | AA3: 0 | AB3: 0 | AC3: 0 | AD3: 0 | AE3: No | AF3: No | AG3: Leather_Bear | AH3: No | AI3: 0 | AJ3: 0 | AK3: 0 | AL3: 0 | AM3: 0 | AN3: Standard | AO3: =(0.111*C3^0.65)*10000 -> 40736.393 | AP3: =IFERROR(C3*_xlfn.XLOOKUP(E3,Groups!A:A,Groups!K:K),0.106*C3^0.94) -> 31.857314 | AQ3: =AP3*10000/(_xlfn.XLOOKUP(E3,Groups!A:A,Groups!J:J)*AO3) -> 7.1746396 | AR3: =EXP(0.8447*LN(C3)+3.996) -> 5871.8651 | AS3: =IF(_xlfn.XLOOKUP(E3,Groups!A:A,Groups!M:M)=1,EXP(0.7444*LN('Base stats'!C3)+6.5696),EXP(0.7927*LN('Base stats'!C3)+4.28)) -> 5847.1325 | AT3: =IF(_xlfn.XLOOKUP(E3,Groups!A:A,Groups!N:N)="No","No", IF(_xlfn.XLOOKUP(E3,Groups!A:A,Groups!N:N)="Crocodile",EXP(0.8129*LN(C3)+4.6742)*S3, IF(_xlfn.XLOOKUP(E3,Groups!A:A,Groups!N:N)="Felid",EXP(0.7843*LN(C3)+4.7073)*S3, IF(_xlfn.XLOOKUP(E3,Groups!A:A,Groups!N:N)="Canid",EXP(0.8367*LN(C3)+4.8763)*S3, IF(_xlfn.XLOOKUP(E3,Groups!A:A,Groups!N:N)="Pig",EXP(0.3439*LN(C3)+6.8519)*S3, IF(_xlfn.XLOOKUP(E3,Groups!A:A,Groups!N:N)="Rodent",EXP(0.5625*LN(C3)+4.3006)*S3, IF(_xlfn.XLOOKUP(E3,Groups!A:A,Groups!N:N)="Primate",EXP(0.7847*LN(C3)+3.4931)*S3, IF(_xlfn.XLOOKUP(E3,Groups!A:A,Groups!N:N)="MiscCarnivora",EXP(0.7486*LN(C3)+4.2207)*S3, IF(_xlfn.XLOOKUP(E3,Groups!A:A,Groups!N:N)="Lizard",EXP(0.7733*LN(C3)+5.5303)*S3, IF(_xlfn.XLOOKUP(E3,Groups!A:A,Groups!N:N)="Snake",50*C3^(2/3)*S3, IF(_xlfn.XLOOKUP(E3,Groups!A:A,Groups!N:N)="StrongBitingHerbivore",87.1133638856975*C3^(2/3)*S3, IF(_xlfn.XLOOKUP(E3,Groups!A:A,Groups!N:N)="MiscEctotherms",59.4316884072269*C3^(2/3)*S3, IF(_xlfn.XLOOKUP(E3,Groups!A:A,Groups!N:N)="StrongBeakBird",0.041*(C3*1000)^1.375*S3, IF(_xlfn.XLOOKUP(E3,Groups!A:A,Groups!N:N)="Bird",0.118*(C3*1000)^0.692*S3, IF(_xlfn.XLOOKUP(E3,Groups!A:A,Groups!N:N)="Insect",EXP(0.7444*LN(C3)+6.5696)*S3, IF(_xlfn.XLOOKUP(E3,Groups!A:A,Groups!N:N)="Theropod",EXP(0.6966*LN(C3)+4.158)*S3, "No")))))))))))))))) -> 4294.1142 | AU3: =IF(_xlfn.XLOOKUP(E3,Groups!A:A,Groups!U:U)=3,AS3,IF(_xlfn.XLOOKUP(E3,Groups!A:A,Groups!U:U)=2,AR3,AT3)) -> 4294.1142 | AV3: =IFERROR(AVERAGE(_xlfn.XLOOKUP(B3,Animals!B:B,Animals!N:N),_xlfn.XLOOKUP(B3,Animals!B:B,Animals!O:O)),0) -> 0 | AW3: =MROUND(40*Animals!AO3*_xlfn.XLOOKUP(AG3,Leathers!$A$2:$A$99,Leathers!$B$2:$B$99,0)+(140*_xlfn.XLOOKUP(B3,Animals!B:B,Animals!AO:AO)*2),5) -> 880 | AX3: =IFERROR(ROUND(SQRT(V3-1)*IF(_xlfn.XLOOKUP(E3,Groups!A:A,Groups!BF:BF)=0,2,1)*IF(_xlfn.XLOOKUP('Base stats'!E3,Groups!A:A,Groups!O:O)=0,1,0.1),1),0) -> 3.8 | AY3: =IFERROR(ROUND(SQRT(U3-1),1),0) -> 2.6 | AZ3: =IFERROR(ROUND(SQRT(W3),1),0) -> 0 | BA3: =ROUND( EXP(0.3582*LN(C3)-0.2221) * (0.75 + 0.25*(C3^4/(C3^4+10^4))), 1) -> 5.8 | BB3: =IF(_xlfn.XLOOKUP(E3,Groups!A:A,Groups!N:N)="Insect",BD3*2.5,IFERROR(AVERAGE(BD3,AT3/9.81/IF(OR(_xlfn.XLOOKUP(E3,Groups!A:A,Groups!N:N)="Pig",_xlfn.XLOOKUP(E3,Groups!A:A,Groups!N:N)="StrongBitingHerbivore"),20,25))*C3^-0.135,BD3)) -> 5.0707493 | BC3: =IF(W3="No","No",IF(_xlfn.XLOOKUP(E3,Groups!A:A,Groups!U:U)=1,'Base stats'!BB3,IF(OR(_xlfn.XLOOKUP(E3,Groups!A:A,Groups!BD:BD)=1,_xlfn.XLOOKUP(E3,Groups!A:A,Groups!U:U)=2),BD3,IF(_xlfn.XLOOKUP(B3,Animals!B:B,Animals!AO:AO)>4,AVERAGE(BD3,BF3),BF3)))) -> No | BD3: =(0.0392*C3^IF(OR(Y3="Herbivore",Y3="Dendrovore",Y3="OmnivoreRough"),0.889,0.966))*C3^-0.135 -> 3.9232246 | BE3: =IF(_xlfn.XLOOKUP(E3,Groups!A:A,Groups!BE:BE)=1,(0.048*C3^1.01)+(0.071*C3^1.03),0.071*C3^1.03)/IF(_xlfn.XLOOKUP(E3,Groups!A:A,Groups!M:M)=1,0.85,IF(OR(_xlfn.XLOOKUP(B3,Animals!B:B,Animals!AO:AO)>4,_xlfn.XLOOKUP(E3,Groups!A:A,Groups!BC:BC)=1),1.7,1))*C3^-0.25 -> 5.3561146 | BF3: =(0.048*C3^1.01)/IF(_xlfn.XLOOKUP(E3,Groups!A:A,Groups!M:M)=1,0.25,0.8)*C3^-0.25 -> 4.0513465 | BG3: =EXP(1.076*LN(AR3)-4.5397)*IF(_xlfn.XLOOKUP(E3,Groups!A:A,Groups!BC:BC)=1,1.25,IF(_xlfn.XLOOKUP(E3,Groups!A:A,Groups!BD:BD)=1,3.5,2.5)) -> 303.09334 | BH3: =EXP(1.076*LN(AS3)-4.5397)*IF(_xlfn.XLOOKUP(E3,Groups!A:A,Groups!M:M)=1,0.8,IF(_xlfn.XLOOKUP(E3,Groups!A:A,Groups!BC:BC)=1,1.3,3)) -> 362.06387 | BI3: =IF(W3="No","No",IF(_xlfn.XLOOKUP(E3,Groups!A:A,Groups!U:U)=1,'Base stats'!BJ3,IF(OR(_xlfn.XLOOKUP(E3,Groups!A:A,Groups!BD:BD)=1,_xlfn.XLOOKUP(E3,Groups!A:A,Groups!U:U)=2),BG3,BH3))*1.2) -> No | BJ3: =IFERROR(EXP(1.076*LN(AT3)-4.5397)*IF(_xlfn.XLOOKUP(E3,Groups!A:A,Groups!N:N)="Insect",1,IF(OR(_xlfn.XLOOKUP(E3,Groups!A:A,Groups!N:N)="Pig",_xlfn.XLOOKUP(E3,Groups!A:A,Groups!N:N)="StrongBitingHerbivore"),3.5,3.75)),"No") -> 324.66584 | BK3: =ROUNDDOWN(SQRT((2*BG3)/BD3),0) -> 12 | BL3: =ROUNDDOWN(SQRT((2*BH3)/BE3),0) -> 11 | BM3: =IF(W3="No","No",ROUNDDOWN(SQRT((2*BI3)/BC3),0)) -> No | BN3: =IF(V3="No","No",ROUNDDOWN(SQRT((2*BJ3)/BB3),0)) -> 11 | BO3: =ROUNDDOWN(SQRT((2*BH3)/BF3),0) -> 13 | BP3: {=IF(AND(_xlfn.XLOOKUP('Base stats'!E3,Groups!A:A,Groups!AD:AD=0),_xlfn.XLOOKUP('Base stats'!E3,Groups!A:A,Groups!P:P=0)),"No",IF(U3="No",AVERAGE(EXP(-0.57+0.99*LN(C3)),EXP(0.32+0.67*LN(C3)))/IF(_xlfn.XLOOKUP(E3,Groups!A:A,Groups!AD:AD)=1,10,2),(0.7354*C3^0.4078)*2/IF(_xlfn.XLOOKUP(E3,Groups!A:A,Groups!BK:BK)=1,1000,100)/IF(_xlfn.XLOOKUP(E3,Groups!A:A,Groups!AJ:AJ)="Photonozoa",3,1)))} -> 0.14099281 | BQ3: =IF(W3="No","No",IF(_xlfn.XLOOKUP(E3,Groups!A:A,Groups!BD:BD)=1,(AO3*5%),EXP(0.7354*LN(C3)^0.4078)*2/IF(_xlfn.XLOOKUP(E3,Groups!A:A,Groups!BL:BL)=1,1000,100)/IF(_xlfn.XLOOKUP(E3,Groups!A:A,Groups!AJ:AJ)="Photonozoa",3,1))) -> No | BR3: =IF(BJ3="No","No",IF(_xlfn.XLOOKUP(E3,Groups!A:A,Groups!BF:BF)=1,(0.0315*C3+2.1825)*2,(0.7354*C3^0.4078)*2)/IF(_xlfn.XLOOKUP(E3,Groups!A:A,Groups!BM:BM)=1,1000,100)/IF(_xlfn.XLOOKUP(E3,Groups!A:A,Groups!AJ:AJ)="Photonozoa",3,1)) -> 0.14099281 | BS3: =BG3/(AO3*5%) -> 0.14880716 | BT3: =IF(BP3="No","No",BH3/BP3) -> 2567.9598 | BU3: =IF(W3="No","No",BI3/BQ3) -> No | BV3: =IF(BJ3="No","No",BJ3/BR3) -> 2302.712 | BW3: 0 | BX3: 1
A4: Raccoon | B4: Procyon lotor | C4: 6 | D4: https://genomics.senescence.info/species/entry.php?species=Procyon_lotor | E4: =Groups!$A$64 -> Raccoon | F4: 63 | G4: =365/365 -> 1 | H4: 21 | I4: 0 | J4: 4 | K4: https://genomics.senescence.info/species/entry.php?species=Procyon_lotor | L4: 24 | M4: https://biology.ucr.edu/people/faculty/Garland/Garl1983_JZL.pdf | N4: 0 | O4: 0 | P4: 0 | Q4: 0 | R4: 0.8 | S4: =_xlfn.XLOOKUP(B4,[1]TeethAdjusters!$A:$A,[1]BiteAdjusters!$C:$C,1) -> 0.69303335 | T4: =_xlfn.XLOOKUP(B4,[1]TeethAdjusters!$A:$A,[1]TeethAdjusters!$B:$B,1) -> 1.1605025 | U4: =MROUND(1.27,0.05) -> 1.25 | V4: =IF(AT4="No","No",IF(_xlfn.XLOOKUP(E4,Groups!A:A,Groups!AM:AM)=1,MROUND(EXP(0.3582*LN(C4)-0.2221)*T4,0.05),IF(_xlfn.XLOOKUP(E4,Groups!A:A,Groups!AM:AM)=2,MROUND(EXP(0.3582*LN(C4)-0.2221)*T4,0.05),"Need a formula"))) -> 1.75 | W4: No | X4: False | Y4: Omnivore | Z4: 1 | AA4: 0 | AB4: 0 | AC4: 0 | AD4: 0 | AE4: No | AF4: No | AG4: Leather_Light | AH4: No | AI4: 0 | AJ4: 0 | AK4: 0 | AL4: 0 | AM4: 0 | AN4: Standard | AO4: =(0.111*C4^0.65)*10000 -> 3557.3065 | AP4: =IFERROR(C4*_xlfn.XLOOKUP(E4,Groups!A:A,Groups!K:K),0.106*C4^0.94) -> 0.7485 | AQ4: =AP4*10000/(_xlfn.XLOOKUP(E4,Groups!A:A,Groups!J:J)*AO4) -> 1.9303854 | AR4: =EXP(0.8447*LN(C4)+3.996) -> 247.02739 | AS4: =IF(_xlfn.XLOOKUP(E4,Groups!A:A,Groups!M:M)=1,EXP(0.7444*LN('Base stats'!C4)+6.5696),EXP(0.7927*LN('Base stats'!C4)+4.28)) -> 298.96537 | AT4: =IF(_xlfn.XLOOKUP(E4,Groups!A:A,Groups!N:N)="No","No", IF(_xlfn.XLOOKUP(E4,Groups!A:A,Groups!N:N)="Crocodile",EXP(0.8129*LN(C4)+4.6742)*S4, IF(_xlfn.XLOOKUP(E4,Groups!A:A,Groups!N:N)="Felid",EXP(0.7843*LN(C4)+4.7073)*S4, IF(_xlfn.XLOOKUP(E4,Groups!A:A,Groups!N:N)="Canid",EXP(0.8367*LN(C4)+4.8763)*S4, IF(_xlfn.XLOOKUP(E4,Groups!A:A,Groups!N:N)="Pig",EXP(0.3439*LN(C4)+6.8519)*S4, IF(_xlfn.XLOOKUP(E4,Groups!A:A,Groups!N:N)="Rodent",EXP(0.5625*LN(C4)+4.3006)*S4, IF(_xlfn.XLOOKUP(E4,Groups!A:A,Groups!N:N)="Primate",EXP(0.7847*LN(C4)+3.4931)*S4, IF(_xlfn.XLOOKUP(E4,Groups!A:A,Groups!N:N)="MiscCarnivora",EXP(0.7486*LN(C4)+4.2207)*S4, IF(_xlfn.XLOOKUP(E4,Groups!A:A,Groups!N:N)="Lizard",EXP(0.7733*LN(C4)+5.5303)*S4, IF(_xlfn.XLOOKUP(E4,Groups!A:A,Groups!N:N)="Snake",50*C4^(2/3)*S4, IF(_xlfn.XLOOKUP(E4,Groups!A:A,Groups!N:N)="StrongBitingHerbivore",87.1133638856975*C4^(2/3)*S4, IF(_xlfn.XLOOKUP(E4,Groups!A:A,Groups!N:N)="MiscEctotherms",59.4316884072269*C4^(2/3)*S4, IF(_xlfn.XLOOKUP(E4,Groups!A:A,Groups!N:N)="StrongBeakBird",0.041*(C4*1000)^1.375*S4, IF(_xlfn.XLOOKUP(E4,Groups!A:A,Groups!N:N)="Bird",0.118*(C4*1000)^0.692*S4, IF(_xlfn.XLOOKUP(E4,Groups!A:A,Groups!N:N)="Insect",EXP(0.7444*LN(C4)+6.5696)*S4, IF(_xlfn.XLOOKUP(E4,Groups!A:A,Groups!N:N)="Theropod",EXP(0.6966*LN(C4)+4.158)*S4, "No")))))))))))))))) -> 180.42839 | AU4: =IF(_xlfn.XLOOKUP(E4,Groups!A:A,Groups!U:U)=3,AS4,IF(_xlfn.XLOOKUP(E4,Groups!A:A,Groups!U:U)=2,AR4,AT4)) -> 180.42839 | AV4: =IFERROR(AVERAGE(_xlfn.XLOOKUP(B4,Animals!B:B,Animals!N:N),_xlfn.XLOOKUP(B4,Animals!B:B,Animals!O:O)),0) -> 0 | AW4: =MROUND(40*Animals!AO4*_xlfn.XLOOKUP(AG4,Leathers!$A$2:$A$99,Leathers!$B$2:$B$99,0)+(140*_xlfn.XLOOKUP(B4,Animals!B:B,Animals!AO:AO)*2),5) -> 125 | AX4: =IFERROR(ROUND(SQRT(V4-1)*IF(_xlfn.XLOOKUP(E4,Groups!A:A,Groups!BF:BF)=0,2,1)*IF(_xlfn.XLOOKUP('Base stats'!E4,Groups!A:A,Groups!O:O)=0,1,0.1),1),0) -> 1.7 | AY4: =IFERROR(ROUND(SQRT(U4-1),1),0) -> 0.5 | AZ4: =IFERROR(ROUND(SQRT(W4),1),0) -> 0 | BA4: =ROUND( EXP(0.3582*LN(C4)-0.2221) * (0.75 + 0.25*(C4^4/(C4^4+10^4))), 1) -> 1.2 | BB4: =IF(_xlfn.XLOOKUP(E4,Groups!A:A,Groups!N:N)="Insect",BD4*2.5,IFERROR(AVERAGE(BD4,AT4/9.81/IF(OR(_xlfn.XLOOKUP(E4,Groups!A:A,Groups!N:N)="Pig",_xlfn.XLOOKUP(E4,Groups!A:A,Groups!N:N)="StrongBitingHerbivore"),20,25))*C4^-0.135,BD4)) -> 0.35702235 | BC4: =IF(W4="No","No",IF(_xlfn.XLOOKUP(E4,Groups!A:A,Groups!U:U)=1,'Base stats'!BB4,IF(OR(_xlfn.XLOOKUP(E4,Groups!A:A,Groups!BD:BD)=1,_xlfn.XLOOKUP(E4,Groups!A:A,Groups!U:U)=2),BD4,IF(_xlfn.XLOOKUP(B4,Animals!B:B,Animals!AO:AO)>4,AVERAGE(BD4,BF4),BF4)))) -> No | BD4: =(0.0392*C4^IF(OR(Y4="Herbivore",Y4="Dendrovore",Y4="OmnivoreRough"),0.889,0.966))*C4^-0.135 -> 0.17375198 | BE4: =IF(_xlfn.XLOOKUP(E4,Groups!A:A,Groups!BE:BE)=1,(0.048*C4^1.01)+(0.071*C4^1.03),0.071*C4^1.03)/IF(_xlfn.XLOOKUP(E4,Groups!A:A,Groups!M:M)=1,0.85,IF(OR(_xlfn.XLOOKUP(B4,Animals!B:B,Animals!AO:AO)>4,_xlfn.XLOOKUP(E4,Groups!A:A,Groups!BC:BC)=1),1.7,1))*C4^-0.25 -> 0.28722109 | BF4: =(0.048*C4^1.01)/IF(_xlfn.XLOOKUP(E4,Groups!A:A,Groups!M:M)=1,0.25,0.8)*C4^-0.25 -> 0.23417806 | BG4: =EXP(1.076*LN(AR4)-4.5397)*IF(_xlfn.XLOOKUP(E4,Groups!A:A,Groups!BC:BC)=1,1.25,IF(_xlfn.XLOOKUP(E4,Groups!A:A,Groups!BD:BD)=1,3.5,2.5)) -> 10.022293 | BH4: =EXP(1.076*LN(AS4)-4.5397)*IF(_xlfn.XLOOKUP(E4,Groups!A:A,Groups!M:M)=1,0.8,IF(_xlfn.XLOOKUP(E4,Groups!A:A,Groups!BC:BC)=1,1.3,3)) -> 14.768033 | BI4: =IF(W4="No","No",IF(_xlfn.XLOOKUP(E4,Groups!A:A,Groups!U:U)=1,'Base stats'!BJ4,IF(OR(_xlfn.XLOOKUP(E4,Groups!A:A,Groups!BD:BD)=1,_xlfn.XLOOKUP(E4,Groups!A:A,Groups!U:U)=2),BG4,BH4))*1.2) -> No | BJ4: =IFERROR(EXP(1.076*LN(AT4)-4.5397)*IF(_xlfn.XLOOKUP(E4,Groups!A:A,Groups!N:N)="Insect",1,IF(OR(_xlfn.XLOOKUP(E4,Groups!A:A,Groups!N:N)="Pig",_xlfn.XLOOKUP(E4,Groups!A:A,Groups!N:N)="StrongBitingHerbivore"),3.5,3.75)),"No") -> 10.72133 | BK4: =ROUNDDOWN(SQRT((2*BG4)/BD4),0) -> 10 | BL4: =ROUNDDOWN(SQRT((2*BH4)/BE4),0) -> 10 | BM4: =IF(W4="No","No",ROUNDDOWN(SQRT((2*BI4)/BC4),0)) -> No | BN4: =IF(V4="No","No",ROUNDDOWN(SQRT((2*BJ4)/BB4),0)) -> 7 | BO4: =ROUNDDOWN(SQRT((2*BH4)/BF4),0) -> 11 | BP4: {=IF(AND(_xlfn.XLOOKUP('Base stats'!E4,Groups!A:A,Groups!AD:AD=0),_xlfn.XLOOKUP('Base stats'!E4,Groups!A:A,Groups!P:P=0)),"No",IF(U4="No",AVERAGE(EXP(-0.57+0.99*LN(C4)),EXP(0.32+0.67*LN(C4)))/IF(_xlfn.XLOOKUP(E4,Groups!A:A,Groups!AD:AD)=1,10,2),(0.7354*C4^0.4078)*2/IF(_xlfn.XLOOKUP(E4,Groups!A:A,Groups!BK:BK)=1,1000,100)/IF(_xlfn.XLOOKUP(E4,Groups!A:A,Groups!AJ:AJ)="Photonozoa",3,1)))} -> 0.030541032 | BQ4: =IF(W4="No","No",IF(_xlfn.XLOOKUP(E4,Groups!A:A,Groups!BD:BD)=1,(AO4*5%),EXP(0.7354*LN(C4)^0.4078)*2/IF(_xlfn.XLOOKUP(E4,Groups!A:A,Groups!BL:BL)=1,1000,100)/IF(_xlfn.XLOOKUP(E4,Groups!A:A,Groups!AJ:AJ)="Photonozoa",3,1))) -> No | BR4: =IF(BJ4="No","No",IF(_xlfn.XLOOKUP(E4,Groups!A:A,Groups!BF:BF)=1,(0.0315*C4+2.1825)*2,(0.7354*C4^0.4078)*2)/IF(_xlfn.XLOOKUP(E4,Groups!A:A,Groups!BM:BM)=1,1000,100)/IF(_xlfn.XLOOKUP(E4,Groups!A:A,Groups!AJ:AJ)="Photonozoa",3,1)) -> 0.030541032 | BS4: =BG4/(AO4*5%) -> 0.056347648 | BT4: =IF(BP4="No","No",BH4/BP4) -> 483.5473 | BU4: =IF(W4="No","No",BI4/BQ4) -> No | BV4: =IF(BJ4="No","No",BJ4/BR4) -> 351.04675 | BW4: 0 | BX4: 1
A5: Ostrich | B5: Struthio camelus | C5: 111 | D5: http://www.zoologicodevallarta.com/FichaTaxonomica/Avestruz/Avestruz.php?Idioma=Ingles | E5: =Groups!$A$13 -> Bird | F5: ="Lay eggs" -> Lay eggs | G5: =1000/365 -> 2.739726 | H5: 50 | I5: 0 | J5: ="Lay eggs" -> Lay eggs | K5: https://genomics.senescence.info/species/entry.php?species=Struthio_camelus | L5: =11.3*(2.3/1.95)*3.6 -> 47.981538 | M5: https://journals.biologists.com/jeb/article/219/20/3301/15422/Preferred-gait-and-walk-run-transition-speeds-in | N5: 0 | O5: 0 | P5: 0 | Q5: 0 | R5: Standard | S5: =_xlfn.XLOOKUP(B5,[1]TeethAdjusters!$A:$A,[1]BiteAdjusters!$C:$C,1) -> 1 | T5: =_xlfn.XLOOKUP(B5,[1]TeethAdjusters!$A:$A,[1]TeethAdjusters!$B:$B,1) -> 1 | U5: =MROUND(5.378,0.05) -> 5.4 | V5: 6.3 | W5: No | X5: False | Y5: Herbivore | Z5: 1 | AA5: 0 | AB5: 0 | AC5: 0 | AD5: 0 | AE5: No | AF5: 2~6 | AG5: Leather_Bird | AH5: =Animals!$C$6 -> <li>Cassowary</li> | AI5: 0 | AJ5: 0 | AK5: 0 | AL5: 0 | AM5: 0 | AN5: Standard | AO5: =(0.111*C5^0.65)*10000 -> 23701.887 | AP5: =IFERROR(C5*_xlfn.XLOOKUP(E5,Groups!A:A,Groups!K:K),0.106*C5^0.94) -> 8.8697109 | AQ5: =AP5*10000/(_xlfn.XLOOKUP(E5,Groups!A:A,Groups!J:J)*AO5) -> 3.4332075 | AR5: =EXP(0.8447*LN(C5)+3.996) -> 2904.8591 | AS5: =IF(_xlfn.XLOOKUP(E5,Groups!A:A,Groups!M:M)=1,EXP(0.7444*LN('Base stats'!C5)+6.5696),EXP(0.7927*LN('Base stats'!C5)+4.28)) -> 3020.7022 | AT5: =IF(_xlfn.XLOOKUP(E5,Groups!A:A,Groups!N:N)="No","No", IF(_xlfn.XLOOKUP(E5,Groups!A:A,Groups!N:N)="Crocodile",EXP(0.8129*LN(C5)+4.6742)*S5, IF(_xlfn.XLOOKUP(E5,Groups!A:A,Groups!N:N)="Felid",EXP(0.7843*LN(C5)+4.7073)*S5, IF(_xlfn.XLOOKUP(E5,Groups!A:A,Groups!N:N)="Canid",EXP(0.8367*LN(C5)+4.8763)*S5, IF(_xlfn.XLOOKUP(E5,Groups!A:A,Groups!N:N)="Pig",EXP(0.3439*LN(C5)+6.8519)*S5, IF(_xlfn.XLOOKUP(E5,Groups!A:A,Groups!N:N)="Rodent",EXP(0.5625*LN(C5)+4.3006)*S5, IF(_xlfn.XLOOKUP(E5,Groups!A:A,Groups!N:N)="Primate",EXP(0.7847*LN(C5)+3.4931)*S5, IF(_xlfn.XLOOKUP(E5,Groups!A:A,Groups!N:N)="MiscCarnivora",EXP(0.7486*LN(C5)+4.2207)*S5, IF(_xlfn.XLOOKUP(E5,Groups!A:A,Groups!N:N)="Lizard",EXP(0.7733*LN(C5)+5.5303)*S5, IF(_xlfn.XLOOKUP(E5,Groups!A:A,Groups!N:N)="Snake",50*C5^(2/3)*S5, IF(_xlfn.XLOOKUP(E5,Groups!A:A,Groups!N:N)="StrongBitingHerbivore",87.1133638856975*C5^(2/3)*S5, IF(_xlfn.XLOOKUP(E5,Groups!A:A,Groups!N:N)="MiscEctotherms",59.4316884072269*C5^(2/3)*S5, IF(_xlfn.XLOOKUP(E5,Groups!A:A,Groups!N:N)="StrongBeakBird",0.041*(C5*1000)^1.375*S5, IF(_xlfn.XLOOKUP(E5,Groups!A:A,Groups!N:N)="Bird",0.118*(C5*1000)^0.692*S5, IF(_xlfn.XLOOKUP(E5,Groups!A:A,Groups!N:N)="Insect",EXP(0.7444*LN(C5)+6.5696)*S5, IF(_xlfn.XLOOKUP(E5,Groups!A:A,Groups!N:N)="Theropod",EXP(0.6966*LN(C5)+4.158)*S5, "No")))))))))))))))) -> 365.80152 | AU5: =IF(_xlfn.XLOOKUP(E5,Groups!A:A,Groups!U:U)=3,AS5,IF(_xlfn.XLOOKUP(E5,Groups!A:A,Groups!U:U)=2,AR5,AT5)) -> 365.80152 | AV5: =IFERROR(AVERAGE(_xlfn.XLOOKUP(B5,Animals!B:B,Animals!N:N),_xlfn.XLOOKUP(B5,Animals!B:B,Animals!O:O)),0) -> 0 | AW5: =MROUND(40*Animals!AO5*_xlfn.XLOOKUP(AG5,Leathers!$A$2:$A$99,Leathers!$B$2:$B$99,0)+(140*_xlfn.XLOOKUP(B5,Animals!B:B,Animals!AO:AO)*2),5) -> 460 | AX5: =IFERROR(ROUND(SQRT(V5-1)*IF(_xlfn.XLOOKUP(E5,Groups!A:A,Groups!BF:BF)=0,2,1)*IF(_xlfn.XLOOKUP('Base stats'!E5,Groups!A:A,Groups!O:O)=0,1,0.1),1),0) -> 0.2 | AY5: =IFERROR(ROUND(SQRT(U5-1),1),0) -> 2.1 | AZ5: =IFERROR(ROUND(SQRT(W5),1),0) -> 0 | BA5: =ROUND( EXP(0.3582*LN(C5)-0.2221) * (0.75 + 0.25*(C5^4/(C5^4+10^4))), 1) -> 4.3 | BB5: =IF(_xlfn.XLOOKUP(E5,Groups!A:A,Groups!N:N)="Insect",BD5*2.5,IFERROR(AVERAGE(BD5,AT5/9.81/IF(OR(_xlfn.XLOOKUP(E5,Groups!A:A,Groups!N:N)="Pig",_xlfn.XLOOKUP(E5,Groups!A:A,Groups!N:N)="StrongBitingHerbivore"),20,25))*C5^-0.135,BD5)) -> 0.75656945 | BC5: =IF(W5="No","No",IF(_xlfn.XLOOKUP(E5,Groups!A:A,Groups!U:U)=1,'Base stats'!BB5,IF(OR(_xlfn.XLOOKUP(E5,Groups!A:A,Groups!BD:BD)=1,_xlfn.XLOOKUP(E5,Groups!A:A,Groups!U:U)=2),BD5,IF(_xlfn.XLOOKUP(B5,Animals!B:B,Animals!AO:AO)>4,AVERAGE(BD5,BF5),BF5)))) -> No | BD5: =(0.0392*C5^IF(OR(Y5="Herbivore",Y5="Dendrovore",Y5="OmnivoreRough"),0.889,0.966))*C5^-0.135 -> 1.366028 | BE5: =IF(_xlfn.XLOOKUP(E5,Groups!A:A,Groups!BE:BE)=1,(0.048*C5^1.01)+(0.071*C5^1.03),0.071*C5^1.03)/IF(_xlfn.XLOOKUP(E5,Groups!A:A,Groups!M:M)=1,0.85,IF(OR(_xlfn.XLOOKUP(B5,Animals!B:B,Animals!AO:AO)>4,_xlfn.XLOOKUP(E5,Groups!A:A,Groups!BC:BC)=1),1.7,1))*C5^-0.25 -> 4.5170976 | BF5: =(0.048*C5^1.01)/IF(_xlfn.XLOOKUP(E5,Groups!A:A,Groups!M:M)=1,0.25,0.8)*C5^-0.25 -> 2.1507836 | BG5: =EXP(1.076*LN(AR5)-4.5397)*IF(_xlfn.XLOOKUP(E5,Groups!A:A,Groups!BC:BC)=1,1.25,IF(_xlfn.XLOOKUP(E5,Groups!A:A,Groups!BD:BD)=1,3.5,2.5)) -> 142.13333 | BH5: =EXP(1.076*LN(AS5)-4.5397)*IF(_xlfn.XLOOKUP(E5,Groups!A:A,Groups!M:M)=1,0.8,IF(_xlfn.XLOOKUP(E5,Groups!A:A,Groups!BC:BC)=1,1.3,3)) -> 177.88966 | BI5: =IF(W5="No","No",IF(_xlfn.XLOOKUP(E5,Groups!A:A,Groups!U:U)=1,'Base stats'!BJ5,IF(OR(_xlfn.XLOOKUP(E5,Groups!A:A,Groups!BD:BD)=1,_xlfn.XLOOKUP(E5,Groups!A:A,Groups!U:U)=2),BG5,BH5))*1.2) -> No | BJ5: =IFERROR(EXP(1.076*LN(AT5)-4.5397)*IF(_xlfn.XLOOKUP(E5,Groups!A:A,Groups!N:N)="Insect",1,IF(OR(_xlfn.XLOOKUP(E5,Groups!A:A,Groups!N:N)="Pig",_xlfn.XLOOKUP(E5,Groups!A:A,Groups!N:N)="StrongBitingHerbivore"),3.5,3.75)),"No") -> 22.935952 | BK5: =ROUNDDOWN(SQRT((2*BG5)/BD5),0) -> 14 | BL5: =ROUNDDOWN(SQRT((2*BH5)/BE5),0) -> 8 | BM5: =IF(W5="No","No",ROUNDDOWN(SQRT((2*BI5)/BC5),0)) -> No | BN5: =IF(V5="No","No",ROUNDDOWN(SQRT((2*BJ5)/BB5),0)) -> 7 | BO5: =ROUNDDOWN(SQRT((2*BH5)/BF5),0) -> 12 | BP5: {=IF(AND(_xlfn.XLOOKUP('Base stats'!E5,Groups!A:A,Groups!AD:AD=0),_xlfn.XLOOKUP('Base stats'!E5,Groups!A:A,Groups!P:P=0)),"No",IF(U5="No",AVERAGE(EXP(-0.57+0.99*LN(C5)),EXP(0.32+0.67*LN(C5)))/IF(_xlfn.XLOOKUP(E5,Groups!A:A,Groups!AD:AD)=1,10,2),(0.7354*C5^0.4078)*2/IF(_xlfn.XLOOKUP(E5,Groups!A:A,Groups!BK:BK)=1,1000,100)/IF(_xlfn.XLOOKUP(E5,Groups!A:A,Groups!AJ:AJ)="Photonozoa",3,1)))} -> 0.10037749 | BQ5: =IF(W5="No","No",IF(_xlfn.XLOOKUP(E5,Groups!A:A,Groups!BD:BD)=1,(AO5*5%),EXP(0.7354*LN(C5)^0.4078)*2/IF(_xlfn.XLOOKUP(E5,Groups!A:A,Groups!BL:BL)=1,1000,100)/IF(_xlfn.XLOOKUP(E5,Groups!A:A,Groups!AJ:AJ)="Photonozoa",3,1))) -> No | BR5: =IF(BJ5="No","No",IF(_xlfn.XLOOKUP(E5,Groups!A:A,Groups!BF:BF)=1,(0.0315*C5+2.1825)*2,(0.7354*C5^0.4078)*2)/IF(_xlfn.XLOOKUP(E5,Groups!A:A,Groups!BM:BM)=1,1000,100)/IF(_xlfn.XLOOKUP(E5,Groups!A:A,Groups!AJ:AJ)="Photonozoa",3,1)) -> 0.10037749 | BS5: =BG5/(AO5*5%) -> 0.11993419 | BT5: =IF(BP5="No","No",BH5/BP5) -> 1772.2067 | BU5: =IF(W5="No","No",BI5/BQ5) -> No | BV5: =IF(BJ5="No","No",BJ5/BR5) -> 228.49697 | BW5: 0 | BX5: 1
A6: Cassowary | B6: Casuarius casuarius | C6: =44 -> 44 | D6: https://genomics.senescence.info/species/entry.php?species=Casuarius_casuarius | E6: =Groups!$A$10 -> Bird (AGRESSIVE) | F6: ="Lay eggs" -> Lay eggs | G6: =1454/365 -> 3.9835616 | H6: 30 | I6: 0 | J6: ="Lay eggs" -> Lay eggs | K6: https://genomics.senescence.info/species/entry.php?species=Casuarius_casuarius | L6: =$L$5*(C6/C5)^0.165 -> 41.187513 | M6: https://biology.ucr.edu/people/faculty/Garland/Garl1983_JZL.pdf | N6: 0 | O6: 0 | P6: 0 | Q6: 0 | R6: Standard | S6: =_xlfn.XLOOKUP(B6,[1]TeethAdjusters!$A:$A,[1]BiteAdjusters!$C:$C,1) -> 1 | T6: =_xlfn.XLOOKUP(B6,[1]TeethAdjusters!$A:$A,[1]TeethAdjusters!$B:$B,1) -> 1 | U6: =MROUND(12.5,0.05) -> 12.5 | V6: =AVERAGE(9.8,19) -> 14.4 | W6: No | X6: False | Y6: Herbivore | Z6: 1 | AA6: 0 | AB6: 0 | AC6: 0 | AD6: 0 | AE6: No | AF6: No | AG6: Leather_Bird | AH6: No | AI6: 0 | AJ6: 0 | AK6: 0 | AL6: 0 | AM6: 0 | AN6: Standard | AO6: =(0.111*C6^0.65)*10000 -> 12988.746 | AP6: =IFERROR(C6*_xlfn.XLOOKUP(E6,Groups!A:A,Groups!K:K),0.106*C6^0.94) -> 3.7166476 | AQ6: =AP6*10000/(_xlfn.XLOOKUP(E6,Groups!A:A,Groups!J:J)*AO6) -> 2.6251714 | AR6: =EXP(0.8447*LN(C6)+3.996) -> 1329.4292 | AS6: =IF(_xlfn.XLOOKUP(E6,Groups!A:A,Groups!M:M)=1,EXP(0.7444*LN('Base stats'!C6)+6.5696),EXP(0.7927*LN('Base stats'!C6)+4.28)) -> 1450.5921 | AT6: =IF(_xlfn.XLOOKUP(E6,Groups!A:A,Groups!N:N)="No","No", IF(_xlfn.XLOOKUP(E6,Groups!A:A,Groups!N:N)="Crocodile",EXP(0.8129*LN(C6)+4.6742)*S6, IF(_xlfn.XLOOKUP(E6,Groups!A:A,Groups!N:N)="Felid",EXP(0.7843*LN(C6)+4.7073)*S6, IF(_xlfn.XLOOKUP(E6,Groups!A:A,Groups!N:N)="Canid",EXP(0.8367*LN(C6)+4.8763)*S6, IF(_xlfn.XLOOKUP(E6,Groups!A:A,Groups!N:N)="Pig",EXP(0.3439*LN(C6)+6.8519)*S6, IF(_xlfn.XLOOKUP(E6,Groups!A:A,Groups!N:N)="Rodent",EXP(0.5625*LN(C6)+4.3006)*S6, IF(_xlfn.XLOOKUP(E6,Groups!A:A,Groups!N:N)="Primate",EXP(0.7847*LN(C6)+3.4931)*S6, IF(_xlfn.XLOOKUP(E6,Groups!A:A,Groups!N:N)="MiscCarnivora",EXP(0.7486*LN(C6)+4.2207)*S6, IF(_xlfn.XLOOKUP(E6,Groups!A:A,Groups!N:N)="Lizard",EXP(0.7733*LN(C6)+5.5303)*S6, IF(_xlfn.XLOOKUP(E6,Groups!A:A,Groups!N:N)="Snake",50*C6^(2/3)*S6, IF(_xlfn.XLOOKUP(E6,Groups!A:A,Groups!N:N)="StrongBitingHerbivore",87.1133638856975*C6^(2/3)*S6, IF(_xlfn.XLOOKUP(E6,Groups!A:A,Groups!N:N)="MiscEctotherms",59.4316884072269*C6^(2/3)*S6, IF(_xlfn.XLOOKUP(E6,Groups!A:A,Groups!N:N)="StrongBeakBird",0.041*(C6*1000)^1.375*S6, IF(_xlfn.XLOOKUP(E6,Groups!A:A,Groups!N:N)="Bird",0.118*(C6*1000)^0.692*S6, IF(_xlfn.XLOOKUP(E6,Groups!A:A,Groups!N:N)="Insect",EXP(0.7444*LN(C6)+6.5696)*S6, IF(_xlfn.XLOOKUP(E6,Groups!A:A,Groups!N:N)="Theropod",EXP(0.6966*LN(C6)+4.158)*S6, "No")))))))))))))))) -> 192.81964 | AU6: =IF(_xlfn.XLOOKUP(E6,Groups!A:A,Groups!U:U)=3,AS6,IF(_xlfn.XLOOKUP(E6,Groups!A:A,Groups!U:U)=2,AR6,AT6)) -> 192.81964 | AV6: =IFERROR(AVERAGE(_xlfn.XLOOKUP(B6,Animals!B:B,Animals!N:N),_xlfn.XLOOKUP(B6,Animals!B:B,Animals!O:O)),0) -> 0 | AW6: =MROUND(40*Animals!AO6*_xlfn.XLOOKUP(AG6,Leathers!$A$2:$A$99,Leathers!$B$2:$B$99,0)+(140*_xlfn.XLOOKUP(B6,Animals!B:B,Animals!AO:AO)*2),5) -> 280 | AX6: =IFERROR(ROUND(SQRT(V6-1)*IF(_xlfn.XLOOKUP(E6,Groups!A:A,Groups!BF:BF)=0,2,1)*IF(_xlfn.XLOOKUP('Base stats'!E6,Groups!A:A,Groups!O:O)=0,1,0.1),1),0) -> 0.4 | AY6: =IFERROR(ROUND(SQRT(U6-1),1),0) -> 3.4 | AZ6: =IFERROR(ROUND(SQRT(W6),1),0) -> 0 | BA6: =ROUND( EXP(0.3582*LN(C6)-0.2221) * (0.75 + 0.25*(C6^4/(C6^4+10^4))), 1) -> 3.1 | BB6: =IF(_xlfn.XLOOKUP(E6,Groups!A:A,Groups!N:N)="Insect",BD6*2.5,IFERROR(AVERAGE(BD6,AT6/9.81/IF(OR(_xlfn.XLOOKUP(E6,Groups!A:A,Groups!N:N)="Pig",_xlfn.XLOOKUP(E6,Groups!A:A,Groups!N:N)="StrongBitingHerbivore"),20,25))*C6^-0.135,BD6)) -> 0.43981946 | BC6: =IF(W6="No","No",IF(_xlfn.XLOOKUP(E6,Groups!A:A,Groups!U:U)=1,'Base stats'!BB6,IF(OR(_xlfn.XLOOKUP(E6,Groups!A:A,Groups!BD:BD)=1,_xlfn.XLOOKUP(E6,Groups!A:A,Groups!U:U)=2),BD6,IF(_xlfn.XLOOKUP(B6,Animals!B:B,Animals!AO:AO)>4,AVERAGE(BD6,BF6),BF6)))) -> No | BD6: =(0.0392*C6^IF(OR(Y6="Herbivore",Y6="Dendrovore",Y6="OmnivoreRough"),0.889,0.966))*C6^-0.135 -> 0.6799068 | BE6: =IF(_xlfn.XLOOKUP(E6,Groups!A:A,Groups!BE:BE)=1,(0.048*C6^1.01)+(0.071*C6^1.03),0.071*C6^1.03)/IF(_xlfn.XLOOKUP(E6,Groups!A:A,Groups!M:M)=1,0.85,IF(OR(_xlfn.XLOOKUP(B6,Animals!B:B,Animals!AO:AO)>4,_xlfn.XLOOKUP(E6,Groups!A:A,Groups!BC:BC)=1),1.7,1))*C6^-0.25 -> 2.2104452 | BF6: =(0.048*C6^1.01)/IF(_xlfn.XLOOKUP(E6,Groups!A:A,Groups!M:M)=1,0.25,0.8)*C6^-0.25 -> 1.0645726 | BG6: =EXP(1.076*LN(AR6)-4.5397)*IF(_xlfn.XLOOKUP(E6,Groups!A:A,Groups!BC:BC)=1,1.25,IF(_xlfn.XLOOKUP(E6,Groups!A:A,Groups!BD:BD)=1,3.5,2.5)) -> 61.296705 | BH6: =EXP(1.076*LN(AS6)-4.5397)*IF(_xlfn.XLOOKUP(E6,Groups!A:A,Groups!M:M)=1,0.8,IF(_xlfn.XLOOKUP(E6,Groups!A:A,Groups!BC:BC)=1,1.3,3)) -> 80.793674 | BI6: =IF(W6="No","No",IF(_xlfn.XLOOKUP(E6,Groups!A:A,Groups!U:U)=1,'Base stats'!BJ6,IF(OR(_xlfn.XLOOKUP(E6,Groups!A:A,Groups!BD:BD)=1,_xlfn.XLOOKUP(E6,Groups!A:A,Groups!U:U)=2),BG6,BH6))*1.2) -> No | BJ6: =IFERROR(EXP(1.076*LN(AT6)-4.5397)*IF(_xlfn.XLOOKUP(E6,Groups!A:A,Groups!N:N)="Insect",1,IF(OR(_xlfn.XLOOKUP(E6,Groups!A:A,Groups!N:N)="Pig",_xlfn.XLOOKUP(E6,Groups!A:A,Groups!N:N)="StrongBitingHerbivore"),3.5,3.75)),"No") -> 11.515621 | BK6: =ROUNDDOWN(SQRT((2*BG6)/BD6),0) -> 13 | BL6: =ROUNDDOWN(SQRT((2*BH6)/BE6),0) -> 8 | BM6: =IF(W6="No","No",ROUNDDOWN(SQRT((2*BI6)/BC6),0)) -> No | BN6: =IF(V6="No","No",ROUNDDOWN(SQRT((2*BJ6)/BB6),0)) -> 7 | BO6: =ROUNDDOWN(SQRT((2*BH6)/BF6),0) -> 12 | BP6: {=IF(AND(_xlfn.XLOOKUP('Base stats'!E6,Groups!A:A,Groups!AD:AD=0),_xlfn.XLOOKUP('Base stats'!E6,Groups!A:A,Groups!P:P=0)),"No",IF(U6="No",AVERAGE(EXP(-0.57+0.99*LN(C6)),EXP(0.32+0.67*LN(C6)))/IF(_xlfn.XLOOKUP(E6,Groups!A:A,Groups!AD:AD)=1,10,2),(0.7354*C6^0.4078)*2/IF(_xlfn.XLOOKUP(E6,Groups!A:A,Groups!BK:BK)=1,1000,100)/IF(_xlfn.XLOOKUP(E6,Groups!A:A,Groups!AJ:AJ)="Photonozoa",3,1)))} -> 0.068826173 | BQ6: =IF(W6="No","No",IF(_xlfn.XLOOKUP(E6,Groups!A:A,Groups!BD:BD)=1,(AO6*5%),EXP(0.7354*LN(C6)^0.4078)*2/IF(_xlfn.XLOOKUP(E6,Groups!A:A,Groups!BL:BL)=1,1000,100)/IF(_xlfn.XLOOKUP(E6,Groups!A:A,Groups!AJ:AJ)="Photonozoa",3,1))) -> No | BR6: =IF(BJ6="No","No",IF(_xlfn.XLOOKUP(E6,Groups!A:A,Groups!BF:BF)=1,(0.0315*C6+2.1825)*2,(0.7354*C6^0.4078)*2)/IF(_xlfn.XLOOKUP(E6,Groups!A:A,Groups!BM:BM)=1,1000,100)/IF(_xlfn.XLOOKUP(E6,Groups!A:A,Groups!AJ:AJ)="Photonozoa",3,1)) -> 0.068826173 | BS6: =BG6/(AO6*5%) -> 0.094384333 | BT6: =IF(BP6="No","No",BH6/BP6) -> 1173.8801 | BU6: =IF(W6="No","No",BI6/BQ6) -> No | BV6: =IF(BJ6="No","No",BJ6/BR6) -> 167.31456 | BW6: 0 | BX6: 1
A7: Emu | B7: Dromaius novaehollandiae | C7: 38.925 | D7: https://genomics.senescence.info/species/entry.php?species=Dromaius_novaehollandiae | E7: =Groups!$A$13 -> Bird | F7: ="Lay eggs" -> Lay eggs | G7: =727/365 -> 1.9917808 | H7: 16.6 | I7: 1 | J7: ="Lay eggs" -> Lay eggs | K7: https://genomics.senescence.info/species/entry.php?species=Dromaius_novaehollandiae | L7: =$L$5*(C7/C5)^0.165 -> 40.363015 | M7: https://biology.ucr.edu/people/faculty/Garland/Garl1983_JZL.pdf | N7: 0 | O7: 0 | P7: 0 | Q7: 0 | R7: Standard | S7: =_xlfn.XLOOKUP(B7,[1]TeethAdjusters!$A:$A,[1]BiteAdjusters!$C:$C,1) -> 1 | T7: =_xlfn.XLOOKUP(B7,[1]TeethAdjusters!$A:$A,[1]TeethAdjusters!$B:$B,1) -> 1 | U7: =MROUND(15*0.17,0.05) -> 2.55 | V7: =AVERAGE(5.6,6.7) -> 6.15 | W7: No | X7: False | Y7: Herbivore | Z7: 1 | AA7: 0 | AB7: 0 | AC7: 0 | AD7: 0 | AE7: No | AF7: 2~6 | AG7: Leather_Bird | AH7: =Animals!$C$6 -> <li>Cassowary</li> | AI7: 0 | AJ7: 0 | AK7: 0 | AL7: 0 | AM7: 0 | AN7: Standard | AO7: =(0.111*C7^0.65)*10000 -> 11994.208 | AP7: =IFERROR(C7*_xlfn.XLOOKUP(E7,Groups!A:A,Groups!K:K),0.106*C7^0.94) -> 3.3122322 | AQ7: =AP7*10000/(_xlfn.XLOOKUP(E7,Groups!A:A,Groups!J:J)*AO7) -> 2.5335104 | AR7: =EXP(0.8447*LN(C7)+3.996) -> 1198.69 | AS7: =IF(_xlfn.XLOOKUP(E7,Groups!A:A,Groups!M:M)=1,EXP(0.7444*LN('Base stats'!C7)+6.5696),EXP(0.7927*LN('Base stats'!C7)+4.28)) -> 1316.2992 | AT7: =IF(_xlfn.XLOOKUP(E7,Groups!A:A,Groups!N:N)="No","No", IF(_xlfn.XLOOKUP(E7,Groups!A:A,Groups!N:N)="Crocodile",EXP(0.8129*LN(C7)+4.6742)*S7, IF(_xlfn.XLOOKUP(E7,Groups!A:A,Groups!N:N)="Felid",EXP(0.7843*LN(C7)+4.7073)*S7, IF(_xlfn.XLOOKUP(E7,Groups!A:A,Groups!N:N)="Canid",EXP(0.8367*LN(C7)+4.8763)*S7, IF(_xlfn.XLOOKUP(E7,Groups!A:A,Groups!N:N)="Pig",EXP(0.3439*LN(C7)+6.8519)*S7, IF(_xlfn.XLOOKUP(E7,Groups!A:A,Groups!N:N)="Rodent",EXP(0.5625*LN(C7)+4.3006)*S7, IF(_xlfn.XLOOKUP(E7,Groups!A:A,Groups!N:N)="Primate",EXP(0.7847*LN(C7)+3.4931)*S7, IF(_xlfn.XLOOKUP(E7,Groups!A:A,Groups!N:N)="MiscCarnivora",EXP(0.7486*LN(C7)+4.2207)*S7, IF(_xlfn.XLOOKUP(E7,Groups!A:A,Groups!N:N)="Lizard",EXP(0.7733*LN(C7)+5.5303)*S7, IF(_xlfn.XLOOKUP(E7,Groups!A:A,Groups!N:N)="Snake",50*C7^(2/3)*S7, IF(_xlfn.XLOOKUP(E7,Groups!A:A,Groups!N:N)="StrongBitingHerbivore",87.1133638856975*C7^(2/3)*S7, IF(_xlfn.XLOOKUP(E7,Groups!A:A,Groups!N:N)="MiscEctotherms",59.4316884072269*C7^(2/3)*S7, IF(_xlfn.XLOOKUP(E7,Groups!A:A,Groups!N:N)="StrongBeakBird",0.041*(C7*1000)^1.375*S7, IF(_xlfn.XLOOKUP(E7,Groups!A:A,Groups!N:N)="Bird",0.118*(C7*1000)^0.692*S7, IF(_xlfn.XLOOKUP(E7,Groups!A:A,Groups!N:N)="Insect",EXP(0.7444*LN(C7)+6.5696)*S7, IF(_xlfn.XLOOKUP(E7,Groups!A:A,Groups!N:N)="Theropod",EXP(0.6966*LN(C7)+4.158)*S7, "No")))))))))))))))) -> 177.14146 | AU7: =IF(_xlfn.XLOOKUP(E7,Groups!A:A,Groups!U:U)=3,AS7,IF(_xlfn.XLOOKUP(E7,Groups!A:A,Groups!U:U)=2,AR7,AT7)) -> 177.14146 | AV7: =IFERROR(AVERAGE(_xlfn.XLOOKUP(B7,Animals!B:B,Animals!N:N),_xlfn.XLOOKUP(B7,Animals!B:B,Animals!O:O)),0) -> 0 | AW7: =MROUND(40*Animals!AO7*_xlfn.XLOOKUP(AG7,Leathers!$A$2:$A$99,Leathers!$B$2:$B$99,0)+(140*_xlfn.XLOOKUP(B7,Animals!B:B,Animals!AO:AO)*2),5) -> 265 | AX7: =IFERROR(ROUND(SQRT(V7-1)*IF(_xlfn.XLOOKUP(E7,Groups!A:A,Groups!BF:BF)=0,2,1)*IF(_xlfn.XLOOKUP('Base stats'!E7,Groups!A:A,Groups!O:O)=0,1,0.1),1),0) -> 0.2 | AY7: =IFERROR(ROUND(SQRT(U7-1),1),0) -> 1.2 | AZ7: =IFERROR(ROUND(SQRT(W7),1),0) -> 0 | BA7: =ROUND( EXP(0.3582*LN(C7)-0.2221) * (0.75 + 0.25*(C7^4/(C7^4+10^4))), 1) -> 3 | BB7: =IF(_xlfn.XLOOKUP(E7,Groups!A:A,Groups!N:N)="Insect",BD7*2.5,IFERROR(AVERAGE(BD7,AT7/9.81/IF(OR(_xlfn.XLOOKUP(E7,Groups!A:A,Groups!N:N)="Pig",_xlfn.XLOOKUP(E7,Groups!A:A,Groups!N:N)="StrongBitingHerbivore"),20,25))*C7^-0.135,BD7)) -> 0.40935627 | BC7: =IF(W7="No","No",IF(_xlfn.XLOOKUP(E7,Groups!A:A,Groups!U:U)=1,'Base stats'!BB7,IF(OR(_xlfn.XLOOKUP(E7,Groups!A:A,Groups!BD:BD)=1,_xlfn.XLOOKUP(E7,Groups!A:A,Groups!U:U)=2),BD7,IF(_xlfn.XLOOKUP(B7,Animals!B:B,Animals!AO:AO)>4,AVERAGE(BD7,BF7),BF7)))) -> No | BD7: =(0.0392*C7^IF(OR(Y7="Herbivore",Y7="Dendrovore",Y7="OmnivoreRough"),0.889,0.966))*C7^-0.135 -> 0.61989545 | BE7: =IF(_xlfn.XLOOKUP(E7,Groups!A:A,Groups!BE:BE)=1,(0.048*C7^1.01)+(0.071*C7^1.03),0.071*C7^1.03)/IF(_xlfn.XLOOKUP(E7,Groups!A:A,Groups!M:M)=1,0.85,IF(OR(_xlfn.XLOOKUP(B7,Animals!B:B,Animals!AO:AO)>4,_xlfn.XLOOKUP(E7,Groups!A:A,Groups!BC:BC)=1),1.7,1))*C7^-0.25 -> 2.0108304 | BF7: =(0.048*C7^1.01)/IF(_xlfn.XLOOKUP(E7,Groups!A:A,Groups!M:M)=1,0.25,0.8)*C7^-0.25 -> 0.96989563 | BG7: =EXP(1.076*LN(AR7)-4.5397)*IF(_xlfn.XLOOKUP(E7,Groups!A:A,Groups!BC:BC)=1,1.25,IF(_xlfn.XLOOKUP(E7,Groups!A:A,Groups!BD:BD)=1,3.5,2.5)) -> 54.835516 | BH7: =EXP(1.076*LN(AS7)-4.5397)*IF(_xlfn.XLOOKUP(E7,Groups!A:A,Groups!M:M)=1,0.8,IF(_xlfn.XLOOKUP(E7,Groups!A:A,Groups!BC:BC)=1,1.3,3)) -> 72.774655 | BI7: =IF(W7="No","No",IF(_xlfn.XLOOKUP(E7,Groups!A:A,Groups!U:U)=1,'Base stats'!BJ7,IF(OR(_xlfn.XLOOKUP(E7,Groups!A:A,Groups!BD:BD)=1,_xlfn.XLOOKUP(E7,Groups!A:A,Groups!U:U)=2),BG7,BH7))*1.2) -> No | BJ7: =IFERROR(EXP(1.076*LN(AT7)-4.5397)*IF(_xlfn.XLOOKUP(E7,Groups!A:A,Groups!N:N)="Insect",1,IF(OR(_xlfn.XLOOKUP(E7,Groups!A:A,Groups!N:N)="Pig",_xlfn.XLOOKUP(E7,Groups!A:A,Groups!N:N)="StrongBitingHerbivore"),3.5,3.75)),"No") -> 10.511318 | BK7: =ROUNDDOWN(SQRT((2*BG7)/BD7),0) -> 13 | BL7: =ROUNDDOWN(SQRT((2*BH7)/BE7),0) -> 8 | BM7: =IF(W7="No","No",ROUNDDOWN(SQRT((2*BI7)/BC7),0)) -> No | BN7: =IF(V7="No","No",ROUNDDOWN(SQRT((2*BJ7)/BB7),0)) -> 7 | BO7: =ROUNDDOWN(SQRT((2*BH7)/BF7),0) -> 12 | BP7: {=IF(AND(_xlfn.XLOOKUP('Base stats'!E7,Groups!A:A,Groups!AD:AD=0),_xlfn.XLOOKUP('Base stats'!E7,Groups!A:A,Groups!P:P=0)),"No",IF(U7="No",AVERAGE(EXP(-0.57+0.99*LN(C7)),EXP(0.32+0.67*LN(C7)))/IF(_xlfn.XLOOKUP(E7,Groups!A:A,Groups!AD:AD)=1,10,2),(0.7354*C7^0.4078)*2/IF(_xlfn.XLOOKUP(E7,Groups!A:A,Groups!BK:BK)=1,1000,100)/IF(_xlfn.XLOOKUP(E7,Groups!A:A,Groups!AJ:AJ)="Photonozoa",3,1)))} -> 0.065470982 | BQ7: =IF(W7="No","No",IF(_xlfn.XLOOKUP(E7,Groups!A:A,Groups!BD:BD)=1,(AO7*5%),EXP(0.7354*LN(C7)^0.4078)*2/IF(_xlfn.XLOOKUP(E7,Groups!A:A,Groups!BL:BL)=1,1000,100)/IF(_xlfn.XLOOKUP(E7,Groups!A:A,Groups!AJ:AJ)="Photonozoa",3,1))) -> No | BR7: =IF(BJ7="No","No",IF(_xlfn.XLOOKUP(E7,Groups!A:A,Groups!BF:BF)=1,(0.0315*C7+2.1825)*2,(0.7354*C7^0.4078)*2)/IF(_xlfn.XLOOKUP(E7,Groups!A:A,Groups!BM:BM)=1,1000,100)/IF(_xlfn.XLOOKUP(E7,Groups!A:A,Groups!AJ:AJ)="Photonozoa",3,1)) -> 0.065470982 | BS7: =BG7/(AO7*5%) -> 0.091436659 | BT7: =IF(BP7="No","No",BH7/BP7) -> 1111.5559 | BU7: =IF(W7="No","No",BI7/BQ7) -> No | BV7: =IF(BJ7="No","No",BJ7/BR7) -> 160.54926 | BW7: 0 | BX7: 1
A8: Turkey | B8: Meleagris gallopavo (wild) | C8: 6.05 | D8: https://genomics.senescence.info/species/entry.php?species=Meleagris_gallopavo | E8: =Groups!$A$13 -> Bird | F8: ="Lay eggs" -> Lay eggs | G8: =304/365 -> 0.83287671 | H8: 13 | I8: 1 | J8: ="Lay eggs" -> Lay eggs | K8: https://genomics.senescence.info/species/entry.php?species=Meleagris_gallopavo | L8: =10*1.60934 -> 16.0934 | M8: https://www.jstor.org/stable/4158661 | N8: 0 | O8: 0 | P8: 0 | Q8: 0 | R8: Standard | S8: =_xlfn.XLOOKUP(B8,[1]TeethAdjusters!$A:$A,[1]BiteAdjusters!$C:$C,1) -> 1 | T8: =_xlfn.XLOOKUP(B8,[1]TeethAdjusters!$A:$A,[1]TeethAdjusters!$B:$B,1) -> 1 | U8: =MROUND(3.81,0.05) -> 3.8 | V8: =MROUND(53.8/10,0.05) -> 5.4 | W8: No | X8: False | Y8: Herbivore | Z8: 1 | AA8: 0 | AB8: 0 | AC8: 0 | AD8: 0 | AE8: No | AF8: 3~10 | AG8: No | AH8: No | AI8: 0 | AJ8: 0 | AK8: 0 | AL8: 0 | AM8: 0 | AN8: Standard | AO8: =(0.111*C8^0.65)*10000 -> 3576.5473 | AP8: =IFERROR(C8*_xlfn.XLOOKUP(E8,Groups!A:A,Groups!K:K),0.106*C8^0.94) -> 0.57564656 | AQ8: =AP8*10000/(_xlfn.XLOOKUP(E8,Groups!A:A,Groups!J:J)*AO8) -> 1.4766088 | AR8: =EXP(0.8447*LN(C8)+3.996) -> 248.76514 | AS8: =IF(_xlfn.XLOOKUP(E8,Groups!A:A,Groups!M:M)=1,EXP(0.7444*LN('Base stats'!C8)+6.5696),EXP(0.7927*LN('Base stats'!C8)+4.28)) -> 300.93858 | AT8: =IF(_xlfn.XLOOKUP(E8,Groups!A:A,Groups!N:N)="No","No", IF(_xlfn.XLOOKUP(E8,Groups!A:A,Groups!N:N)="Crocodile",EXP(0.8129*LN(C8)+4.6742)*S8, IF(_xlfn.XLOOKUP(E8,Groups!A:A,Groups!N:N)="Felid",EXP(0.7843*LN(C8)+4.7073)*S8, IF(_xlfn.XLOOKUP(E8,Groups!A:A,Groups!N:N)="Canid",EXP(0.8367*LN(C8)+4.8763)*S8, IF(_xlfn.XLOOKUP(E8,Groups!A:A,Groups!N:N)="Pig",EXP(0.3439*LN(C8)+6.8519)*S8, IF(_xlfn.XLOOKUP(E8,Groups!A:A,Groups!N:N)="Rodent",EXP(0.5625*LN(C8)+4.3006)*S8, IF(_xlfn.XLOOKUP(E8,Groups!A:A,Groups!N:N)="Primate",EXP(0.7847*LN(C8)+3.4931)*S8, IF(_xlfn.XLOOKUP(E8,Groups!A:A,Groups!N:N)="MiscCarnivora",EXP(0.7486*LN(C8)+4.2207)*S8, IF(_xlfn.XLOOKUP(E8,Groups!A:A,Groups!N:N)="Lizard",EXP(0.7733*LN(C8)+5.5303)*S8, IF(_xlfn.XLOOKUP(E8,Groups!A:A,Groups!N:N)="Snake",50*C8^(2/3)*S8, IF(_xlfn.XLOOKUP(E8,Groups!A:A,Groups!N:N)="StrongBitingHerbivore",87.1133638856975*C8^(2/3)*S8, IF(_xlfn.XLOOKUP(E8,Groups!A:A,Groups!N:N)="MiscEctotherms",59.4316884072269*C8^(2/3)*S8, IF(_xlfn.XLOOKUP(E8,Groups!A:A,Groups!N:N)="StrongBeakBird",0.041*(C8*1000)^1.375*S8, IF(_xlfn.XLOOKUP(E8,Groups!A:A,Groups!N:N)="Bird",0.118*(C8*1000)^0.692*S8, IF(_xlfn.XLOOKUP(E8,Groups!A:A,Groups!N:N)="Insect",EXP(0.7444*LN(C8)+6.5696)*S8, IF(_xlfn.XLOOKUP(E8,Groups!A:A,Groups!N:N)="Theropod",EXP(0.6966*LN(C8)+4.158)*S8, "No")))))))))))))))) -> 48.849118 | AU8: =IF(_xlfn.XLOOKUP(E8,Groups!A:A,Groups!U:U)=3,AS8,IF(_xlfn.XLOOKUP(E8,Groups!A:A,Groups!U:U)=2,AR8,AT8)) -> 48.849118 | AV8: =IFERROR(AVERAGE(_xlfn.XLOOKUP(B8,Animals!B:B,Animals!N:N),_xlfn.XLOOKUP(B8,Animals!B:B,Animals!O:O)),0) -> 0 | AW8: =MROUND(40*Animals!AO8*_xlfn.XLOOKUP(AG8,Leathers!$A$2:$A$99,Leathers!$B$2:$B$99,0)+(140*_xlfn.XLOOKUP(B8,Animals!B:B,Animals!AO:AO)*2),5) -> 100 | AX8: =IFERROR(ROUND(SQRT(V8-1)*IF(_xlfn.XLOOKUP(E8,Groups!A:A,Groups!BF:BF)=0,2,1)*IF(_xlfn.XLOOKUP('Base stats'!E8,Groups!A:A,Groups!O:O)=0,1,0.1),1),0) -> 0.2 | AY8: =IFERROR(ROUND(SQRT(U8-1),1),0) -> 1.7 | AZ8: =IFERROR(ROUND(SQRT(W8),1),0) -> 0 | BA8: =ROUND( EXP(0.3582*LN(C8)-0.2221) * (0.75 + 0.25*(C8^4/(C8^4+10^4))), 1) -> 1.2 | BB8: =IF(_xlfn.XLOOKUP(E8,Groups!A:A,Groups!N:N)="Insect",BD8*2.5,IFERROR(AVERAGE(BD8,AT8/9.81/IF(OR(_xlfn.XLOOKUP(E8,Groups!A:A,Groups!N:N)="Pig",_xlfn.XLOOKUP(E8,Groups!A:A,Groups!N:N)="StrongBitingHerbivore"),20,25))*C8^-0.135,BD8)) -> 0.13783123 | BC8: =IF(W8="No","No",IF(_xlfn.XLOOKUP(E8,Groups!A:A,Groups!U:U)=1,'Base stats'!BB8,IF(OR(_xlfn.XLOOKUP(E8,Groups!A:A,Groups!BD:BD)=1,_xlfn.XLOOKUP(E8,Groups!A:A,Groups!U:U)=2),BD8,IF(_xlfn.XLOOKUP(B8,Animals!B:B,Animals!AO:AO)>4,AVERAGE(BD8,BF8),BF8)))) -> No | BD8: =(0.0392*C8^IF(OR(Y8="Herbivore",Y8="Dendrovore",Y8="OmnivoreRough"),0.889,0.966))*C8^-0.135 -> 0.15231042 | BE8: =IF(_xlfn.XLOOKUP(E8,Groups!A:A,Groups!BE:BE)=1,(0.048*C8^1.01)+(0.071*C8^1.03),0.071*C8^1.03)/IF(_xlfn.XLOOKUP(E8,Groups!A:A,Groups!M:M)=1,0.85,IF(OR(_xlfn.XLOOKUP(B8,Animals!B:B,Animals!AO:AO)>4,_xlfn.XLOOKUP(E8,Groups!A:A,Groups!BC:BC)=1),1.7,1))*C8^-0.25 -> 0.47761409 | BF8: =(0.048*C8^1.01)/IF(_xlfn.XLOOKUP(E8,Groups!A:A,Groups!M:M)=1,0.25,0.8)*C8^-0.25 -> 0.23565971 | BG8: =EXP(1.076*LN(AR8)-4.5397)*IF(_xlfn.XLOOKUP(E8,Groups!A:A,Groups!BC:BC)=1,1.25,IF(_xlfn.XLOOKUP(E8,Groups!A:A,Groups!BD:BD)=1,3.5,2.5)) -> 10.098174 | BH8: =EXP(1.076*LN(AS8)-4.5397)*IF(_xlfn.XLOOKUP(E8,Groups!A:A,Groups!M:M)=1,0.8,IF(_xlfn.XLOOKUP(E8,Groups!A:A,Groups!BC:BC)=1,1.3,3)) -> 14.872938 | BI8: =IF(W8="No","No",IF(_xlfn.XLOOKUP(E8,Groups!A:A,Groups!U:U)=1,'Base stats'!BJ8,IF(OR(_xlfn.XLOOKUP(E8,Groups!A:A,Groups!BD:BD)=1,_xlfn.XLOOKUP(E8,Groups!A:A,Groups!U:U)=2),BG8,BH8))*1.2) -> No | BJ8: =IFERROR(EXP(1.076*LN(AT8)-4.5397)*IF(_xlfn.XLOOKUP(E8,Groups!A:A,Groups!N:N)="Insect",1,IF(OR(_xlfn.XLOOKUP(E8,Groups!A:A,Groups!N:N)="Pig",_xlfn.XLOOKUP(E8,Groups!A:A,Groups!N:N)="StrongBitingHerbivore"),3.5,3.75)),"No") -> 2.628297 | BK8: =ROUNDDOWN(SQRT((2*BG8)/BD8),0) -> 11 | BL8: =ROUNDDOWN(SQRT((2*BH8)/BE8),0) -> 7 | BM8: =IF(W8="No","No",ROUNDDOWN(SQRT((2*BI8)/BC8),0)) -> No | BN8: =IF(V8="No","No",ROUNDDOWN(SQRT((2*BJ8)/BB8),0)) -> 6 | BO8: =ROUNDDOWN(SQRT((2*BH8)/BF8),0) -> 11 | BP8: {=IF(AND(_xlfn.XLOOKUP('Base stats'!E8,Groups!A:A,Groups!AD:AD=0),_xlfn.XLOOKUP('Base stats'!E8,Groups!A:A,Groups!P:P=0)),"No",IF(U8="No",AVERAGE(EXP(-0.57+0.99*LN(C8)),EXP(0.32+0.67*LN(C8)))/IF(_xlfn.XLOOKUP(E8,Groups!A:A,Groups!AD:AD)=1,10,2),(0.7354*C8^0.4078)*2/IF(_xlfn.XLOOKUP(E8,Groups!A:A,Groups!BK:BK)=1,1000,100)/IF(_xlfn.XLOOKUP(E8,Groups!A:A,Groups!AJ:AJ)="Photonozoa",3,1)))} -> 0.030644565 | BQ8: =IF(W8="No","No",IF(_xlfn.XLOOKUP(E8,Groups!A:A,Groups!BD:BD)=1,(AO8*5%),EXP(0.7354*LN(C8)^0.4078)*2/IF(_xlfn.XLOOKUP(E8,Groups!A:A,Groups!BL:BL)=1,1000,100)/IF(_xlfn.XLOOKUP(E8,Groups!A:A,Groups!AJ:AJ)="Photonozoa",3,1))) -> No | BR8: =IF(BJ8="No","No",IF(_xlfn.XLOOKUP(E8,Groups!A:A,Groups!BF:BF)=1,(0.0315*C8+2.1825)*2,(0.7354*C8^0.4078)*2)/IF(_xlfn.XLOOKUP(E8,Groups!A:A,Groups!BM:BM)=1,1000,100)/IF(_xlfn.XLOOKUP(E8,Groups!A:A,Groups!AJ:AJ)="Photonozoa",3,1)) -> 0.030644565 | BS8: =BG8/(AO8*5%) -> 0.056468843 | BT8: =IF(BP8="No","No",BH8/BP8) -> 485.33691 | BU8: =IF(W8="No","No",BI8/BQ8) -> No | BV8: =IF(BJ8="No","No",BJ8/BR8) -> 85.767151 | BW8: 0 | BX8: 1
A9: Goose | B9: Anser anser (Adler) | C9: =AVERAGE(AVERAGE(7,9),AVERAGE(5,7)) -> 7 | D9: https://www.fao.org/4/ah759e/AH759E23.htm | E9: =Groups!$A$9 -> Bird (WATER) | F9: ="Lay eggs" -> Lay eggs | G9: =9.5/12 -> 0.79166667 | H9: 31 | I9: 0 | J9: ="Lay eggs" -> Lay eggs | K9: https://genomics.senescence.info/species/entry.php?species=Anser_anser and https://www.fao.org/4/ah759e/AH759E23.htm | L9: =8.2*1.60934 -> 13.196588 | M9: https://www.jstor.org/stable/4158661 | N9: 0 | O9: 2 | P9: 0 | Q9: 0 | R9: Standard | S9: =_xlfn.XLOOKUP(B9,[1]TeethAdjusters!$A:$A,[1]BiteAdjusters!$C:$C,1) -> 1 | T9: =_xlfn.XLOOKUP(B9,[1]TeethAdjusters!$A:$A,[1]TeethAdjusters!$B:$B,1) -> 1 | U9: No | V9: =MROUND(65.52/10,0.05) -> 6.55 | W9: No | X9: False | Y9: Herbivore | Z9: 1 | AA9: 0 | AB9: 0 | AC9: 0 | AD9: 0 | AE9: No | AF9: 3~10 | AG9: No | AH9: No | AI9: 0 | AJ9: 0 | AK9: 0 | AL9: 0 | AM9: 0 | AN9: Standard | AO9: =(0.111*C9^0.65)*10000 -> 3932.21 | AP9: =IFERROR(C9*_xlfn.XLOOKUP(E9,Groups!A:A,Groups!K:K),0.106*C9^0.94) -> 0.66023421 | AQ9: =AP9*10000/(_xlfn.XLOOKUP(E9,Groups!A:A,Groups!J:J)*AO9) -> 1.5404046 | AR9: =EXP(0.8447*LN(C9)+3.996) -> 281.38119 | AS9: =IF(_xlfn.XLOOKUP(E9,Groups!A:A,Groups!M:M)=1,EXP(0.7444*LN('Base stats'!C9)+6.5696),EXP(0.7927*LN('Base stats'!C9)+4.28)) -> 337.8233 | AT9: =IF(_xlfn.XLOOKUP(E9,Groups!A:A,Groups!N:N)="No","No", IF(_xlfn.XLOOKUP(E9,Groups!A:A,Groups!N:N)="Crocodile",EXP(0.8129*LN(C9)+4.6742)*S9, IF(_xlfn.XLOOKUP(E9,Groups!A:A,Groups!N:N)="Felid",EXP(0.7843*LN(C9)+4.7073)*S9, IF(_xlfn.XLOOKUP(E9,Groups!A:A,Groups!N:N)="Canid",EXP(0.8367*LN(C9)+4.8763)*S9, IF(_xlfn.XLOOKUP(E9,Groups!A:A,Groups!N:N)="Pig",EXP(0.3439*LN(C9)+6.8519)*S9, IF(_xlfn.XLOOKUP(E9,Groups!A:A,Groups!N:N)="Rodent",EXP(0.5625*LN(C9)+4.3006)*S9, IF(_xlfn.XLOOKUP(E9,Groups!A:A,Groups!N:N)="Primate",EXP(0.7847*LN(C9)+3.4931)*S9, IF(_xlfn.XLOOKUP(E9,Groups!A:A,Groups!N:N)="MiscCarnivora",EXP(0.7486*LN(C9)+4.2207)*S9, IF(_xlfn.XLOOKUP(E9,Groups!A:A,Groups!N:N)="Lizard",EXP(0.7733*LN(C9)+5.5303)*S9, IF(_xlfn.XLOOKUP(E9,Groups!A:A,Groups!N:N)="Snake",50*C9^(2/3)*S9, IF(_xlfn.XLOOKUP(E9,Groups!A:A,Groups!N:N)="StrongBitingHerbivore",87.1133638856975*C9^(2/3)*S9, IF(_xlfn.XLOOKUP(E9,Groups!A:A,Groups!N:N)="MiscEctotherms",59.4316884072269*C9^(2/3)*S9, IF(_xlfn.XLOOKUP(E9,Groups!A:A,Groups!N:N)="StrongBeakBird",0.041*(C9*1000)^1.375*S9, IF(_xlfn.XLOOKUP(E9,Groups!A:A,Groups!N:N)="Bird",0.118*(C9*1000)^0.692*S9, IF(_xlfn.XLOOKUP(E9,Groups!A:A,Groups!N:N)="Insect",EXP(0.7444*LN(C9)+6.5696)*S9, IF(_xlfn.XLOOKUP(E9,Groups!A:A,Groups!N:N)="Theropod",EXP(0.6966*LN(C9)+4.158)*S9, "No")))))))))))))))) -> 54.036828 | AU9: =IF(_xlfn.XLOOKUP(E9,Groups!A:A,Groups!U:U)=3,AS9,IF(_xlfn.XLOOKUP(E9,Groups!A:A,Groups!U:U)=2,AR9,AT9)) -> 54.036828 | AV9: =IFERROR(AVERAGE(_xlfn.XLOOKUP(B9,Animals!B:B,Animals!N:N),_xlfn.XLOOKUP(B9,Animals!B:B,Animals!O:O)),0) -> 0 | AW9: =MROUND(40*Animals!AO9*_xlfn.XLOOKUP(AG9,Leathers!$A$2:$A$99,Leathers!$B$2:$B$99,0)+(140*_xlfn.XLOOKUP(B9,Animals!B:B,Animals!AO:AO)*2),5) -> 100 | AX9: =IFERROR(ROUND(SQRT(V9-1)*IF(_xlfn.XLOOKUP(E9,Groups!A:A,Groups!BF:BF)=0,2,1)*IF(_xlfn.XLOOKUP('Base stats'!E9,Groups!A:A,Groups!O:O)=0,1,0.1),1),0) -> 0.2 | AY9: =IFERROR(ROUND(SQRT(U9-1),1),0) -> 0 | AZ9: =IFERROR(ROUND(SQRT(W9),1),0) -> 0 | BA9: =ROUND( EXP(0.3582*LN(C9)-0.2221) * (0.75 + 0.25*(C9^4/(C9^4+10^4))), 1) -> 1.3 | BB9: =IF(_xlfn.XLOOKUP(E9,Groups!A:A,Groups!N:N)="Insect",BD9*2.5,IFERROR(AVERAGE(BD9,AT9/9.81/IF(OR(_xlfn.XLOOKUP(E9,Groups!A:A,Groups!N:N)="Pig",_xlfn.XLOOKUP(E9,Groups!A:A,Groups!N:N)="StrongBitingHerbivore"),20,25))*C9^-0.135,BD9)) -> 0.15008443 | BC9: =IF(W9="No","No",IF(_xlfn.XLOOKUP(E9,Groups!A:A,Groups!U:U)=1,'Base stats'!BB9,IF(OR(_xlfn.XLOOKUP(E9,Groups!A:A,Groups!BD:BD)=1,_xlfn.XLOOKUP(E9,Groups!A:A,Groups!U:U)=2),BD9,IF(_xlfn.XLOOKUP(B9,Animals!B:B,Animals!AO:AO)>4,AVERAGE(BD9,BF9),BF9)))) -> No | BD9: =(0.0392*C9^IF(OR(Y9="Herbivore",Y9="Dendrovore",Y9="OmnivoreRough"),0.889,0.966))*C9^-0.135 -> 0.17001608 | BE9: =IF(_xlfn.XLOOKUP(E9,Groups!A:A,Groups!BE:BE)=1,(0.048*C9^1.01)+(0.071*C9^1.03),0.071*C9^1.03)/IF(_xlfn.XLOOKUP(E9,Groups!A:A,Groups!M:M)=1,0.85,IF(OR(_xlfn.XLOOKUP(B9,Animals!B:B,Animals!AO:AO)>4,_xlfn.XLOOKUP(E9,Groups!A:A,Groups!BC:BC)=1),1.7,1))*C9^-0.25 -> 0.53454563 | BF9: =(0.048*C9^1.01)/IF(_xlfn.XLOOKUP(E9,Groups!A:A,Groups!M:M)=1,0.25,0.8)*C9^-0.25 -> 0.26328478 | BG9: =EXP(1.076*LN(AR9)-4.5397)*IF(_xlfn.XLOOKUP(E9,Groups!A:A,Groups!BC:BC)=1,1.25,IF(_xlfn.XLOOKUP(E9,Groups!A:A,Groups!BD:BD)=1,3.5,2.5)) -> 11.529616 | BH9: =EXP(1.076*LN(AS9)-4.5397)*IF(_xlfn.XLOOKUP(E9,Groups!A:A,Groups!M:M)=1,0.8,IF(_xlfn.XLOOKUP(E9,Groups!A:A,Groups!BC:BC)=1,1.3,3)) -> 16.8432 | BI9: =IF(W9="No","No",IF(_xlfn.XLOOKUP(E9,Groups!A:A,Groups!U:U)=1,'Base stats'!BJ9,IF(OR(_xlfn.XLOOKUP(E9,Groups!A:A,Groups!BD:BD)=1,_xlfn.XLOOKUP(E9,Groups!A:A,Groups!U:U)=2),BG9,BH9))*1.2) -> No | BJ9: =IFERROR(EXP(1.076*LN(AT9)-4.5397)*IF(_xlfn.XLOOKUP(E9,Groups!A:A,Groups!N:N)="Insect",1,IF(OR(_xlfn.XLOOKUP(E9,Groups!A:A,Groups!N:N)="Pig",_xlfn.XLOOKUP(E9,Groups!A:A,Groups!N:N)="StrongBitingHerbivore"),3.5,3.75)),"No") -> 2.9298062 | BK9: =ROUNDDOWN(SQRT((2*BG9)/BD9),0) -> 11 | BL9: =ROUNDDOWN(SQRT((2*BH9)/BE9),0) -> 7 | BM9: =IF(W9="No","No",ROUNDDOWN(SQRT((2*BI9)/BC9),0)) -> No | BN9: =IF(V9="No","No",ROUNDDOWN(SQRT((2*BJ9)/BB9),0)) -> 6 | BO9: =ROUNDDOWN(SQRT((2*BH9)/BF9),0) -> 11 | BP9: {=IF(AND(_xlfn.XLOOKUP('Base stats'!E9,Groups!A:A,Groups!AD:AD=0),_xlfn.XLOOKUP('Base stats'!E9,Groups!A:A,Groups!P:P=0)),"No",IF(U9="No",AVERAGE(EXP(-0.57+0.99*LN(C9)),EXP(0.32+0.67*LN(C9)))/IF(_xlfn.XLOOKUP(E9,Groups!A:A,Groups!AD:AD)=1,10,2),(0.7354*C9^0.4078)*2/IF(_xlfn.XLOOKUP(E9,Groups!A:A,Groups!BK:BK)=1,1000,100)/IF(_xlfn.XLOOKUP(E9,Groups!A:A,Groups!AJ:AJ)="Photonozoa",3,1)))} -> No | BQ9: =IF(W9="No","No",IF(_xlfn.XLOOKUP(E9,Groups!A:A,Groups!BD:BD)=1,(AO9*5%),EXP(0.7354*LN(C9)^0.4078)*2/IF(_xlfn.XLOOKUP(E9,Groups!A:A,Groups!BL:BL)=1,1000,100)/IF(_xlfn.XLOOKUP(E9,Groups!A:A,Groups!AJ:AJ)="Photonozoa",3,1))) -> No | BR9: =IF(BJ9="No","No",IF(_xlfn.XLOOKUP(E9,Groups!A:A,Groups!BF:BF)=1,(0.0315*C9+2.1825)*2,(0.7354*C9^0.4078)*2)/IF(_xlfn.XLOOKUP(E9,Groups!A:A,Groups!BM:BM)=1,1000,100)/IF(_xlfn.XLOOKUP(E9,Groups!A:A,Groups!AJ:AJ)="Photonozoa",3,1)) -> 0.032522551 | BS9: =BG9/(AO9*5%) -> 0.058641913 | BT9: =IF(BP9="No","No",BH9/BP9) -> No | BU9: =IF(W9="No","No",BI9/BQ9) -> No | BV9: =IF(BJ9="No","No",BJ9/BR9) -> 90.085374 | BW9: 0 | BX9: 1
A10: Duck | B10: Anas platyrhynchos (wild) | C10: 1.048 | D10: https://genomics.senescence.info/species/entry.php?species=Anas_platyrhynchos | E10: =Groups!$A$9 -> Bird (WATER) | F10: ="Lay eggs" -> Lay eggs | G10: =365/365 -> 1 | H10: 29.1 | I10: 0 | J10: ="Lay eggs" -> Lay eggs | K10: https://genomics.senescence.info/species/entry.php?species=Anas_platyrhynchos | L10: =8.2*1.60934 -> 13.196588 | M10: https://www.jstor.org/stable/4158661 | N10: 0 | O10: 0 | P10: 0 | Q10: 0 | R10: Standard | S10: =_xlfn.XLOOKUP(B10,[1]TeethAdjusters!$A:$A,[1]BiteAdjusters!$C:$C,1) -> 1 | T10: =_xlfn.XLOOKUP(B10,[1]TeethAdjusters!$A:$A,[1]TeethAdjusters!$B:$B,1) -> 1 | U10: No | V10: 2 | W10: No | X10: False | Y10: Herbivore | Z10: 1 | AA10: 0 | AB10: 0 | AC10: 0 | AD10: 0 | AE10: No | AF10: 3~10 | AG10: No | AH10: No | AI10: 0 | AJ10: 0 | AK10: 0 | AL10: 0 | AM10: 0 | AN10: Standard | AO10: =(0.111*C10^0.65)*10000 -> 1144.3472 | AP10: =IFERROR(C10*_xlfn.XLOOKUP(E10,Groups!A:A,Groups!K:K),0.106*C10^0.94) -> 0.11077595 | AQ10: =AP10*10000/(_xlfn.XLOOKUP(E10,Groups!A:A,Groups!J:J)*AO10) -> 0.88809855 | AR10: =EXP(0.8447*LN(C10)+3.996) -> 56.577001 | AS10: =IF(_xlfn.XLOOKUP(E10,Groups!A:A,Groups!M:M)=1,EXP(0.7444*LN('Base stats'!C10)+6.5696),EXP(0.7927*LN('Base stats'!C10)+4.28)) -> 74.975742 | AT10: =IF(_xlfn.XLOOKUP(E10,Groups!A:A,Groups!N:N)="No","No", IF(_xlfn.XLOOKUP(E10,Groups!A:A,Groups!N:N)="Crocodile",EXP(0.8129*LN(C10)+4.6742)*S10, IF(_xlfn.XLOOKUP(E10,Groups!A:A,Groups!N:N)="Felid",EXP(0.7843*LN(C10)+4.7073)*S10, IF(_xlfn.XLOOKUP(E10,Groups!A:A,Groups!N:N)="Canid",EXP(0.8367*LN(C10)+4.8763)*S10, IF(_xlfn.XLOOKUP(E10,Groups!A:A,Groups!N:N)="Pig",EXP(0.3439*LN(C10)+6.8519)*S10, IF(_xlfn.XLOOKUP(E10,Groups!A:A,Groups!N:N)="Rodent",EXP(0.5625*LN(C10)+4.3006)*S10, IF(_xlfn.XLOOKUP(E10,Groups!A:A,Groups!N:N)="Primate",EXP(0.7847*LN(C10)+3.4931)*S10, IF(_xlfn.XLOOKUP(E10,Groups!A:A,Groups!N:N)="MiscCarnivora",EXP(0.7486*LN(C10)+4.2207)*S10, IF(_xlfn.XLOOKUP(E10,Groups!A:A,Groups!N:N)="Lizard",EXP(0.7733*LN(C10)+5.5303)*S10, IF(_xlfn.XLOOKUP(E10,Groups!A:A,Groups!N:N)="Snake",50*C10^(2/3)*S10, IF(_xlfn.XLOOKUP(E10,Groups!A:A,Groups!N:N)="StrongBitingHerbivore",87.1133638856975*C10^(2/3)*S10, IF(_xlfn.XLOOKUP(E10,Groups!A:A,Groups!N:N)="MiscEctotherms",59.4316884072269*C10^(2/3)*S10, IF(_xlfn.XLOOKUP(E10,Groups!A:A,Groups!N:N)="StrongBeakBird",0.041*(C10*1000)^1.375*S10, IF(_xlfn.XLOOKUP(E10,Groups!A:A,Groups!N:N)="Bird",0.118*(C10*1000)^0.692*S10, IF(_xlfn.XLOOKUP(E10,Groups!A:A,Groups!N:N)="Insect",EXP(0.7444*LN(C10)+6.5696)*S10, IF(_xlfn.XLOOKUP(E10,Groups!A:A,Groups!N:N)="Theropod",EXP(0.6966*LN(C10)+4.158)*S10, "No")))))))))))))))) -> 14.52018 | AU10: =IF(_xlfn.XLOOKUP(E10,Groups!A:A,Groups!U:U)=3,AS10,IF(_xlfn.XLOOKUP(E10,Groups!A:A,Groups!U:U)=2,AR10,AT10)) -> 14.52018 | AV10: =IFERROR(AVERAGE(_xlfn.XLOOKUP(B10,Animals!B:B,Animals!N:N),_xlfn.XLOOKUP(B10,Animals!B:B,Animals!O:O)),0) -> 0 | AW10: =MROUND(40*Animals!AO10*_xlfn.XLOOKUP(AG10,Leathers!$A$2:$A$99,Leathers!$B$2:$B$99,0)+(140*_xlfn.XLOOKUP(B10,Animals!B:B,Animals!AO:AO)*2),5) -> 40 | AX10: =IFERROR(ROUND(SQRT(V10-1)*IF(_xlfn.XLOOKUP(E10,Groups!A:A,Groups!BF:BF)=0,2,1)*IF(_xlfn.XLOOKUP('Base stats'!E10,Groups!A:A,Groups!O:O)=0,1,0.1),1),0) -> 0.1 | AY10: =IFERROR(ROUND(SQRT(U10-1),1),0) -> 0 | AZ10: =IFERROR(ROUND(SQRT(W10),1),0) -> 0 | BA10: =ROUND( EXP(0.3582*LN(C10)-0.2221) * (0.75 + 0.25*(C10^4/(C10^4+10^4))), 1) -> 0.6 | BB10: =IF(_xlfn.XLOOKUP(E10,Groups!A:A,Groups!N:N)="Insect",BD10*2.5,IFERROR(AVERAGE(BD10,AT10/9.81/IF(OR(_xlfn.XLOOKUP(E10,Groups!A:A,Groups!N:N)="Pig",_xlfn.XLOOKUP(E10,Groups!A:A,Groups!N:N)="StrongBitingHerbivore"),20,25))*C10^-0.135,BD10)) -> 0.049593186 | BC10: =IF(W10="No","No",IF(_xlfn.XLOOKUP(E10,Groups!A:A,Groups!U:U)=1,'Base stats'!BB10,IF(OR(_xlfn.XLOOKUP(E10,Groups!A:A,Groups!BD:BD)=1,_xlfn.XLOOKUP(E10,Groups!A:A,Groups!U:U)=2),BD10,IF(_xlfn.XLOOKUP(B10,Animals!B:B,Animals!AO:AO)>4,AVERAGE(BD10,BF10),BF10)))) -> No | BD10: =(0.0392*C10^IF(OR(Y10="Herbivore",Y10="Dendrovore",Y10="OmnivoreRough"),0.889,0.966))*C10^-0.135 -> 0.040610513 | BE10: =IF(_xlfn.XLOOKUP(E10,Groups!A:A,Groups!BE:BE)=1,(0.048*C10^1.01)+(0.071*C10^1.03),0.071*C10^1.03)/IF(_xlfn.XLOOKUP(E10,Groups!A:A,Groups!M:M)=1,0.85,IF(OR(_xlfn.XLOOKUP(B10,Animals!B:B,Animals!AO:AO)>4,_xlfn.XLOOKUP(E10,Groups!A:A,Groups!BC:BC)=1),1.7,1))*C10^-0.25 -> 0.12338562 | BF10: =(0.048*C10^1.01)/IF(_xlfn.XLOOKUP(E10,Groups!A:A,Groups!M:M)=1,0.25,0.8)*C10^-0.25 -> 0.062176436 | BG10: =EXP(1.076*LN(AR10)-4.5397)*IF(_xlfn.XLOOKUP(E10,Groups!A:A,Groups!BC:BC)=1,1.25,IF(_xlfn.XLOOKUP(E10,Groups!A:A,Groups!BD:BD)=1,3.5,2.5)) -> 2.0521727 | BH10: =EXP(1.076*LN(AS10)-4.5397)*IF(_xlfn.XLOOKUP(E10,Groups!A:A,Groups!M:M)=1,0.8,IF(_xlfn.XLOOKUP(E10,Groups!A:A,Groups!BC:BC)=1,1.3,3)) -> 3.3340288 | BI10: =IF(W10="No","No",IF(_xlfn.XLOOKUP(E10,Groups!A:A,Groups!U:U)=1,'Base stats'!BJ10,IF(OR(_xlfn.XLOOKUP(E10,Groups!A:A,Groups!BD:BD)=1,_xlfn.XLOOKUP(E10,Groups!A:A,Groups!U:U)=2),BG10,BH10))*1.2) -> No | BJ10: =IFERROR(EXP(1.076*LN(AT10)-4.5397)*IF(_xlfn.XLOOKUP(E10,Groups!A:A,Groups!N:N)="Insect",1,IF(OR(_xlfn.XLOOKUP(E10,Groups!A:A,Groups!N:N)="Pig",_xlfn.XLOOKUP(E10,Groups!A:A,Groups!N:N)="StrongBitingHerbivore"),3.5,3.75)),"No") -> 0.71243705 | BK10: =ROUNDDOWN(SQRT((2*BG10)/BD10),0) -> 10 | BL10: =ROUNDDOWN(SQRT((2*BH10)/BE10),0) -> 7 | BM10: =IF(W10="No","No",ROUNDDOWN(SQRT((2*BI10)/BC10),0)) -> No | BN10: =IF(V10="No","No",ROUNDDOWN(SQRT((2*BJ10)/BB10),0)) -> 5 | BO10: =ROUNDDOWN(SQRT((2*BH10)/BF10),0) -> 10 | BP10: {=IF(AND(_xlfn.XLOOKUP('Base stats'!E10,Groups!A:A,Groups!AD:AD=0),_xlfn.XLOOKUP('Base stats'!E10,Groups!A:A,Groups!P:P=0)),"No",IF(U10="No",AVERAGE(EXP(-0.57+0.99*LN(C10)),EXP(0.32+0.67*LN(C10)))/IF(_xlfn.XLOOKUP(E10,Groups!A:A,Groups!AD:AD)=1,10,2),(0.7354*C10^0.4078)*2/IF(_xlfn.XLOOKUP(E10,Groups!A:A,Groups!BK:BK)=1,1000,100)/IF(_xlfn.XLOOKUP(E10,Groups!A:A,Groups!AJ:AJ)="Photonozoa",3,1)))} -> No | BQ10: =IF(W10="No","No",IF(_xlfn.XLOOKUP(E10,Groups!A:A,Groups!BD:BD)=1,(AO10*5%),EXP(0.7354*LN(C10)^0.4078)*2/IF(_xlfn.XLOOKUP(E10,Groups!A:A,Groups!BL:BL)=1,1000,100)/IF(_xlfn.XLOOKUP(E10,Groups!A:A,Groups!AJ:AJ)="Photonozoa",3,1))) -> No | BR10: =IF(BJ10="No","No",IF(_xlfn.XLOOKUP(E10,Groups!A:A,Groups!BF:BF)=1,(0.0315*C10+2.1825)*2,(0.7354*C10^0.4078)*2)/IF(_xlfn.XLOOKUP(E10,Groups!A:A,Groups!BM:BM)=1,1000,100)/IF(_xlfn.XLOOKUP(E10,Groups!A:A,Groups!AJ:AJ)="Photonozoa",3,1)) -> 0.01499191 | BS10: =BG10/(AO10*5%) -> 0.03586626 | BT10: =IF(BP10="No","No",BH10/BP10) -> No | BU10: =IF(W10="No","No",BI10/BQ10) -> No | BV10: =IF(BJ10="No","No",BJ10/BR10) -> 47.521435 | BW10: 0 | BX10: 1
A11: Chicken | B11: Gallus gallus | C11: =AVERAGE(AVERAGE(1.9,2.2),AVERAGE(2.6,2.8)) -> 2.375 | D11: https://www.fao.org/4/ah759e/AH759E23.htm | E11: =Groups!$A$13 -> Bird | F11: ="Lay eggs" -> Lay eggs | G11: =170/365 -> 0.46575342 | H11: 30 | I11: 0 | J11: ="Lay eggs" -> Lay eggs | K11: https://www.fao.org/4/ah759e/AH759E22.htm#TopOfPage and https://genomics.senescence.info/species/entry.php?species=Gallus_gallus | L11: =10*1.60934 -> 16.0934 | M11: https://www.jstor.org/stable/4158661 | N11: 0 | O11: 2 | P11: 0 | Q11: 0 | R11: Standard | S11: =_xlfn.XLOOKUP(B11,[1]TeethAdjusters!$A:$A,[1]BiteAdjusters!$C:$C,1) -> 1 | T11: =_xlfn.XLOOKUP(B11,[1]TeethAdjusters!$A:$A,[1]TeethAdjusters!$B:$B,1) -> 1 | U11: =MROUND(20.21/10,19.48/10) -> 1.948 | V11: =MROUND(AVERAGE(2.06,1.78),0.05) -> 1.9 | W11: No | X11: False | Y11: OmnivoreRough | Z11: 1 | AA11: 0 | AB11: 0 | AC11: 0 | AD11: 0 | AE11: No | AF11: 3~10 | AG11: No | AH11: No | AI11: 0 | AJ11: 0 | AK11: 0 | AL11: 0 | AM11: 0 | AN11: Standard | AO11: =(0.111*C11^0.65)*10000 -> 1947.6205 | AP11: =IFERROR(C11*_xlfn.XLOOKUP(E11,Groups!A:A,Groups!K:K),0.106*C11^0.94) -> 0.23901748 | AQ11: =AP11*10000/(_xlfn.XLOOKUP(E11,Groups!A:A,Groups!J:J)*AO11) -> 1.1258975 | AR11: =EXP(0.8447*LN(C11)+3.996) -> 112.91816 | AS11: =IF(_xlfn.XLOOKUP(E11,Groups!A:A,Groups!M:M)=1,EXP(0.7444*LN('Base stats'!C11)+6.5696),EXP(0.7927*LN('Base stats'!C11)+4.28)) -> 143.40653 | AT11: =IF(_xlfn.XLOOKUP(E11,Groups!A:A,Groups!N:N)="No","No", IF(_xlfn.XLOOKUP(E11,Groups!A:A,Groups!N:N)="Crocodile",EXP(0.8129*LN(C11)+4.6742)*S11, IF(_xlfn.XLOOKUP(E11,Groups!A:A,Groups!N:N)="Felid",EXP(0.7843*LN(C11)+4.7073)*S11, IF(_xlfn.XLOOKUP(E11,Groups!A:A,Groups!N:N)="Canid",EXP(0.8367*LN(C11)+4.8763)*S11, IF(_xlfn.XLOOKUP(E11,Groups!A:A,Groups!N:N)="Pig",EXP(0.3439*LN(C11)+6.8519)*S11, IF(_xlfn.XLOOKUP(E11,Groups!A:A,Groups!N:N)="Rodent",EXP(0.5625*LN(C11)+4.3006)*S11, IF(_xlfn.XLOOKUP(E11,Groups!A:A,Groups!N:N)="Primate",EXP(0.7847*LN(C11)+3.4931)*S11, IF(_xlfn.XLOOKUP(E11,Groups!A:A,Groups!N:N)="MiscCarnivora",EXP(0.7486*LN(C11)+4.2207)*S11, IF(_xlfn.XLOOKUP(E11,Groups!A:A,Groups!N:N)="Lizard",EXP(0.7733*LN(C11)+5.5303)*S11, IF(_xlfn.XLOOKUP(E11,Groups!A:A,Groups!N:N)="Snake",50*C11^(2/3)*S11, IF(_xlfn.XLOOKUP(E11,Groups!A:A,Groups!N:N)="StrongBitingHerbivore",87.1133638856975*C11^(2/3)*S11, IF(_xlfn.XLOOKUP(E11,Groups!A:A,Groups!N:N)="MiscEctotherms",59.4316884072269*C11^(2/3)*S11, IF(_xlfn.XLOOKUP(E11,Groups!A:A,Groups!N:N)="StrongBeakBird",0.041*(C11*1000)^1.375*S11, IF(_xlfn.XLOOKUP(E11,Groups!A:A,Groups!N:N)="Bird",0.118*(C11*1000)^0.692*S11, IF(_xlfn.XLOOKUP(E11,Groups!A:A,Groups!N:N)="Insect",EXP(0.7444*LN(C11)+6.5696)*S11, IF(_xlfn.XLOOKUP(E11,Groups!A:A,Groups!N:N)="Theropod",EXP(0.6966*LN(C11)+4.158)*S11, "No")))))))))))))))) -> 25.576507 | AU11: =IF(_xlfn.XLOOKUP(E11,Groups!A:A,Groups!U:U)=3,AS11,IF(_xlfn.XLOOKUP(E11,Groups!A:A,Groups!U:U)=2,AR11,AT11)) -> 25.576507 | AV11: =IFERROR(AVERAGE(_xlfn.XLOOKUP(B11,Animals!B:B,Animals!N:N),_xlfn.XLOOKUP(B11,Animals!B:B,Animals!O:O)),0) -> 0 | AW11: =MROUND(40*Animals!AO11*_xlfn.XLOOKUP(AG11,Leathers!$A$2:$A$99,Leathers!$B$2:$B$99,0)+(140*_xlfn.XLOOKUP(B11,Animals!B:B,Animals!AO:AO)*2),5) -> 55 | AX11: =IFERROR(ROUND(SQRT(V11-1)*IF(_xlfn.XLOOKUP(E11,Groups!A:A,Groups!BF:BF)=0,2,1)*IF(_xlfn.XLOOKUP('Base stats'!E11,Groups!A:A,Groups!O:O)=0,1,0.1),1),0) -> 0.1 | AY11: =IFERROR(ROUND(SQRT(U11-1),1),0) -> 1 | AZ11: =IFERROR(ROUND(SQRT(W11),1),0) -> 0 | BA11: =ROUND( EXP(0.3582*LN(C11)-0.2221) * (0.75 + 0.25*(C11^4/(C11^4+10^4))), 1) -> 0.8 | BB11: =IF(_xlfn.XLOOKUP(E11,Groups!A:A,Groups!N:N)="Insect",BD11*2.5,IFERROR(AVERAGE(BD11,AT11/9.81/IF(OR(_xlfn.XLOOKUP(E11,Groups!A:A,Groups!N:N)="Pig",_xlfn.XLOOKUP(E11,Groups!A:A,Groups!N:N)="StrongBitingHerbivore"),20,25))*C11^-0.135,BD11)) -> 0.079877251 | BC11: =IF(W11="No","No",IF(_xlfn.XLOOKUP(E11,Groups!A:A,Groups!U:U)=1,'Base stats'!BB11,IF(OR(_xlfn.XLOOKUP(E11,Groups!A:A,Groups!BD:BD)=1,_xlfn.XLOOKUP(E11,Groups!A:A,Groups!U:U)=2),BD11,IF(_xlfn.XLOOKUP(B11,Animals!B:B,Animals!AO:AO)>4,AVERAGE(BD11,BF11),BF11)))) -> No | BD11: =(0.0392*C11^IF(OR(Y11="Herbivore",Y11="Dendrovore",Y11="OmnivoreRough"),0.889,0.966))*C11^-0.135 -> 0.075255186 | BE11: =IF(_xlfn.XLOOKUP(E11,Groups!A:A,Groups!BE:BE)=1,(0.048*C11^1.01)+(0.071*C11^1.03),0.071*C11^1.03)/IF(_xlfn.XLOOKUP(E11,Groups!A:A,Groups!M:M)=1,0.85,IF(OR(_xlfn.XLOOKUP(B11,Animals!B:B,Animals!AO:AO)>4,_xlfn.XLOOKUP(E11,Groups!A:A,Groups!BC:BC)=1),1.7,1))*C11^-0.25 -> 0.23203294 | BF11: =(0.048*C11^1.01)/IF(_xlfn.XLOOKUP(E11,Groups!A:A,Groups!M:M)=1,0.25,0.8)*C11^-0.25 -> 0.11578588 | BG11: =EXP(1.076*LN(AR11)-4.5397)*IF(_xlfn.XLOOKUP(E11,Groups!A:A,Groups!BC:BC)=1,1.25,IF(_xlfn.XLOOKUP(E11,Groups!A:A,Groups!BD:BD)=1,3.5,2.5)) -> 4.3166536 | BH11: =EXP(1.076*LN(AS11)-4.5397)*IF(_xlfn.XLOOKUP(E11,Groups!A:A,Groups!M:M)=1,0.8,IF(_xlfn.XLOOKUP(E11,Groups!A:A,Groups!BC:BC)=1,1.3,3)) -> 6.6991972 | BI11: =IF(W11="No","No",IF(_xlfn.XLOOKUP(E11,Groups!A:A,Groups!U:U)=1,'Base stats'!BJ11,IF(OR(_xlfn.XLOOKUP(E11,Groups!A:A,Groups!BD:BD)=1,_xlfn.XLOOKUP(E11,Groups!A:A,Groups!U:U)=2),BG11,BH11))*1.2) -> No | BJ11: =IFERROR(EXP(1.076*LN(AT11)-4.5397)*IF(_xlfn.XLOOKUP(E11,Groups!A:A,Groups!N:N)="Insect",1,IF(OR(_xlfn.XLOOKUP(E11,Groups!A:A,Groups!N:N)="Pig",_xlfn.XLOOKUP(E11,Groups!A:A,Groups!N:N)="StrongBitingHerbivore"),3.5,3.75)),"No") -> 1.3100919 | BK11: =ROUNDDOWN(SQRT((2*BG11)/BD11),0) -> 10 | BL11: =ROUNDDOWN(SQRT((2*BH11)/BE11),0) -> 7 | BM11: =IF(W11="No","No",ROUNDDOWN(SQRT((2*BI11)/BC11),0)) -> No | BN11: =IF(V11="No","No",ROUNDDOWN(SQRT((2*BJ11)/BB11),0)) -> 5 | BO11: =ROUNDDOWN(SQRT((2*BH11)/BF11),0) -> 10 | BP11: {=IF(AND(_xlfn.XLOOKUP('Base stats'!E11,Groups!A:A,Groups!AD:AD=0),_xlfn.XLOOKUP('Base stats'!E11,Groups!A:A,Groups!P:P=0)),"No",IF(U11="No",AVERAGE(EXP(-0.57+0.99*LN(C11)),EXP(0.32+0.67*LN(C11)))/IF(_xlfn.XLOOKUP(E11,Groups!A:A,Groups!AD:AD)=1,10,2),(0.7354*C11^0.4078)*2/IF(_xlfn.XLOOKUP(E11,Groups!A:A,Groups!BK:BK)=1,1000,100)/IF(_xlfn.XLOOKUP(E11,Groups!A:A,Groups!AJ:AJ)="Photonozoa",3,1)))} -> 0.020929037 | BQ11: =IF(W11="No","No",IF(_xlfn.XLOOKUP(E11,Groups!A:A,Groups!BD:BD)=1,(AO11*5%),EXP(0.7354*LN(C11)^0.4078)*2/IF(_xlfn.XLOOKUP(E11,Groups!A:A,Groups!BL:BL)=1,1000,100)/IF(_xlfn.XLOOKUP(E11,Groups!A:A,Groups!AJ:AJ)="Photonozoa",3,1))) -> No | BR11: =IF(BJ11="No","No",IF(_xlfn.XLOOKUP(E11,Groups!A:A,Groups!BF:BF)=1,(0.0315*C11+2.1825)*2,(0.7354*C11^0.4078)*2)/IF(_xlfn.XLOOKUP(E11,Groups!A:A,Groups!BM:BM)=1,1000,100)/IF(_xlfn.XLOOKUP(E11,Groups!A:A,Groups!AJ:AJ)="Photonozoa",3,1)) -> 0.020929037 | BS11: =BG11/(AO11*5%) -> 0.044327462 | BT11: =IF(BP11="No","No",BH11/BP11) -> 320.09104 | BU11: =IF(W11="No","No",BI11/BQ11) -> No | BV11: =IF(BJ11="No","No",BJ11/BR11) -> 62.596857 | BW11: 0 | BX11: 1
A12: Dromedary | B12: Camelus dromedarius | C12: 434 | D12: https://genomics.senescence.info/species/entry.php?species=Camelus_dromedarius | E12: =Groups!$A$23 -> Camellike (CAMEL) | F12: =385 -> 385 | G12: =1095/365 -> 3 | H12: 28.4 | I12: 0 | J12: 1 | K12: https://genomics.senescence.info/species/entry.php?species=Camelus_dromedarius and https://www.fao.org/4/ah759e/AH759E17.htm | L12: 40 | M12: https://www.sciencedirect.com/science/article/pii/S1751731125000503 | N12: 0 | O12: 1 | P12: 0 | Q12: 0 | R12: Standard | S12: =_xlfn.XLOOKUP(B12,[1]TeethAdjusters!$A:$A,[1]BiteAdjusters!$C:$C,1) -> 1 | T12: =_xlfn.XLOOKUP(B12,[1]TeethAdjusters!$A:$A,[1]TeethAdjusters!$B:$B,1) -> 1 | U12: No | V12: =MROUND(4.5,0.05) -> 4.5 | W12: No | X12: False | Y12: Herbivore | Z12: 1 | AA12: 0 | AB12: 0 | AC12: 0 | AD12: 0 | AE12: No | AF12: 3~10 | AG12: Leather_Camel | AH12: No | AI12: 1 | AJ12: 0 | AK12: 0 | AL12: 0 | AM12: 0 | AN12: Standard | AO12: =(0.111*C12^0.65)*10000 -> 57503.106 | AP12: =IFERROR(C12*_xlfn.XLOOKUP(E12,Groups!A:A,Groups!K:K),0.106*C12^0.94) -> 31.955544 | AQ12: =AP12*10000/(_xlfn.XLOOKUP(E12,Groups!A:A,Groups!J:J)*AO12) -> 5.0983355 | AR12: =EXP(0.8447*LN(C12)+3.996) -> 9190.2711 | AS12: =IF(_xlfn.XLOOKUP(E12,Groups!A:A,Groups!M:M)=1,EXP(0.7444*LN('Base stats'!C12)+6.5696),EXP(0.7927*LN('Base stats'!C12)+4.28)) -> 8902.6334 | AT12: =IF(_xlfn.XLOOKUP(E12,Groups!A:A,Groups!N:N)="No","No", IF(_xlfn.XLOOKUP(E12,Groups!A:A,Groups!N:N)="Crocodile",EXP(0.8129*LN(C12)+4.6742)*S12, IF(_xlfn.XLOOKUP(E12,Groups!A:A,Groups!N:N)="Felid",EXP(0.7843*LN(C12)+4.7073)*S12, IF(_xlfn.XLOOKUP(E12,Groups!A:A,Groups!N:N)="Canid",EXP(0.8367*LN(C12)+4.8763)*S12, IF(_xlfn.XLOOKUP(E12,Groups!A:A,Groups!N:N)="Pig",EXP(0.3439*LN(C12)+6.8519)*S12, IF(_xlfn.XLOOKUP(E12,Groups!A:A,Groups!N:N)="Rodent",EXP(0.5625*LN(C12)+4.3006)*S12, IF(_xlfn.XLOOKUP(E12,Groups!A:A,Groups!N:N)="Primate",EXP(0.7847*LN(C12)+3.4931)*S12, IF(_xlfn.XLOOKUP(E12,Groups!A:A,Groups!N:N)="MiscCarnivora",EXP(0.7486*LN(C12)+4.2207)*S12, IF(_xlfn.XLOOKUP(E12,Groups!A:A,Groups!N:N)="Lizard",EXP(0.7733*LN(C12)+5.5303)*S12, IF(_xlfn.XLOOKUP(E12,Groups!A:A,Groups!N:N)="Snake",50*C12^(2/3)*S12, IF(_xlfn.XLOOKUP(E12,Groups!A:A,Groups!N:N)="StrongBitingHerbivore",87.1133638856975*C12^(2/3)*S12, IF(_xlfn.XLOOKUP(E12,Groups!A:A,Groups!N:N)="MiscEctotherms",59.4316884072269*C12^(2/3)*S12, IF(_xlfn.XLOOKUP(E12,Groups!A:A,Groups!N:N)="StrongBeakBird",0.041*(C12*1000)^1.375*S12, IF(_xlfn.XLOOKUP(E12,Groups!A:A,Groups!N:N)="Bird",0.118*(C12*1000)^0.692*S12, IF(_xlfn.XLOOKUP(E12,Groups!A:A,Groups!N:N)="Insect",EXP(0.7444*LN(C12)+6.5696)*S12, IF(_xlfn.XLOOKUP(E12,Groups!A:A,Groups!N:N)="Theropod",EXP(0.6966*LN(C12)+4.158)*S12, "No")))))))))))))))) -> 4993.5715 | AU12: =IF(_xlfn.XLOOKUP(E12,Groups!A:A,Groups!U:U)=3,AS12,IF(_xlfn.XLOOKUP(E12,Groups!A:A,Groups!U:U)=2,AR12,AT12)) -> 4993.5715 | AV12: =IFERROR(AVERAGE(_xlfn.XLOOKUP(B12,Animals!B:B,Animals!N:N),_xlfn.XLOOKUP(B12,Animals!B:B,Animals!O:O)),0) -> 0 | AW12: =MROUND(40*Animals!AO12*_xlfn.XLOOKUP(AG12,Leathers!$A$2:$A$99,Leathers!$B$2:$B$99,0)+(140*_xlfn.XLOOKUP(B12,Animals!B:B,Animals!AO:AO)*2),5) -> 1025 | AX12: =IFERROR(ROUND(SQRT(V12-1)*IF(_xlfn.XLOOKUP(E12,Groups!A:A,Groups!BF:BF)=0,2,1)*IF(_xlfn.XLOOKUP('Base stats'!E12,Groups!A:A,Groups!O:O)=0,1,0.1),1),0) -> 1.9 | AY12: =IFERROR(ROUND(SQRT(U12-1),1),0) -> 0 | AZ12: =IFERROR(ROUND(SQRT(W12),1),0) -> 0 | BA12: =ROUND( EXP(0.3582*LN(C12)-0.2221) * (0.75 + 0.25*(C12^4/(C12^4+10^4))), 1) -> 7.1 | BB12: =IF(_xlfn.XLOOKUP(E12,Groups!A:A,Groups!N:N)="Insect",BD12*2.5,IFERROR(AVERAGE(BD12,AT12/9.81/IF(OR(_xlfn.XLOOKUP(E12,Groups!A:A,Groups!N:N)="Pig",_xlfn.XLOOKUP(E12,Groups!A:A,Groups!N:N)="StrongBitingHerbivore"),20,25))*C12^-0.135,BD12)) -> 6.446716 | BC12: =IF(W12="No","No",IF(_xlfn.XLOOKUP(E12,Groups!A:A,Groups!U:U)=1,'Base stats'!BB12,IF(OR(_xlfn.XLOOKUP(E12,Groups!A:A,Groups!BD:BD)=1,_xlfn.XLOOKUP(E12,Groups!A:A,Groups!U:U)=2),BD12,IF(_xlfn.XLOOKUP(B12,Animals!B:B,Animals!AO:AO)>4,AVERAGE(BD12,BF12),BF12)))) -> No | BD12: =(0.0392*C12^IF(OR(Y12="Herbivore",Y12="Dendrovore",Y12="OmnivoreRough"),0.889,0.966))*C12^-0.135 -> 3.8190322 | BE12: =IF(_xlfn.XLOOKUP(E12,Groups!A:A,Groups!BE:BE)=1,(0.048*C12^1.01)+(0.071*C12^1.03),0.071*C12^1.03)/IF(_xlfn.XLOOKUP(E12,Groups!A:A,Groups!M:M)=1,0.85,IF(OR(_xlfn.XLOOKUP(B12,Animals!B:B,Animals!AO:AO)>4,_xlfn.XLOOKUP(E12,Groups!A:A,Groups!BC:BC)=1),1.7,1))*C12^-0.25 -> 8.1002857 | BF12: =(0.048*C12^1.01)/IF(_xlfn.XLOOKUP(E12,Groups!A:A,Groups!M:M)=1,0.25,0.8)*C12^-0.25 -> 6.062384 | BG12: =EXP(1.076*LN(AR12)-4.5397)*IF(_xlfn.XLOOKUP(E12,Groups!A:A,Groups!BC:BC)=1,1.25,IF(_xlfn.XLOOKUP(E12,Groups!A:A,Groups!BD:BD)=1,3.5,2.5)) -> 490.81138 | BH12: =EXP(1.076*LN(AS12)-4.5397)*IF(_xlfn.XLOOKUP(E12,Groups!A:A,Groups!M:M)=1,0.8,IF(_xlfn.XLOOKUP(E12,Groups!A:A,Groups!BC:BC)=1,1.3,3)) -> 569.16278 | BI12: =IF(W12="No","No",IF(_xlfn.XLOOKUP(E12,Groups!A:A,Groups!U:U)=1,'Base stats'!BJ12,IF(OR(_xlfn.XLOOKUP(E12,Groups!A:A,Groups!BD:BD)=1,_xlfn.XLOOKUP(E12,Groups!A:A,Groups!U:U)=2),BG12,BH12))*1.2) -> No | BJ12: =IFERROR(EXP(1.076*LN(AT12)-4.5397)*IF(_xlfn.XLOOKUP(E12,Groups!A:A,Groups!N:N)="Insect",1,IF(OR(_xlfn.XLOOKUP(E12,Groups!A:A,Groups!N:N)="Pig",_xlfn.XLOOKUP(E12,Groups!A:A,Groups!N:N)="StrongBitingHerbivore"),3.5,3.75)),"No") -> 356.4445 | BK12: =ROUNDDOWN(SQRT((2*BG12)/BD12),0) -> 16 | BL12: =ROUNDDOWN(SQRT((2*BH12)/BE12),0) -> 11 | BM12: =IF(W12="No","No",ROUNDDOWN(SQRT((2*BI12)/BC12),0)) -> No | BN12: =IF(V12="No","No",ROUNDDOWN(SQRT((2*BJ12)/BB12),0)) -> 10 | BO12: =ROUNDDOWN(SQRT((2*BH12)/BF12),0) -> 13 | BP12: {=IF(AND(_xlfn.XLOOKUP('Base stats'!E12,Groups!A:A,Groups!AD:AD=0),_xlfn.XLOOKUP('Base stats'!E12,Groups!A:A,Groups!P:P=0)),"No",IF(U12="No",AVERAGE(EXP(-0.57+0.99*LN(C12)),EXP(0.32+0.67*LN(C12)))/IF(_xlfn.XLOOKUP(E12,Groups!A:A,Groups!AD:AD)=1,10,2),(0.7354*C12^0.4078)*2/IF(_xlfn.XLOOKUP(E12,Groups!A:A,Groups!BK:BK)=1,1000,100)/IF(_xlfn.XLOOKUP(E12,Groups!A:A,Groups!AJ:AJ)="Photonozoa",3,1)))} -> 77.882759 | BQ12: =IF(W12="No","No",IF(_xlfn.XLOOKUP(E12,Groups!A:A,Groups!BD:BD)=1,(AO12*5%),EXP(0.7354*LN(C12)^0.4078)*2/IF(_xlfn.XLOOKUP(E12,Groups!A:A,Groups!BL:BL)=1,1000,100)/IF(_xlfn.XLOOKUP(E12,Groups!A:A,Groups!AJ:AJ)="Photonozoa",3,1))) -> No | BR12: =IF(BJ12="No","No",IF(_xlfn.XLOOKUP(E12,Groups!A:A,Groups!BF:BF)=1,(0.0315*C12+2.1825)*2,(0.7354*C12^0.4078)*2)/IF(_xlfn.XLOOKUP(E12,Groups!A:A,Groups!BM:BM)=1,1000,100)/IF(_xlfn.XLOOKUP(E12,Groups!A:A,Groups!AJ:AJ)="Photonozoa",3,1)) -> 0.31707 | BS12: =BG12/(AO12*5%) -> 0.17070778 | BT12: =IF(BP12="No","No",BH12/BP12) -> 7.3079432 | BU12: =IF(W12="No","No",BI12/BQ12) -> No | BV12: =IF(BJ12="No","No",BJ12/BR12) -> 1124.1823 | BW12: 0 | BX12: 1
A13: Alpaca | B13: Lama pacos | C13: =AVERAGE(70,85) -> 77.5 | D13: https://bas-uk.com/wp-content/uploads/2018/11/Fact-Sheet-4-Body-Condition-Scoring.pdf | E13: =Groups!$A$22 -> Camellike (LLAMA) | F13: 345 | G13: =432/365 -> 1.1835616 | H13: 25.8 | I13: 0 | J13: 1.04 | K13: https://genomics.senescence.info/species/entry.php?species=Vicugna_pacos | L13: 56 | M13: https://biology.ucr.edu/people/faculty/Garland/Garl1983_JZL.pdf | N13: 0 | O13: 2 | P13: 0 | Q13: 0 | R13: Standard | S13: =_xlfn.XLOOKUP(B13,[1]TeethAdjusters!$A:$A,[1]BiteAdjusters!$C:$C,1) -> 1 | T13: =_xlfn.XLOOKUP(B13,[1]TeethAdjusters!$A:$A,[1]TeethAdjusters!$B:$B,1) -> 1 | U13: No | V13: =MROUND(2.54,0.05) -> 2.55 | W13: No | X13: False | Y13: Herbivore | Z13: 1 | AA13: 0 | AB13: 0 | AC13: 0 | AD13: 0 | AE13: No | AF13: 3~8 | AG13: Leather_Camel | AH13: No | AI13: 1 | AJ13: 0 | AK13: 0 | AL13: 0 | AM13: 0 | AN13: Standard | AO13: =(0.111*C13^0.65)*10000 -> 18765.887 | AP13: =IFERROR(C13*_xlfn.XLOOKUP(E13,Groups!A:A,Groups!K:K),0.106*C13^0.94) -> 6.3277522 | AQ13: =AP13*10000/(_xlfn.XLOOKUP(E13,Groups!A:A,Groups!J:J)*AO13) -> 3.0935268 | AR13: =EXP(0.8447*LN(C13)+3.996) -> 2144.5387 | AS13: =IF(_xlfn.XLOOKUP(E13,Groups!A:A,Groups!M:M)=1,EXP(0.7444*LN('Base stats'!C13)+6.5696),EXP(0.7927*LN('Base stats'!C13)+4.28)) -> 2272.1126 | AT13: =IF(_xlfn.XLOOKUP(E13,Groups!A:A,Groups!N:N)="No","No", IF(_xlfn.XLOOKUP(E13,Groups!A:A,Groups!N:N)="Crocodile",EXP(0.8129*LN(C13)+4.6742)*S13, IF(_xlfn.XLOOKUP(E13,Groups!A:A,Groups!N:N)="Felid",EXP(0.7843*LN(C13)+4.7073)*S13, IF(_xlfn.XLOOKUP(E13,Groups!A:A,Groups!N:N)="Canid",EXP(0.8367*LN(C13)+4.8763)*S13, IF(_xlfn.XLOOKUP(E13,Groups!A:A,Groups!N:N)="Pig",EXP(0.3439*LN(C13)+6.8519)*S13, IF(_xlfn.XLOOKUP(E13,Groups!A:A,Groups!N:N)="Rodent",EXP(0.5625*LN(C13)+4.3006)*S13, IF(_xlfn.XLOOKUP(E13,Groups!A:A,Groups!N:N)="Primate",EXP(0.7847*LN(C13)+3.4931)*S13, IF(_xlfn.XLOOKUP(E13,Groups!A:A,Groups!N:N)="MiscCarnivora",EXP(0.7486*LN(C13)+4.2207)*S13, IF(_xlfn.XLOOKUP(E13,Groups!A:A,Groups!N:N)="Lizard",EXP(0.7733*LN(C13)+5.5303)*S13, IF(_xlfn.XLOOKUP(E13,Groups!A:A,Groups!N:N)="Snake",50*C13^(2/3)*S13, IF(_xlfn.XLOOKUP(E13,Groups!A:A,Groups!N:N)="StrongBitingHerbivore",87.1133638856975*C13^(2/3)*S13, IF(_xlfn.XLOOKUP(E13,Groups!A:A,Groups!N:N)="MiscEctotherms",59.4316884072269*C13^(2/3)*S13, IF(_xlfn.XLOOKUP(E13,Groups!A:A,Groups!N:N)="StrongBeakBird",0.041*(C13*1000)^1.375*S13, IF(_xlfn.XLOOKUP(E13,Groups!A:A,Groups!N:N)="Bird",0.118*(C13*1000)^0.692*S13, IF(_xlfn.XLOOKUP(E13,Groups!A:A,Groups!N:N)="Insect",EXP(0.7444*LN(C13)+6.5696)*S13, IF(_xlfn.XLOOKUP(E13,Groups!A:A,Groups!N:N)="Theropod",EXP(0.6966*LN(C13)+4.158)*S13, "No")))))))))))))))) -> 1583.5043 | AU13: =IF(_xlfn.XLOOKUP(E13,Groups!A:A,Groups!U:U)=3,AS13,IF(_xlfn.XLOOKUP(E13,Groups!A:A,Groups!U:U)=2,AR13,AT13)) -> 1583.5043 | AV13: =IFERROR(AVERAGE(_xlfn.XLOOKUP(B13,Animals!B:B,Animals!N:N),_xlfn.XLOOKUP(B13,Animals!B:B,Animals!O:O)),0) -> 0 | AW13: =MROUND(40*Animals!AO13*_xlfn.XLOOKUP(AG13,Leathers!$A$2:$A$99,Leathers!$B$2:$B$99,0)+(140*_xlfn.XLOOKUP(B13,Animals!B:B,Animals!AO:AO)*2),5) -> 390 | AX13: =IFERROR(ROUND(SQRT(V13-1)*IF(_xlfn.XLOOKUP(E13,Groups!A:A,Groups!BF:BF)=0,2,1)*IF(_xlfn.XLOOKUP('Base stats'!E13,Groups!A:A,Groups!O:O)=0,1,0.1),1),0) -> 1.2 | AY13: =IFERROR(ROUND(SQRT(U13-1),1),0) -> 0 | AZ13: =IFERROR(ROUND(SQRT(W13),1),0) -> 0 | BA13: =ROUND( EXP(0.3582*LN(C13)-0.2221) * (0.75 + 0.25*(C13^4/(C13^4+10^4))), 1) -> 3.8 | BB13: =IF(_xlfn.XLOOKUP(E13,Groups!A:A,Groups!N:N)="Insect",BD13*2.5,IFERROR(AVERAGE(BD13,AT13/9.81/IF(OR(_xlfn.XLOOKUP(E13,Groups!A:A,Groups!N:N)="Pig",_xlfn.XLOOKUP(E13,Groups!A:A,Groups!N:N)="StrongBitingHerbivore"),20,25))*C13^-0.135,BD13)) -> 2.532584 | BC13: =IF(W13="No","No",IF(_xlfn.XLOOKUP(E13,Groups!A:A,Groups!U:U)=1,'Base stats'!BB13,IF(OR(_xlfn.XLOOKUP(E13,Groups!A:A,Groups!BD:BD)=1,_xlfn.XLOOKUP(E13,Groups!A:A,Groups!U:U)=2),BD13,IF(_xlfn.XLOOKUP(B13,Animals!B:B,Animals!AO:AO)>4,AVERAGE(BD13,BF13),BF13)))) -> No | BD13: =(0.0392*C13^IF(OR(Y13="Herbivore",Y13="Dendrovore",Y13="OmnivoreRough"),0.889,0.966))*C13^-0.135 -> 1.0418844 | BE13: =IF(_xlfn.XLOOKUP(E13,Groups!A:A,Groups!BE:BE)=1,(0.048*C13^1.01)+(0.071*C13^1.03),0.071*C13^1.03)/IF(_xlfn.XLOOKUP(E13,Groups!A:A,Groups!M:M)=1,0.85,IF(OR(_xlfn.XLOOKUP(B13,Animals!B:B,Animals!AO:AO)>4,_xlfn.XLOOKUP(E13,Groups!A:A,Groups!BC:BC)=1),1.7,1))*C13^-0.25 -> 2.113069 | BF13: =(0.048*C13^1.01)/IF(_xlfn.XLOOKUP(E13,Groups!A:A,Groups!M:M)=1,0.25,0.8)*C13^-0.25 -> 1.636894 | BG13: =EXP(1.076*LN(AR13)-4.5397)*IF(_xlfn.XLOOKUP(E13,Groups!A:A,Groups!BC:BC)=1,1.25,IF(_xlfn.XLOOKUP(E13,Groups!A:A,Groups!BD:BD)=1,3.5,2.5)) -> 102.53889 | BH13: =EXP(1.076*LN(AS13)-4.5397)*IF(_xlfn.XLOOKUP(E13,Groups!A:A,Groups!M:M)=1,0.8,IF(_xlfn.XLOOKUP(E13,Groups!A:A,Groups!BC:BC)=1,1.3,3)) -> 130.94023 | BI13: =IF(W13="No","No",IF(_xlfn.XLOOKUP(E13,Groups!A:A,Groups!U:U)=1,'Base stats'!BJ13,IF(OR(_xlfn.XLOOKUP(E13,Groups!A:A,Groups!BD:BD)=1,_xlfn.XLOOKUP(E13,Groups!A:A,Groups!U:U)=2),BG13,BH13))*1.2) -> No | BJ13: =IFERROR(EXP(1.076*LN(AT13)-4.5397)*IF(_xlfn.XLOOKUP(E13,Groups!A:A,Groups!N:N)="Insect",1,IF(OR(_xlfn.XLOOKUP(E13,Groups!A:A,Groups!N:N)="Pig",_xlfn.XLOOKUP(E13,Groups!A:A,Groups!N:N)="StrongBitingHerbivore"),3.5,3.75)),"No") -> 103.58377 | BK13: =ROUNDDOWN(SQRT((2*BG13)/BD13),0) -> 14 | BL13: =ROUNDDOWN(SQRT((2*BH13)/BE13),0) -> 11 | BM13: =IF(W13="No","No",ROUNDDOWN(SQRT((2*BI13)/BC13),0)) -> No | BN13: =IF(V13="No","No",ROUNDDOWN(SQRT((2*BJ13)/BB13),0)) -> 9 | BO13: =ROUNDDOWN(SQRT((2*BH13)/BF13),0) -> 12 | BP13: {=IF(AND(_xlfn.XLOOKUP('Base stats'!E13,Groups!A:A,Groups!AD:AD=0),_xlfn.XLOOKUP('Base stats'!E13,Groups!A:A,Groups!P:P=0)),"No",IF(U13="No",AVERAGE(EXP(-0.57+0.99*LN(C13)),EXP(0.32+0.67*LN(C13)))/IF(_xlfn.XLOOKUP(E13,Groups!A:A,Groups!AD:AD)=1,10,2),(0.7354*C13^0.4078)*2/IF(_xlfn.XLOOKUP(E13,Groups!A:A,Groups!BK:BK)=1,1000,100)/IF(_xlfn.XLOOKUP(E13,Groups!A:A,Groups!AJ:AJ)="Photonozoa",3,1)))} -> 16.840213 | BQ13: =IF(W13="No","No",IF(_xlfn.XLOOKUP(E13,Groups!A:A,Groups!BD:BD)=1,(AO13*5%),EXP(0.7354*LN(C13)^0.4078)*2/IF(_xlfn.XLOOKUP(E13,Groups!A:A,Groups!BL:BL)=1,1000,100)/IF(_xlfn.XLOOKUP(E13,Groups!A:A,Groups!AJ:AJ)="Photonozoa",3,1))) -> No | BR13: =IF(BJ13="No","No",IF(_xlfn.XLOOKUP(E13,Groups!A:A,Groups!BF:BF)=1,(0.0315*C13+2.1825)*2,(0.7354*C13^0.4078)*2)/IF(_xlfn.XLOOKUP(E13,Groups!A:A,Groups!BM:BM)=1,1000,100)/IF(_xlfn.XLOOKUP(E13,Groups!A:A,Groups!AJ:AJ)="Photonozoa",3,1)) -> 0.092475 | BS13: =BG13/(AO13*5%) -> 0.10928223 | BT13: =IF(BP13="No","No",BH13/BP13) -> 7.77545 | BU13: =IF(W13="No","No",BI13/BQ13) -> No | BV13: =IF(BJ13="No","No",BJ13/BR13) -> 1120.1272 | BW13: 0 | BX13: 1
A14: Yorkshire terrier | B14: Canis familiaris (Yorkshire terrier) | C14: =AVERAGE(1.36,3.17 ) -> 2.265 | D14: https://www.yorkieinfocenter.com/yorkie-growth-chart | E14: =Groups!$A$15 -> Doglike (CANID) | F14: 63 | G14: =510/365 -> 1.3972603 | H14: 27 | I14: 0 | J14: 6 | K14: https://genomics.senescence.info/species/entry.php?species=Canis_familiaris | L14: =MIN(37.5*C14^0.089,79.3*C14^-0.072) -> 40.330382 | M14: https://biology.ucr.edu/people/faculty/Garland/Garl1983_JZL.pdf | N14: 0 | O14: 2 | P14: 0 | Q14: 0 | R14: Standard | S14: =_xlfn.XLOOKUP(B14,[1]TeethAdjusters!$A:$A,[1]BiteAdjusters!$C:$C,1) -> 0.71417488 | T14: =_xlfn.XLOOKUP(B14,[1]TeethAdjusters!$A:$A,[1]TeethAdjusters!$B:$B,1) -> 0.95359131 | U14: No | V14: =IF(AT14="No","No",IF(_xlfn.XLOOKUP(E14,Groups!A:A,Groups!AM:AM)=1,MROUND(EXP(0.3582*LN(C14)-0.2221)*T14,0.05),IF(_xlfn.XLOOKUP(E14,Groups!A:A,Groups!AM:AM)=2,MROUND(EXP(0.3582*LN(C14)-0.2221)*T14,0.05),"Need a formula"))) -> 1 | W14: No | X14: False | Y14: Omnivore | Z14: 1 | AA14: 0 | AB14: 0 | AC14: 0 | AD14: 0 | AE14: No | AF14: 2~6 | AG14: Leather_Dog | AH14: No | AI14: 0 | AJ14: 0 | AK14: 0 | AL14: 0 | AM14: 0 | AN14: Standard | AO14: =(0.111*C14^0.65)*10000 -> 1888.5014 | AP14: =IFERROR(C14*_xlfn.XLOOKUP(E14,Groups!A:A,Groups!K:K),0.106*C14^0.94) -> 0.28255875 | AQ14: =AP14*10000/(_xlfn.XLOOKUP(E14,Groups!A:A,Groups!J:J)*AO14) -> 1.3726662 | AR14: =EXP(0.8447*LN(C14)+3.996) -> 108.48429 | AS14: =IF(_xlfn.XLOOKUP(E14,Groups!A:A,Groups!M:M)=1,EXP(0.7444*LN('Base stats'!C14)+6.5696),EXP(0.7927*LN('Base stats'!C14)+4.28)) -> 138.11567 | AT14: =IF(_xlfn.XLOOKUP(E14,Groups!A:A,Groups!N:N)="No","No", IF(_xlfn.XLOOKUP(E14,Groups!A:A,Groups!N:N)="Crocodile",EXP(0.8129*LN(C14)+4.6742)*S14, IF(_xlfn.XLOOKUP(E14,Groups!A:A,Groups!N:N)="Felid",EXP(0.7843*LN(C14)+4.7073)*S14, IF(_xlfn.XLOOKUP(E14,Groups!A:A,Groups!N:N)="Canid",EXP(0.8367*LN(C14)+4.8763)*S14, IF(_xlfn.XLOOKUP(E14,Groups!A:A,Groups!N:N)="Pig",EXP(0.3439*LN(C14)+6.8519)*S14, IF(_xlfn.XLOOKUP(E14,Groups!A:A,Groups!N:N)="Rodent",EXP(0.5625*LN(C14)+4.3006)*S14, IF(_xlfn.XLOOKUP(E14,Groups!A:A,Groups!N:N)="Primate",EXP(0.7847*LN(C14)+3.4931)*S14, IF(_xlfn.XLOOKUP(E14,Groups!A:A,Groups!N:N)="MiscCarnivora",EXP(0.7486*LN(C14)+4.2207)*S14, IF(_xlfn.XLOOKUP(E14,Groups!A:A,Groups!N:N)="Lizard",EXP(0.7733*LN(C14)+5.5303)*S14, IF(_xlfn.XLOOKUP(E14,Groups!A:A,Groups!N:N)="Snake",50*C14^(2/3)*S14, IF(_xlfn.XLOOKUP(E14,Groups!A:A,Groups!N:N)="StrongBitingHerbivore",87.1133638856975*C14^(2/3)*S14, IF(_xlfn.XLOOKUP(E14,Groups!A:A,Groups!N:N)="MiscEctotherms",59.4316884072269*C14^(2/3)*S14, IF(_xlfn.XLOOKUP(E14,Groups!A:A,Groups!N:N)="StrongBeakBird",0.041*(C14*1000)^1.375*S14, IF(_xlfn.XLOOKUP(E14,Groups!A:A,Groups!N:N)="Bird",0.118*(C14*1000)^0.692*S14, IF(_xlfn.XLOOKUP(E14,Groups!A:A,Groups!N:N)="Insect",EXP(0.7444*LN(C14)+6.5696)*S14, IF(_xlfn.XLOOKUP(E14,Groups!A:A,Groups!N:N)="Theropod",EXP(0.6966*LN(C14)+4.158)*S14, "No")))))))))))))))) -> 185.62665 | AU14: =IF(_xlfn.XLOOKUP(E14,Groups!A:A,Groups!U:U)=3,AS14,IF(_xlfn.XLOOKUP(E14,Groups!A:A,Groups!U:U)=2,AR14,AT14)) -> 185.62665 | AV14: =IFERROR(AVERAGE(_xlfn.XLOOKUP(B14,Animals!B:B,Animals!N:N),_xlfn.XLOOKUP(B14,Animals!B:B,Animals!O:O)),0) -> 0 | AW14: =MROUND(40*Animals!AO14*_xlfn.XLOOKUP(AG14,Leathers!$A$2:$A$99,Leathers!$B$2:$B$99,0)+(140*_xlfn.XLOOKUP(B14,Animals!B:B,Animals!AO:AO)*2),5) -> 70 | AX14: =IFERROR(ROUND(SQRT(V14-1)*IF(_xlfn.XLOOKUP(E14,Groups!A:A,Groups!BF:BF)=0,2,1)*IF(_xlfn.XLOOKUP('Base stats'!E14,Groups!A:A,Groups!O:O)=0,1,0.1),1),0) -> 0 | AY14: =IFERROR(ROUND(SQRT(U14-1),1),0) -> 0 | AZ14: =IFERROR(ROUND(SQRT(W14),1),0) -> 0 | BA14: =ROUND( EXP(0.3582*LN(C14)-0.2221) * (0.75 + 0.25*(C14^4/(C14^4+10^4))), 1) -> 0.8 | BB14: =IF(_xlfn.XLOOKUP(E14,Groups!A:A,Groups!N:N)="Insect",BD14*2.5,IFERROR(AVERAGE(BD14,AT14/9.81/IF(OR(_xlfn.XLOOKUP(E14,Groups!A:A,Groups!N:N)="Pig",_xlfn.XLOOKUP(E14,Groups!A:A,Groups!N:N)="StrongBitingHerbivore"),20,25))*C14^-0.135,BD14)) -> 0.37352102 | BC14: =IF(W14="No","No",IF(_xlfn.XLOOKUP(E14,Groups!A:A,Groups!U:U)=1,'Base stats'!BB14,IF(OR(_xlfn.XLOOKUP(E14,Groups!A:A,Groups!BD:BD)=1,_xlfn.XLOOKUP(E14,Groups!A:A,Groups!U:U)=2),BD14,IF(_xlfn.XLOOKUP(B14,Animals!B:B,Animals!AO:AO)>4,AVERAGE(BD14,BF14),BF14)))) -> No | BD14: =(0.0392*C14^IF(OR(Y14="Herbivore",Y14="Dendrovore",Y14="OmnivoreRough"),0.889,0.966))*C14^-0.135 -> 0.077329953 | BE14: =IF(_xlfn.XLOOKUP(E14,Groups!A:A,Groups!BE:BE)=1,(0.048*C14^1.01)+(0.071*C14^1.03),0.071*C14^1.03)/IF(_xlfn.XLOOKUP(E14,Groups!A:A,Groups!M:M)=1,0.85,IF(OR(_xlfn.XLOOKUP(B14,Animals!B:B,Animals!AO:AO)>4,_xlfn.XLOOKUP(E14,Groups!A:A,Groups!BC:BC)=1),1.7,1))*C14^-0.25 -> 0.13434192 | BF14: =(0.048*C14^1.01)/IF(_xlfn.XLOOKUP(E14,Groups!A:A,Groups!M:M)=1,0.25,0.8)*C14^-0.25 -> 0.11168712 | BG14: =EXP(1.076*LN(AR14)-4.5397)*IF(_xlfn.XLOOKUP(E14,Groups!A:A,Groups!BC:BC)=1,1.25,IF(_xlfn.XLOOKUP(E14,Groups!A:A,Groups!BD:BD)=1,3.5,2.5)) -> 4.1345485 | BH14: =EXP(1.076*LN(AS14)-4.5397)*IF(_xlfn.XLOOKUP(E14,Groups!A:A,Groups!M:M)=1,0.8,IF(_xlfn.XLOOKUP(E14,Groups!A:A,Groups!BC:BC)=1,1.3,3)) -> 6.4336289 | BI14: =IF(W14="No","No",IF(_xlfn.XLOOKUP(E14,Groups!A:A,Groups!U:U)=1,'Base stats'!BJ14,IF(OR(_xlfn.XLOOKUP(E14,Groups!A:A,Groups!BD:BD)=1,_xlfn.XLOOKUP(E14,Groups!A:A,Groups!U:U)=2),BG14,BH14))*1.2) -> No | BJ14: =IFERROR(EXP(1.076*LN(AT14)-4.5397)*IF(_xlfn.XLOOKUP(E14,Groups!A:A,Groups!N:N)="Insect",1,IF(OR(_xlfn.XLOOKUP(E14,Groups!A:A,Groups!N:N)="Pig",_xlfn.XLOOKUP(E14,Groups!A:A,Groups!N:N)="StrongBitingHerbivore"),3.5,3.75)),"No") -> 11.054054 | BK14: =ROUNDDOWN(SQRT((2*BG14)/BD14),0) -> 10 | BL14: =ROUNDDOWN(SQRT((2*BH14)/BE14),0) -> 9 | BM14: =IF(W14="No","No",ROUNDDOWN(SQRT((2*BI14)/BC14),0)) -> No | BN14: =IF(V14="No","No",ROUNDDOWN(SQRT((2*BJ14)/BB14),0)) -> 7 | BO14: =ROUNDDOWN(SQRT((2*BH14)/BF14),0) -> 10 | BP14: {=IF(AND(_xlfn.XLOOKUP('Base stats'!E14,Groups!A:A,Groups!AD:AD=0),_xlfn.XLOOKUP('Base stats'!E14,Groups!A:A,Groups!P:P=0)),"No",IF(U14="No",AVERAGE(EXP(-0.57+0.99*LN(C14)),EXP(0.32+0.67*LN(C14)))/IF(_xlfn.XLOOKUP(E14,Groups!A:A,Groups!AD:AD)=1,10,2),(0.7354*C14^0.4078)*2/IF(_xlfn.XLOOKUP(E14,Groups!A:A,Groups!BK:BK)=1,1000,100)/IF(_xlfn.XLOOKUP(E14,Groups!A:A,Groups!AJ:AJ)="Photonozoa",3,1)))} -> No | BQ14: =IF(W14="No","No",IF(_xlfn.XLOOKUP(E14,Groups!A:A,Groups!BD:BD)=1,(AO14*5%),EXP(0.7354*LN(C14)^0.4078)*2/IF(_xlfn.XLOOKUP(E14,Groups!A:A,Groups!BL:BL)=1,1000,100)/IF(_xlfn.XLOOKUP(E14,Groups!A:A,Groups!AJ:AJ)="Photonozoa",3,1))) -> No | BR14: =IF(BJ14="No","No",IF(_xlfn.XLOOKUP(E14,Groups!A:A,Groups!BF:BF)=1,(0.0315*C14+2.1825)*2,(0.7354*C14^0.4078)*2)/IF(_xlfn.XLOOKUP(E14,Groups!A:A,Groups!BM:BM)=1,1000,100)/IF(_xlfn.XLOOKUP(E14,Groups!A:A,Groups!AJ:AJ)="Photonozoa",3,1)) -> 0.020528179 | BS14: =BG14/(AO14*5%) -> 0.043786555 | BT14: =IF(BP14="No","No",BH14/BP14) -> No | BU14: =IF(W14="No","No",BI14/BQ14) -> No | BV14: =IF(BJ14="No","No",BJ14/BR14) -> 538.48196 | BW14: 0 | BX14: 1
A15: Labrador | B15: Canis familiaris (Labrador) | C15: =AVERAGE(AVERAGE(29,36),AVERAGE(25,32)) -> 30.5 | D15: https://en.wikipedia.org/wiki/Labrador_Retriever | E15: =Groups!$A$15 -> Doglike (CANID) | F15: 63 | G15: =510/365 -> 1.3972603 | H15: 27 | I15: 0 | J15: 6 | K15: https://genomics.senescence.info/species/entry.php?species=Canis_familiaris | L15: =MIN(37.5*C15^0.089,79.3*C15^-0.072) -> 50.83162 | M15: https://biology.ucr.edu/people/faculty/Garland/Garl1983_JZL.pdf | N15: 0 | O15: 2 | P15: 0 | Q15: 0 | R15: Standard | S15: =_xlfn.XLOOKUP(B15,[1]TeethAdjusters!$A:$A,[1]BiteAdjusters!$C:$C,1) -> 0.71417488 | T15: =_xlfn.XLOOKUP(B15,[1]TeethAdjusters!$A:$A,[1]TeethAdjusters!$B:$B,1) -> 0.95359131 | U15: No | V15: =IF(AT15="No","No",IF(_xlfn.XLOOKUP(E15,Groups!A:A,Groups!AM:AM)=1,MROUND(EXP(0.3582*LN(C15)-0.2221)*T15,0.05),IF(_xlfn.XLOOKUP(E15,Groups!A:A,Groups!AM:AM)=2,MROUND(EXP(0.3582*LN(C15)-0.2221)*T15,0.05),"Need a formula"))) -> 2.6 | W15: No | X15: False | Y15: Omnivore | Z15: 1 | AA15: 0 | AB15: 0 | AC15: 0 | AD15: 0 | AE15: No | AF15: 2~6 | AG15: Leather_Dog | AH15: =Animals!$C$14 -> <li>YorkshireTerrier</li> | AI15: 0 | AJ15: 0 | AK15: 0 | AL15: 0 | AM15: 0 | AN15: Standard | AO15: =(0.111*C15^0.65)*10000 -> 10235.708 | AP15: =IFERROR(C15*_xlfn.XLOOKUP(E15,Groups!A:A,Groups!K:K),0.106*C15^0.94) -> 3.804875 | AQ15: =AP15*10000/(_xlfn.XLOOKUP(E15,Groups!A:A,Groups!J:J)*AO15) -> 3.410327 | AR15: =EXP(0.8447*LN(C15)+3.996) -> 975.50348 | AS15: =IF(_xlfn.XLOOKUP(E15,Groups!A:A,Groups!M:M)=1,EXP(0.7444*LN('Base stats'!C15)+6.5696),EXP(0.7927*LN('Base stats'!C15)+4.28)) -> 1084.8879 | AT15: =IF(_xlfn.XLOOKUP(E15,Groups!A:A,Groups!N:N)="No","No", IF(_xlfn.XLOOKUP(E15,Groups!A:A,Groups!N:N)="Crocodile",EXP(0.8129*LN(C15)+4.6742)*S15, IF(_xlfn.XLOOKUP(E15,Groups!A:A,Groups!N:N)="Felid",EXP(0.7843*LN(C15)+4.7073)*S15, IF(_xlfn.XLOOKUP(E15,Groups!A:A,Groups!N:N)="Canid",EXP(0.8367*LN(C15)+4.8763)*S15, IF(_xlfn.XLOOKUP(E15,Groups!A:A,Groups!N:N)="Pig",EXP(0.3439*LN(C15)+6.8519)*S15, IF(_xlfn.XLOOKUP(E15,Groups!A:A,Groups!N:N)="Rodent",EXP(0.5625*LN(C15)+4.3006)*S15, IF(_xlfn.XLOOKUP(E15,Groups!A:A,Groups!N:N)="Primate",EXP(0.7847*LN(C15)+3.4931)*S15, IF(_xlfn.XLOOKUP(E15,Groups!A:A,Groups!N:N)="MiscCarnivora",EXP(0.7486*LN(C15)+4.2207)*S15, IF(_xlfn.XLOOKUP(E15,Groups!A:A,Groups!N:N)="Lizard",EXP(0.7733*LN(C15)+5.5303)*S15, IF(_xlfn.XLOOKUP(E15,Groups!A:A,Groups!N:N)="Snake",50*C15^(2/3)*S15, IF(_xlfn.XLOOKUP(E15,Groups!A:A,Groups!N:N)="StrongBitingHerbivore",87.1133638856975*C15^(2/3)*S15, IF(_xlfn.XLOOKUP(E15,Groups!A:A,Groups!N:N)="MiscEctotherms",59.4316884072269*C15^(2/3)*S15, IF(_xlfn.XLOOKUP(E15,Groups!A:A,Groups!N:N)="StrongBeakBird",0.041*(C15*1000)^1.375*S15, IF(_xlfn.XLOOKUP(E15,Groups!A:A,Groups!N:N)="Bird",0.118*(C15*1000)^0.692*S15, IF(_xlfn.XLOOKUP(E15,Groups!A:A,Groups!N:N)="Insect",EXP(0.7444*LN(C15)+6.5696)*S15, IF(_xlfn.XLOOKUP(E15,Groups!A:A,Groups!N:N)="Theropod",EXP(0.6966*LN(C15)+4.158)*S15, "No")))))))))))))))) -> 1634.8143 | AU15: =IF(_xlfn.XLOOKUP(E15,Groups!A:A,Groups!U:U)=3,AS15,IF(_xlfn.XLOOKUP(E15,Groups!A:A,Groups!U:U)=2,AR15,AT15)) -> 1634.8143 | AV15: =IFERROR(AVERAGE(_xlfn.XLOOKUP(B15,Animals!B:B,Animals!N:N),_xlfn.XLOOKUP(B15,Animals!B:B,Animals!O:O)),0) -> 0 | AW15: =MROUND(40*Animals!AO15*_xlfn.XLOOKUP(AG15,Leathers!$A$2:$A$99,Leathers!$B$2:$B$99,0)+(140*_xlfn.XLOOKUP(B15,Animals!B:B,Animals!AO:AO)*2),5) -> 250 | AX15: =IFERROR(ROUND(SQRT(V15-1)*IF(_xlfn.XLOOKUP(E15,Groups!A:A,Groups!BF:BF)=0,2,1)*IF(_xlfn.XLOOKUP('Base stats'!E15,Groups!A:A,Groups!O:O)=0,1,0.1),1),0) -> 2.5 | AY15: =IFERROR(ROUND(SQRT(U15-1),1),0) -> 0 | AZ15: =IFERROR(ROUND(SQRT(W15),1),0) -> 0 | BA15: =ROUND( EXP(0.3582*LN(C15)-0.2221) * (0.75 + 0.25*(C15^4/(C15^4+10^4))), 1) -> 2.7 | BB15: =IF(_xlfn.XLOOKUP(E15,Groups!A:A,Groups!N:N)="Insect",BD15*2.5,IFERROR(AVERAGE(BD15,AT15/9.81/IF(OR(_xlfn.XLOOKUP(E15,Groups!A:A,Groups!N:N)="Pig",_xlfn.XLOOKUP(E15,Groups!A:A,Groups!N:N)="StrongBitingHerbivore"),20,25))*C15^-0.135,BD15)) -> 2.3126197 | BC15: =IF(W15="No","No",IF(_xlfn.XLOOKUP(E15,Groups!A:A,Groups!U:U)=1,'Base stats'!BB15,IF(OR(_xlfn.XLOOKUP(E15,Groups!A:A,Groups!BD:BD)=1,_xlfn.XLOOKUP(E15,Groups!A:A,Groups!U:U)=2),BD15,IF(_xlfn.XLOOKUP(B15,Animals!B:B,Animals!AO:AO)>4,AVERAGE(BD15,BF15),BF15)))) -> No | BD15: =(0.0392*C15^IF(OR(Y15="Herbivore",Y15="Dendrovore",Y15="OmnivoreRough"),0.889,0.966))*C15^-0.135 -> 0.67102582 | BE15: =IF(_xlfn.XLOOKUP(E15,Groups!A:A,Groups!BE:BE)=1,(0.048*C15^1.01)+(0.071*C15^1.03),0.071*C15^1.03)/IF(_xlfn.XLOOKUP(E15,Groups!A:A,Groups!M:M)=1,0.85,IF(OR(_xlfn.XLOOKUP(B15,Animals!B:B,Animals!AO:AO)>4,_xlfn.XLOOKUP(E15,Groups!A:A,Groups!BC:BC)=1),1.7,1))*C15^-0.25 -> 1.0209682 | BF15: =(0.048*C15^1.01)/IF(_xlfn.XLOOKUP(E15,Groups!A:A,Groups!M:M)=1,0.25,0.8)*C15^-0.25 -> 0.80578491 | BG15: =EXP(1.076*LN(AR15)-4.5397)*IF(_xlfn.XLOOKUP(E15,Groups!A:A,Groups!BC:BC)=1,1.25,IF(_xlfn.XLOOKUP(E15,Groups!A:A,Groups!BD:BD)=1,3.5,2.5)) -> 43.932262 | BH15: =EXP(1.076*LN(AS15)-4.5397)*IF(_xlfn.XLOOKUP(E15,Groups!A:A,Groups!M:M)=1,0.8,IF(_xlfn.XLOOKUP(E15,Groups!A:A,Groups!BC:BC)=1,1.3,3)) -> 59.105611 | BI15: =IF(W15="No","No",IF(_xlfn.XLOOKUP(E15,Groups!A:A,Groups!U:U)=1,'Base stats'!BJ15,IF(OR(_xlfn.XLOOKUP(E15,Groups!A:A,Groups!BD:BD)=1,_xlfn.XLOOKUP(E15,Groups!A:A,Groups!U:U)=2),BG15,BH15))*1.2) -> No | BJ15: =IFERROR(EXP(1.076*LN(AT15)-4.5397)*IF(_xlfn.XLOOKUP(E15,Groups!A:A,Groups!N:N)="Insect",1,IF(OR(_xlfn.XLOOKUP(E15,Groups!A:A,Groups!N:N)="Pig",_xlfn.XLOOKUP(E15,Groups!A:A,Groups!N:N)="StrongBitingHerbivore"),3.5,3.75)),"No") -> 114.85678 | BK15: =ROUNDDOWN(SQRT((2*BG15)/BD15),0) -> 11 | BL15: =ROUNDDOWN(SQRT((2*BH15)/BE15),0) -> 10 | BM15: =IF(W15="No","No",ROUNDDOWN(SQRT((2*BI15)/BC15),0)) -> No | BN15: =IF(V15="No","No",ROUNDDOWN(SQRT((2*BJ15)/BB15),0)) -> 9 | BO15: =ROUNDDOWN(SQRT((2*BH15)/BF15),0) -> 12 | BP15: {=IF(AND(_xlfn.XLOOKUP('Base stats'!E15,Groups!A:A,Groups!AD:AD=0),_xlfn.XLOOKUP('Base stats'!E15,Groups!A:A,Groups!P:P=0)),"No",IF(U15="No",AVERAGE(EXP(-0.57+0.99*LN(C15)),EXP(0.32+0.67*LN(C15)))/IF(_xlfn.XLOOKUP(E15,Groups!A:A,Groups!AD:AD)=1,10,2),(0.7354*C15^0.4078)*2/IF(_xlfn.XLOOKUP(E15,Groups!A:A,Groups!BK:BK)=1,1000,100)/IF(_xlfn.XLOOKUP(E15,Groups!A:A,Groups!AJ:AJ)="Photonozoa",3,1)))} -> No | BQ15: =IF(W15="No","No",IF(_xlfn.XLOOKUP(E15,Groups!A:A,Groups!BD:BD)=1,(AO15*5%),EXP(0.7354*LN(C15)^0.4078)*2/IF(_xlfn.XLOOKUP(E15,Groups!A:A,Groups!BL:BL)=1,1000,100)/IF(_xlfn.XLOOKUP(E15,Groups!A:A,Groups!AJ:AJ)="Photonozoa",3,1))) -> No | BR15: =IF(BJ15="No","No",IF(_xlfn.XLOOKUP(E15,Groups!A:A,Groups!BF:BF)=1,(0.0315*C15+2.1825)*2,(0.7354*C15^0.4078)*2)/IF(_xlfn.XLOOKUP(E15,Groups!A:A,Groups!BM:BM)=1,1000,100)/IF(_xlfn.XLOOKUP(E15,Groups!A:A,Groups!AJ:AJ)="Photonozoa",3,1)) -> 0.059272207 | BS15: =BG15/(AO15*5%) -> 0.085841181 | BT15: =IF(BP15="No","No",BH15/BP15) -> No | BU15: =IF(W15="No","No",BI15/BQ15) -> No | BV15: =IF(BJ15="No","No",BJ15/BR15) -> 1937.7848 | BW15: 0 | BX15: 1
A16: Husky | B16: Canis familiaris (Husky) | C16: =AVERAGE(38,34) -> 36 | D16: https://en.wikipedia.org/wiki/Alaskan_Malamute | E16: =Groups!$A$15 -> Doglike (CANID) | F16: 63 | G16: =510/365 -> 1.3972603 | H16: 27 | I16: 0 | J16: 6 | K16: https://genomics.senescence.info/species/entry.php?species=Canis_familiaris | L16: =MIN(37.5*C16^0.089,79.3*C16^-0.072) -> 51.587228 | M16: https://biology.ucr.edu/people/faculty/Garland/Garl1983_JZL.pdf | N16: 0 | O16: 2 | P16: 20 | Q16: 0 | R16: Standard | S16: =_xlfn.XLOOKUP(B16,[1]TeethAdjusters!$A:$A,[1]BiteAdjusters!$C:$C,1) -> 0.71417488 | T16: =_xlfn.XLOOKUP(B16,[1]TeethAdjusters!$A:$A,[1]TeethAdjusters!$B:$B,1) -> 0.95359131 | U16: No | V16: =IF(AT16="No","No",IF(_xlfn.XLOOKUP(E16,Groups!A:A,Groups!AM:AM)=1,MROUND(EXP(0.3582*LN(C16)-0.2221)*T16,0.05),IF(_xlfn.XLOOKUP(E16,Groups!A:A,Groups!AM:AM)=2,MROUND(EXP(0.3582*LN(C16)-0.2221)*T16,0.05),"Need a formula"))) -> 2.75 | W16: No | X16: False | Y16: Omnivore | Z16: 1 | AA16: 0 | AB16: 0 | AC16: 0 | AD16: 0 | AE16: No | AF16: 2~6 | AG16: Leather_Dog | AH16: =Animals!$C$14 -> <li>YorkshireTerrier</li> | AI16: 0 | AJ16: 0 | AK16: 0 | AL16: 0 | AM16: 0 | AN16: Standard | AO16: =(0.111*C16^0.65)*10000 -> 11400.387 | AP16: =IFERROR(C16*_xlfn.XLOOKUP(E16,Groups!A:A,Groups!K:K),0.106*C16^0.94) -> 4.491 | AQ16: =AP16*10000/(_xlfn.XLOOKUP(E16,Groups!A:A,Groups!J:J)*AO16) -> 3.6140733 | AR16: =EXP(0.8447*LN(C16)+3.996) -> 1122.1463 | AS16: =IF(_xlfn.XLOOKUP(E16,Groups!A:A,Groups!M:M)=1,EXP(0.7444*LN('Base stats'!C16)+6.5696),EXP(0.7927*LN('Base stats'!C16)+4.28)) -> 1237.2611 | AT16: =IF(_xlfn.XLOOKUP(E16,Groups!A:A,Groups!N:N)="No","No", IF(_xlfn.XLOOKUP(E16,Groups!A:A,Groups!N:N)="Crocodile",EXP(0.8129*LN(C16)+4.6742)*S16, IF(_xlfn.XLOOKUP(E16,Groups!A:A,Groups!N:N)="Felid",EXP(0.7843*LN(C16)+4.7073)*S16, IF(_xlfn.XLOOKUP(E16,Groups!A:A,Groups!N:N)="Canid",EXP(0.8367*LN(C16)+4.8763)*S16, IF(_xlfn.XLOOKUP(E16,Groups!A:A,Groups!N:N)="Pig",EXP(0.3439*LN(C16)+6.8519)*S16, IF(_xlfn.XLOOKUP(E16,Groups!A:A,Groups!N:N)="Rodent",EXP(0.5625*LN(C16)+4.3006)*S16, IF(_xlfn.XLOOKUP(E16,Groups!A:A,Groups!N:N)="Primate",EXP(0.7847*LN(C16)+3.4931)*S16, IF(_xlfn.XLOOKUP(E16,Groups!A:A,Groups!N:N)="MiscCarnivora",EXP(0.7486*LN(C16)+4.2207)*S16, IF(_xlfn.XLOOKUP(E16,Groups!A:A,Groups!N:N)="Lizard",EXP(0.7733*LN(C16)+5.5303)*S16, IF(_xlfn.XLOOKUP(E16,Groups!A:A,Groups!N:N)="Snake",50*C16^(2/3)*S16, IF(_xlfn.XLOOKUP(E16,Groups!A:A,Groups!N:N)="StrongBitingHerbivore",87.1133638856975*C16^(2/3)*S16, IF(_xlfn.XLOOKUP(E16,Groups!A:A,Groups!N:N)="MiscEctotherms",59.4316884072269*C16^(2/3)*S16, IF(_xlfn.XLOOKUP(E16,Groups!A:A,Groups!N:N)="StrongBeakBird",0.041*(C16*1000)^1.375*S16, IF(_xlfn.XLOOKUP(E16,Groups!A:A,Groups!N:N)="Bird",0.118*(C16*1000)^0.692*S16, IF(_xlfn.XLOOKUP(E16,Groups!A:A,Groups!N:N)="Insect",EXP(0.7444*LN(C16)+6.5696)*S16, IF(_xlfn.XLOOKUP(E16,Groups!A:A,Groups!N:N)="Theropod",EXP(0.6966*LN(C16)+4.158)*S16, "No")))))))))))))))) -> 1878.0755 | AU16: =IF(_xlfn.XLOOKUP(E16,Groups!A:A,Groups!U:U)=3,AS16,IF(_xlfn.XLOOKUP(E16,Groups!A:A,Groups!U:U)=2,AR16,AT16)) -> 1878.0755 | AV16: =IFERROR(AVERAGE(_xlfn.XLOOKUP(B16,Animals!B:B,Animals!N:N),_xlfn.XLOOKUP(B16,Animals!B:B,Animals!O:O)),0) -> 0 | AW16: =MROUND(40*Animals!AO16*_xlfn.XLOOKUP(AG16,Leathers!$A$2:$A$99,Leathers!$B$2:$B$99,0)+(140*_xlfn.XLOOKUP(B16,Animals!B:B,Animals!AO:AO)*2),5) -> 270 | AX16: =IFERROR(ROUND(SQRT(V16-1)*IF(_xlfn.XLOOKUP(E16,Groups!A:A,Groups!BF:BF)=0,2,1)*IF(_xlfn.XLOOKUP('Base stats'!E16,Groups!A:A,Groups!O:O)=0,1,0.1),1),0) -> 2.6 | AY16: =IFERROR(ROUND(SQRT(U16-1),1),0) -> 0 | AZ16: =IFERROR(ROUND(SQRT(W16),1),0) -> 0 | BA16: =ROUND( EXP(0.3582*LN(C16)-0.2221) * (0.75 + 0.25*(C16^4/(C16^4+10^4))), 1) -> 2.9 | BB16: =IF(_xlfn.XLOOKUP(E16,Groups!A:A,Groups!N:N)="Insect",BD16*2.5,IFERROR(AVERAGE(BD16,AT16/9.81/IF(OR(_xlfn.XLOOKUP(E16,Groups!A:A,Groups!N:N)="Pig",_xlfn.XLOOKUP(E16,Groups!A:A,Groups!N:N)="StrongBitingHerbivore"),20,25))*C16^-0.135,BD16)) -> 2.5977118 | BC16: =IF(W16="No","No",IF(_xlfn.XLOOKUP(E16,Groups!A:A,Groups!U:U)=1,'Base stats'!BB16,IF(OR(_xlfn.XLOOKUP(E16,Groups!A:A,Groups!BD:BD)=1,_xlfn.XLOOKUP(E16,Groups!A:A,Groups!U:U)=2),BD16,IF(_xlfn.XLOOKUP(B16,Animals!B:B,Animals!AO:AO)>4,AVERAGE(BD16,BF16),BF16)))) -> No | BD16: =(0.0392*C16^IF(OR(Y16="Herbivore",Y16="Dendrovore",Y16="OmnivoreRough"),0.889,0.966))*C16^-0.135 -> 0.77014668 | BE16: =IF(_xlfn.XLOOKUP(E16,Groups!A:A,Groups!BE:BE)=1,(0.048*C16^1.01)+(0.071*C16^1.03),0.071*C16^1.03)/IF(_xlfn.XLOOKUP(E16,Groups!A:A,Groups!M:M)=1,0.85,IF(OR(_xlfn.XLOOKUP(B16,Animals!B:B,Animals!AO:AO)>4,_xlfn.XLOOKUP(E16,Groups!A:A,Groups!BC:BC)=1),1.7,1))*C16^-0.25 -> 1.1619148 | BF16: =(0.048*C16^1.01)/IF(_xlfn.XLOOKUP(E16,Groups!A:A,Groups!M:M)=1,0.25,0.8)*C16^-0.25 -> 0.91398938 | BG16: =EXP(1.076*LN(AR16)-4.5397)*IF(_xlfn.XLOOKUP(E16,Groups!A:A,Groups!BC:BC)=1,1.25,IF(_xlfn.XLOOKUP(E16,Groups!A:A,Groups!BD:BD)=1,3.5,2.5)) -> 51.077141 | BH16: =EXP(1.076*LN(AS16)-4.5397)*IF(_xlfn.XLOOKUP(E16,Groups!A:A,Groups!M:M)=1,0.8,IF(_xlfn.XLOOKUP(E16,Groups!A:A,Groups!BC:BC)=1,1.3,3)) -> 68.083682 | BI16: =IF(W16="No","No",IF(_xlfn.XLOOKUP(E16,Groups!A:A,Groups!U:U)=1,'Base stats'!BJ16,IF(OR(_xlfn.XLOOKUP(E16,Groups!A:A,Groups!BD:BD)=1,_xlfn.XLOOKUP(E16,Groups!A:A,Groups!U:U)=2),BG16,BH16))*1.2) -> No | BJ16: =IFERROR(EXP(1.076*LN(AT16)-4.5397)*IF(_xlfn.XLOOKUP(E16,Groups!A:A,Groups!N:N)="Insect",1,IF(OR(_xlfn.XLOOKUP(E16,Groups!A:A,Groups!N:N)="Pig",_xlfn.XLOOKUP(E16,Groups!A:A,Groups!N:N)="StrongBitingHerbivore"),3.5,3.75)),"No") -> 133.34596 | BK16: =ROUNDDOWN(SQRT((2*BG16)/BD16),0) -> 11 | BL16: =ROUNDDOWN(SQRT((2*BH16)/BE16),0) -> 10 | BM16: =IF(W16="No","No",ROUNDDOWN(SQRT((2*BI16)/BC16),0)) -> No | BN16: =IF(V16="No","No",ROUNDDOWN(SQRT((2*BJ16)/BB16),0)) -> 10 | BO16: =ROUNDDOWN(SQRT((2*BH16)/BF16),0) -> 12 | BP16: {=IF(AND(_xlfn.XLOOKUP('Base stats'!E16,Groups!A:A,Groups!AD:AD=0),_xlfn.XLOOKUP('Base stats'!E16,Groups!A:A,Groups!P:P=0)),"No",IF(U16="No",AVERAGE(EXP(-0.57+0.99*LN(C16)),EXP(0.32+0.67*LN(C16)))/IF(_xlfn.XLOOKUP(E16,Groups!A:A,Groups!AD:AD)=1,10,2),(0.7354*C16^0.4078)*2/IF(_xlfn.XLOOKUP(E16,Groups!A:A,Groups!BK:BK)=1,1000,100)/IF(_xlfn.XLOOKUP(E16,Groups!A:A,Groups!AJ:AJ)="Photonozoa",3,1)))} -> No | BQ16: =IF(W16="No","No",IF(_xlfn.XLOOKUP(E16,Groups!A:A,Groups!BD:BD)=1,(AO16*5%),EXP(0.7354*LN(C16)^0.4078)*2/IF(_xlfn.XLOOKUP(E16,Groups!A:A,Groups!BL:BL)=1,1000,100)/IF(_xlfn.XLOOKUP(E16,Groups!A:A,Groups!AJ:AJ)="Photonozoa",3,1))) -> No | BR16: =IF(BJ16="No","No",IF(_xlfn.XLOOKUP(E16,Groups!A:A,Groups!BF:BF)=1,(0.0315*C16+2.1825)*2,(0.7354*C16^0.4078)*2)/IF(_xlfn.XLOOKUP(E16,Groups!A:A,Groups!BM:BM)=1,1000,100)/IF(_xlfn.XLOOKUP(E16,Groups!A:A,Groups!AJ:AJ)="Photonozoa",3,1)) -> 0.063418181 | BS16: =BG16/(AO16*5%) -> 0.089605976 | BT16: =IF(BP16="No","No",BH16/BP16) -> No | BU16: =IF(W16="No","No",BI16/BQ16) -> No | BV16: =IF(BJ16="No","No",BJ16/BR16) -> 2102.6456 | BW16: 0 | BX16: 1
A17: Cougar | B17: Puma concolor | C17: 63 | D17: https://genomics.senescence.info/species/entry.php?species=Puma_concolor | E17: =Groups!$A$19 -> Catlike | F17: 92 | G17: =912/365 -> 2.4986301 | H17: 27 | I17: 0 | J17: 2.5 | K17: https://genomics.senescence.info/species/entry.php?species=Puma_concolor | L17: 60 | M17: https://biology.ucr.edu/people/faculty/Garland/Garl1983_JZL.pdf | N17: 0 | O17: 0 | P17: 0 | Q17: 0 | R17: Standard | S17: =_xlfn.XLOOKUP(B17,[1]TeethAdjusters!$A:$A,[1]BiteAdjusters!$C:$C,1) -> 0.8542241 | T17: =_xlfn.XLOOKUP(B17,[1]TeethAdjusters!$A:$A,[1]TeethAdjusters!$B:$B,1) -> 1.0393595 | U17: =MROUND(5.715,0.05) -> 5.7 | V17: =IF(AT17="No","No",IF(_xlfn.XLOOKUP(E17,Groups!A:A,Groups!AM:AM)=1,MROUND(EXP(0.3582*LN(C17)-0.2221)*T17,0.05),IF(_xlfn.XLOOKUP(E17,Groups!A:A,Groups!AM:AM)=2,MROUND(EXP(0.3582*LN(C17)-0.2221)*T17,0.05),"Need a formula"))) -> 3.65 | W17: No | X17: False | Y17: Carnivore | Z17: 1 | AA17: 0 | AB17: 0 | AC17: 0 | AD17: 0 | AE17: No | AF17: No | AG17: Leather_Panthera | AH17: No | AI17: 0 | AJ17: 0 | AK17: 0 | AL17: 0 | AM17: 0 | AN17: Standard | AO17: =(0.111*C17^0.65)*10000 -> 16401.907 | AP17: =IFERROR(C17*_xlfn.XLOOKUP(E17,Groups!A:A,Groups!K:K),0.106*C17^0.94) -> 7.85925 | AQ17: =AP17*10000/(_xlfn.XLOOKUP(E17,Groups!A:A,Groups!J:J)*AO17) -> 4.3960262 | AR17: =EXP(0.8447*LN(C17)+3.996) -> 1800.2952 | AS17: =IF(_xlfn.XLOOKUP(E17,Groups!A:A,Groups!M:M)=1,EXP(0.7444*LN('Base stats'!C17)+6.5696),EXP(0.7927*LN('Base stats'!C17)+4.28)) -> 1928.0471 | AT17: =IF(_xlfn.XLOOKUP(E17,Groups!A:A,Groups!N:N)="No","No", IF(_xlfn.XLOOKUP(E17,Groups!A:A,Groups!N:N)="Crocodile",EXP(0.8129*LN(C17)+4.6742)*S17, IF(_xlfn.XLOOKUP(E17,Groups!A:A,Groups!N:N)="Felid",EXP(0.7843*LN(C17)+4.7073)*S17, IF(_xlfn.XLOOKUP(E17,Groups!A:A,Groups!N:N)="Canid",EXP(0.8367*LN(C17)+4.8763)*S17, IF(_xlfn.XLOOKUP(E17,Groups!A:A,Groups!N:N)="Pig",EXP(0.3439*LN(C17)+6.8519)*S17, IF(_xlfn.XLOOKUP(E17,Groups!A:A,Groups!N:N)="Rodent",EXP(0.5625*LN(C17)+4.3006)*S17, IF(_xlfn.XLOOKUP(E17,Groups!A:A,Groups!N:N)="Primate",EXP(0.7847*LN(C17)+3.4931)*S17, IF(_xlfn.XLOOKUP(E17,Groups!A:A,Groups!N:N)="MiscCarnivora",EXP(0.7486*LN(C17)+4.2207)*S17, IF(_xlfn.XLOOKUP(E17,Groups!A:A,Groups!N:N)="Lizard",EXP(0.7733*LN(C17)+5.5303)*S17, IF(_xlfn.XLOOKUP(E17,Groups!A:A,Groups!N:N)="Snake",50*C17^(2/3)*S17, IF(_xlfn.XLOOKUP(E17,Groups!A:A,Groups!N:N)="StrongBitingHerbivore",87.1133638856975*C17^(2/3)*S17, IF(_xlfn.XLOOKUP(E17,Groups!A:A,Groups!N:N)="MiscEctotherms",59.4316884072269*C17^(2/3)*S17, IF(_xlfn.XLOOKUP(E17,Groups!A:A,Groups!N:N)="StrongBeakBird",0.041*(C17*1000)^1.375*S17, IF(_xlfn.XLOOKUP(E17,Groups!A:A,Groups!N:N)="Bird",0.118*(C17*1000)^0.692*S17, IF(_xlfn.XLOOKUP(E17,Groups!A:A,Groups!N:N)="Insect",EXP(0.7444*LN(C17)+6.5696)*S17, IF(_xlfn.XLOOKUP(E17,Groups!A:A,Groups!N:N)="Theropod",EXP(0.6966*LN(C17)+4.158)*S17, "No")))))))))))))))) -> 2438.6475 | AU17: =IF(_xlfn.XLOOKUP(E17,Groups!A:A,Groups!U:U)=3,AS17,IF(_xlfn.XLOOKUP(E17,Groups!A:A,Groups!U:U)=2,AR17,AT17)) -> 2438.6475 | AV17: =IFERROR(AVERAGE(_xlfn.XLOOKUP(B17,Animals!B:B,Animals!N:N),_xlfn.XLOOKUP(B17,Animals!B:B,Animals!O:O)),0) -> 0 | AW17: =MROUND(40*Animals!AO17*_xlfn.XLOOKUP(AG17,Leathers!$A$2:$A$99,Leathers!$B$2:$B$99,0)+(140*_xlfn.XLOOKUP(B17,Animals!B:B,Animals!AO:AO)*2),5) -> 425 | AX17: =IFERROR(ROUND(SQRT(V17-1)*IF(_xlfn.XLOOKUP(E17,Groups!A:A,Groups!BF:BF)=0,2,1)*IF(_xlfn.XLOOKUP('Base stats'!E17,Groups!A:A,Groups!O:O)=0,1,0.1),1),0) -> 3.3 | AY17: =IFERROR(ROUND(SQRT(U17-1),1),0) -> 2.2 | AZ17: =IFERROR(ROUND(SQRT(W17),1),0) -> 0 | BA17: =ROUND( EXP(0.3582*LN(C17)-0.2221) * (0.75 + 0.25*(C17^4/(C17^4+10^4))), 1) -> 3.5 | BB17: =IF(_xlfn.XLOOKUP(E17,Groups!A:A,Groups!N:N)="Insect",BD17*2.5,IFERROR(AVERAGE(BD17,AT17/9.81/IF(OR(_xlfn.XLOOKUP(E17,Groups!A:A,Groups!N:N)="Pig",_xlfn.XLOOKUP(E17,Groups!A:A,Groups!N:N)="StrongBitingHerbivore"),20,25))*C17^-0.135,BD17)) -> 3.1922628 | BC17: =IF(W17="No","No",IF(_xlfn.XLOOKUP(E17,Groups!A:A,Groups!U:U)=1,'Base stats'!BB17,IF(OR(_xlfn.XLOOKUP(E17,Groups!A:A,Groups!BD:BD)=1,_xlfn.XLOOKUP(E17,Groups!A:A,Groups!U:U)=2),BD17,IF(_xlfn.XLOOKUP(B17,Animals!B:B,Animals!AO:AO)>4,AVERAGE(BD17,BF17),BF17)))) -> No | BD17: =(0.0392*C17^IF(OR(Y17="Herbivore",Y17="Dendrovore",Y17="OmnivoreRough"),0.889,0.966))*C17^-0.135 -> 1.2261344 | BE17: =IF(_xlfn.XLOOKUP(E17,Groups!A:A,Groups!BE:BE)=1,(0.048*C17^1.01)+(0.071*C17^1.03),0.071*C17^1.03)/IF(_xlfn.XLOOKUP(E17,Groups!A:A,Groups!M:M)=1,0.85,IF(OR(_xlfn.XLOOKUP(B17,Animals!B:B,Animals!AO:AO)>4,_xlfn.XLOOKUP(E17,Groups!A:A,Groups!BC:BC)=1),1.7,1))*C17^-0.25 -> 1.7978108 | BF17: =(0.048*C17^1.01)/IF(_xlfn.XLOOKUP(E17,Groups!A:A,Groups!M:M)=1,0.25,0.8)*C17^-0.25 -> 1.3984601 | BG17: =EXP(1.076*LN(AR17)-4.5397)*IF(_xlfn.XLOOKUP(E17,Groups!A:A,Groups!BC:BC)=1,1.25,IF(_xlfn.XLOOKUP(E17,Groups!A:A,Groups!BD:BD)=1,3.5,2.5)) -> 84.942137 | BH17: =EXP(1.076*LN(AS17)-4.5397)*IF(_xlfn.XLOOKUP(E17,Groups!A:A,Groups!M:M)=1,0.8,IF(_xlfn.XLOOKUP(E17,Groups!A:A,Groups!BC:BC)=1,1.3,3)) -> 109.73399 | BI17: =IF(W17="No","No",IF(_xlfn.XLOOKUP(E17,Groups!A:A,Groups!U:U)=1,'Base stats'!BJ17,IF(OR(_xlfn.XLOOKUP(E17,Groups!A:A,Groups!BD:BD)=1,_xlfn.XLOOKUP(E17,Groups!A:A,Groups!U:U)=2),BG17,BH17))*1.2) -> No | BJ17: =IFERROR(EXP(1.076*LN(AT17)-4.5397)*IF(_xlfn.XLOOKUP(E17,Groups!A:A,Groups!N:N)="Insect",1,IF(OR(_xlfn.XLOOKUP(E17,Groups!A:A,Groups!N:N)="Pig",_xlfn.XLOOKUP(E17,Groups!A:A,Groups!N:N)="StrongBitingHerbivore"),3.5,3.75)),"No") -> 176.61881 | BK17: =ROUNDDOWN(SQRT((2*BG17)/BD17),0) -> 11 | BL17: =ROUNDDOWN(SQRT((2*BH17)/BE17),0) -> 11 | BM17: =IF(W17="No","No",ROUNDDOWN(SQRT((2*BI17)/BC17),0)) -> No | BN17: =IF(V17="No","No",ROUNDDOWN(SQRT((2*BJ17)/BB17),0)) -> 10 | BO17: =ROUNDDOWN(SQRT((2*BH17)/BF17),0) -> 12 | BP17: {=IF(AND(_xlfn.XLOOKUP('Base stats'!E17,Groups!A:A,Groups!AD:AD=0),_xlfn.XLOOKUP('Base stats'!E17,Groups!A:A,Groups!P:P=0)),"No",IF(U17="No",AVERAGE(EXP(-0.57+0.99*LN(C17)),EXP(0.32+0.67*LN(C17)))/IF(_xlfn.XLOOKUP(E17,Groups!A:A,Groups!AD:AD)=1,10,2),(0.7354*C17^0.4078)*2/IF(_xlfn.XLOOKUP(E17,Groups!A:A,Groups!BK:BK)=1,1000,100)/IF(_xlfn.XLOOKUP(E17,Groups!A:A,Groups!AJ:AJ)="Photonozoa",3,1)))} -> 0.079675482 | BQ17: =IF(W17="No","No",IF(_xlfn.XLOOKUP(E17,Groups!A:A,Groups!BD:BD)=1,(AO17*5%),EXP(0.7354*LN(C17)^0.4078)*2/IF(_xlfn.XLOOKUP(E17,Groups!A:A,Groups!BL:BL)=1,1000,100)/IF(_xlfn.XLOOKUP(E17,Groups!A:A,Groups!AJ:AJ)="Photonozoa",3,1))) -> No | BR17: =IF(BJ17="No","No",IF(_xlfn.XLOOKUP(E17,Groups!A:A,Groups!BF:BF)=1,(0.0315*C17+2.1825)*2,(0.7354*C17^0.4078)*2)/IF(_xlfn.XLOOKUP(E17,Groups!A:A,Groups!BM:BM)=1,1000,100)/IF(_xlfn.XLOOKUP(E17,Groups!A:A,Groups!AJ:AJ)="Photonozoa",3,1)) -> 0.079675482 | BS17: =BG17/(AO17*5%) -> 0.10357593 | BT17: =IF(BP17="No","No",BH17/BP17) -> 1377.2617 | BU17: =IF(W17="No","No",BI17/BQ17) -> No | BV17: =IF(BJ17="No","No",BJ17/BR17) -> 2216.7273 | BW17: 0 | BX17: 1
A18: Leopard | B18: Panthera pardus | C18: 53.75 | D18: https://genomics.senescence.info/species/entry.php?species=Panthera_pardus | E18: =Groups!$A$19 -> Catlike | F18: 97 | G18: =937 /365 -> 2.5671233 | H18: 27.3 | I18: 0 | J18: 2 | K18: https://genomics.senescence.info/species/entry.php?species=Panthera_pardus | L18: 60 | M18: https://biology.ucr.edu/people/faculty/Garland/Garl1983_JZL.pdf | N18: 0 | O18: 0 | P18: 0 | Q18: 0 | R18: Standard | S18: =_xlfn.XLOOKUP(B18,[1]TeethAdjusters!$A:$A,[1]BiteAdjusters!$C:$C,1) -> 1.2846517 | T18: =_xlfn.XLOOKUP(B18,[1]TeethAdjusters!$A:$A,[1]TeethAdjusters!$B:$B,1) -> 1.0623284 | U18: =MROUND(5.5,0.05) -> 5.5 | V18: =IF(AT18="No","No",IF(_xlfn.XLOOKUP(E18,Groups!A:A,Groups!AM:AM)=1,MROUND(EXP(0.3582*LN(C18)-0.2221)*T18,0.05),IF(_xlfn.XLOOKUP(E18,Groups!A:A,Groups!AM:AM)=2,MROUND(EXP(0.3582*LN(C18)-0.2221)*T18,0.05),"Need a formula"))) -> 3.55 | W18: No | X18: False | Y18: Carnivore | Z18: 1 | AA18: 0 | AB18: 0 | AC18: 0 | AD18: 0 | AE18: No | AF18: No | AG18: Leather_Panthera | AH18: No | AI18: 0 | AJ18: 0 | AK18: 0 | AL18: 0 | AM18: 0 | AN18: Standard | AO18: =(0.111*C18^0.65)*10000 -> 14793.433 | AP18: =IFERROR(C18*_xlfn.XLOOKUP(E18,Groups!A:A,Groups!K:K),0.106*C18^0.94) -> 6.7053125 | AQ18: =AP18*10000/(_xlfn.XLOOKUP(E18,Groups!A:A,Groups!J:J)*AO18) -> 4.158374 | AR18: =EXP(0.8447*LN(C18)+3.996) -> 1574.3143 | AS18: =IF(_xlfn.XLOOKUP(E18,Groups!A:A,Groups!M:M)=1,EXP(0.7444*LN('Base stats'!C18)+6.5696),EXP(0.7927*LN('Base stats'!C18)+4.28)) -> 1700.0097 | AT18: =IF(_xlfn.XLOOKUP(E18,Groups!A:A,Groups!N:N)="No","No", IF(_xlfn.XLOOKUP(E18,Groups!A:A,Groups!N:N)="Crocodile",EXP(0.8129*LN(C18)+4.6742)*S18, IF(_xlfn.XLOOKUP(E18,Groups!A:A,Groups!N:N)="Felid",EXP(0.7843*LN(C18)+4.7073)*S18, IF(_xlfn.XLOOKUP(E18,Groups!A:A,Groups!N:N)="Canid",EXP(0.8367*LN(C18)+4.8763)*S18, IF(_xlfn.XLOOKUP(E18,Groups!A:A,Groups!N:N)="Pig",EXP(0.3439*LN(C18)+6.8519)*S18, IF(_xlfn.XLOOKUP(E18,Groups!A:A,Groups!N:N)="Rodent",EXP(0.5625*LN(C18)+4.3006)*S18, IF(_xlfn.XLOOKUP(E18,Groups!A:A,Groups!N:N)="Primate",EXP(0.7847*LN(C18)+3.4931)*S18, IF(_xlfn.XLOOKUP(E18,Groups!A:A,Groups!N:N)="MiscCarnivora",EXP(0.7486*LN(C18)+4.2207)*S18, IF(_xlfn.XLOOKUP(E18,Groups!A:A,Groups!N:N)="Lizard",EXP(0.7733*LN(C18)+5.5303)*S18, IF(_xlfn.XLOOKUP(E18,Groups!A:A,Groups!N:N)="Snake",50*C18^(2/3)*S18, IF(_xlfn.XLOOKUP(E18,Groups!A:A,Groups!N:N)="StrongBitingHerbivore",87.1133638856975*C18^(2/3)*S18, IF(_xlfn.XLOOKUP(E18,Groups!A:A,Groups!N:N)="MiscEctotherms",59.4316884072269*C18^(2/3)*S18, IF(_xlfn.XLOOKUP(E18,Groups!A:A,Groups!N:N)="StrongBeakBird",0.041*(C18*1000)^1.375*S18, IF(_xlfn.XLOOKUP(E18,Groups!A:A,Groups!N:N)="Bird",0.118*(C18*1000)^0.692*S18, IF(_xlfn.XLOOKUP(E18,Groups!A:A,Groups!N:N)="Insect",EXP(0.7444*LN(C18)+6.5696)*S18, IF(_xlfn.XLOOKUP(E18,Groups!A:A,Groups!N:N)="Theropod",EXP(0.6966*LN(C18)+4.158)*S18, "No")))))))))))))))) -> 3237.9911 | AU18: =IF(_xlfn.XLOOKUP(E18,Groups!A:A,Groups!U:U)=3,AS18,IF(_xlfn.XLOOKUP(E18,Groups!A:A,Groups!U:U)=2,AR18,AT18)) -> 3237.9911 | AV18: =IFERROR(AVERAGE(_xlfn.XLOOKUP(B18,Animals!B:B,Animals!N:N),_xlfn.XLOOKUP(B18,Animals!B:B,Animals!O:O)),0) -> 0 | AW18: =MROUND(40*Animals!AO18*_xlfn.XLOOKUP(AG18,Leathers!$A$2:$A$99,Leathers!$B$2:$B$99,0)+(140*_xlfn.XLOOKUP(B18,Animals!B:B,Animals!AO:AO)*2),5) -> 405 | AX18: =IFERROR(ROUND(SQRT(V18-1)*IF(_xlfn.XLOOKUP(E18,Groups!A:A,Groups!BF:BF)=0,2,1)*IF(_xlfn.XLOOKUP('Base stats'!E18,Groups!A:A,Groups!O:O)=0,1,0.1),1),0) -> 3.2 | AY18: =IFERROR(ROUND(SQRT(U18-1),1),0) -> 2.1 | AZ18: =IFERROR(ROUND(SQRT(W18),1),0) -> 0 | BA18: =ROUND( EXP(0.3582*LN(C18)-0.2221) * (0.75 + 0.25*(C18^4/(C18^4+10^4))), 1) -> 3.3 | BB18: =IF(_xlfn.XLOOKUP(E18,Groups!A:A,Groups!N:N)="Insect",BD18*2.5,IFERROR(AVERAGE(BD18,AT18/9.81/IF(OR(_xlfn.XLOOKUP(E18,Groups!A:A,Groups!N:N)="Pig",_xlfn.XLOOKUP(E18,Groups!A:A,Groups!N:N)="StrongBitingHerbivore"),20,25))*C18^-0.135,BD18)) -> 4.1688604 | BC18: =IF(W18="No","No",IF(_xlfn.XLOOKUP(E18,Groups!A:A,Groups!U:U)=1,'Base stats'!BB18,IF(OR(_xlfn.XLOOKUP(E18,Groups!A:A,Groups!BD:BD)=1,_xlfn.XLOOKUP(E18,Groups!A:A,Groups!U:U)=2),BD18,IF(_xlfn.XLOOKUP(B18,Animals!B:B,Animals!AO:AO)>4,AVERAGE(BD18,BF18),BF18)))) -> No | BD18: =(0.0392*C18^IF(OR(Y18="Herbivore",Y18="Dendrovore",Y18="OmnivoreRough"),0.889,0.966))*C18^-0.135 -> 1.0745598 | BE18: =IF(_xlfn.XLOOKUP(E18,Groups!A:A,Groups!BE:BE)=1,(0.048*C18^1.01)+(0.071*C18^1.03),0.071*C18^1.03)/IF(_xlfn.XLOOKUP(E18,Groups!A:A,Groups!M:M)=1,0.85,IF(OR(_xlfn.XLOOKUP(B18,Animals!B:B,Animals!AO:AO)>4,_xlfn.XLOOKUP(E18,Groups!A:A,Groups!BC:BC)=1),1.7,1))*C18^-0.25 -> 1.5883769 | BF18: =(0.048*C18^1.01)/IF(_xlfn.XLOOKUP(E18,Groups!A:A,Groups!M:M)=1,0.25,0.8)*C18^-0.25 -> 1.2394782 | BG18: =EXP(1.076*LN(AR18)-4.5397)*IF(_xlfn.XLOOKUP(E18,Groups!A:A,Groups!BC:BC)=1,1.25,IF(_xlfn.XLOOKUP(E18,Groups!A:A,Groups!BD:BD)=1,3.5,2.5)) -> 73.526474 | BH18: =EXP(1.076*LN(AS18)-4.5397)*IF(_xlfn.XLOOKUP(E18,Groups!A:A,Groups!M:M)=1,0.8,IF(_xlfn.XLOOKUP(E18,Groups!A:A,Groups!BC:BC)=1,1.3,3)) -> 95.83415 | BI18: =IF(W18="No","No",IF(_xlfn.XLOOKUP(E18,Groups!A:A,Groups!U:U)=1,'Base stats'!BJ18,IF(OR(_xlfn.XLOOKUP(E18,Groups!A:A,Groups!BD:BD)=1,_xlfn.XLOOKUP(E18,Groups!A:A,Groups!U:U)=2),BG18,BH18))*1.2) -> No | BJ18: =IFERROR(EXP(1.076*LN(AT18)-4.5397)*IF(_xlfn.XLOOKUP(E18,Groups!A:A,Groups!N:N)="Insect",1,IF(OR(_xlfn.XLOOKUP(E18,Groups!A:A,Groups!N:N)="Pig",_xlfn.XLOOKUP(E18,Groups!A:A,Groups!N:N)="StrongBitingHerbivore"),3.5,3.75)),"No") -> 239.61897 | BK18: =ROUNDDOWN(SQRT((2*BG18)/BD18),0) -> 11 | BL18: =ROUNDDOWN(SQRT((2*BH18)/BE18),0) -> 10 | BM18: =IF(W18="No","No",ROUNDDOWN(SQRT((2*BI18)/BC18),0)) -> No | BN18: =IF(V18="No","No",ROUNDDOWN(SQRT((2*BJ18)/BB18),0)) -> 10 | BO18: =ROUNDDOWN(SQRT((2*BH18)/BF18),0) -> 12 | BP18: {=IF(AND(_xlfn.XLOOKUP('Base stats'!E18,Groups!A:A,Groups!AD:AD=0),_xlfn.XLOOKUP('Base stats'!E18,Groups!A:A,Groups!P:P=0)),"No",IF(U18="No",AVERAGE(EXP(-0.57+0.99*LN(C18)),EXP(0.32+0.67*LN(C18)))/IF(_xlfn.XLOOKUP(E18,Groups!A:A,Groups!AD:AD)=1,10,2),(0.7354*C18^0.4078)*2/IF(_xlfn.XLOOKUP(E18,Groups!A:A,Groups!BK:BK)=1,1000,100)/IF(_xlfn.XLOOKUP(E18,Groups!A:A,Groups!AJ:AJ)="Photonozoa",3,1)))} -> 0.074679596 | BQ18: =IF(W18="No","No",IF(_xlfn.XLOOKUP(E18,Groups!A:A,Groups!BD:BD)=1,(AO18*5%),EXP(0.7354*LN(C18)^0.4078)*2/IF(_xlfn.XLOOKUP(E18,Groups!A:A,Groups!BL:BL)=1,1000,100)/IF(_xlfn.XLOOKUP(E18,Groups!A:A,Groups!AJ:AJ)="Photonozoa",3,1))) -> No | BR18: =IF(BJ18="No","No",IF(_xlfn.XLOOKUP(E18,Groups!A:A,Groups!BF:BF)=1,(0.0315*C18+2.1825)*2,(0.7354*C18^0.4078)*2)/IF(_xlfn.XLOOKUP(E18,Groups!A:A,Groups!BM:BM)=1,1000,100)/IF(_xlfn.XLOOKUP(E18,Groups!A:A,Groups!AJ:AJ)="Photonozoa",3,1)) -> 0.074679596 | BS18: =BG18/(AO18*5%) -> 0.099404204 | BT18: =IF(BP18="No","No",BH18/BP18) -> 1283.2709 | BU18: =IF(W18="No","No",BI18/BQ18) -> No | BV18: =IF(BJ18="No","No",BJ18/BR18) -> 3208.6271 | BW18: 0 | BX18: 1
