Workbook

Sheet Bite force
A1: Bite force
A2: Species | B2: Weight (kg) | C2: Max. Bite force (N) | D2: Isometric bite force (N) | E2: Method | F2: Source | G2: ln weight (kg) | H2: ln max. Bite force (N) | I2: Relative bite force
A3: Suids
A4: Sus scrofa | B4: 30 | C4: 2783.1 | D4: =C4*(1/B4)^(2/3) -> 288.25796 | E4: In vivo | F4: https://pmc.ncbi.nlm.nih.gov/articles/PMC8364746/ | G4: =LN(B4) -> 3.4011974 | H4: =LN(C4) -> 7.9313207 | I4: =C4/EXP(0.3439*LN(B4)+6.8519) -> 0.91370174
A5: Sus scrofa | B5: 30 | C5: 2914.5 | D5: =C5*(1/B5)^(2/3) -> 301.86764 | E5: In vivo | F5: https://pmc.ncbi.nlm.nih.gov/articles/PMC8364746/ | G5: =LN(B5) -> 3.4011974 | H5: =LN(C5) -> 7.9774536 | I5: =C5/EXP(0.3439*LN(B5)+6.8519) -> 0.95684083
A6: Sus scrofa | B6: 60 | C6: 4335.5 | D6: =C6*(1/B6)^(2/3) -> 282.88181 | E6: In vivo | F6: https://pmc.ncbi.nlm.nih.gov/articles/PMC8364746/ | G6: =LN(B6) -> 4.0943446 | H6: =LN(C6) -> 8.3745922 | I6: =C6/EXP(0.3439*LN(B6)+6.8519) -> 1.1214776
A7: Sus scrofa | B7: 38 | C7: 2489.9 | D7: =C7*(1/B7)^(2/3) -> 220.28901 | E7: In vivo | F7: https://pmc.ncbi.nlm.nih.gov/articles/PMC8364746/ | G7: =LN(B7) -> 3.6375862 | H7: =LN(C7) -> 7.8199978 | I7: =C7/EXP(0.3439*LN(B7)+6.8519) -> 0.75361922
A8: Sus scrofa | B8: 30 | C8: 2543.8 | D8: =C8*(1/B8)^(2/3) -> 263.4726 | E8: In vivo | F8: https://pmc.ncbi.nlm.nih.gov/articles/PMC8364746/ | G8: =LN(B8) -> 3.4011974 | H8: =LN(C8) -> 7.8414143 | I8: =C8/EXP(0.3439*LN(B8)+6.8519) -> 0.83513869
A9: Sus scrofa | B9: 37 | C9: 3687.3 | D9: =C9*(1/B9)^(2/3) -> 332.07842 | E9: In vivo | F9: https://pmc.ncbi.nlm.nih.gov/articles/PMC8364746/ | G9: =LN(B9) -> 3.6109179 | H9: =LN(C9) -> 8.2126498 | I9: =C9/EXP(0.3439*LN(B9)+6.8519) -> 1.1263193
A10: Sus scrofa | B10: 90 | C10: 4838.6 | D10: =C10*(1/B10)^(2/3) -> 240.93028 | E10: In vivo | F10: https://pmc.ncbi.nlm.nih.gov/articles/PMC8364746/ | G10: =LN(B10) -> 4.4998097 | H10: =LN(C10) -> 8.4843807 | I10: =C10/EXP(0.3439*LN(B10)+6.8519) -> 1.0887129
A11: Tayassu pecari | B11: 43 | C11: 3162.6 | D11: =C11*(1/B11)^(2/3) -> 257.67085 | E11: In vivo | F11: https://pmc.ncbi.nlm.nih.gov/articles/PMC8364746/ | G11: =LN(B11) -> 3.7612001 | H11: =LN(C11) -> 8.0591498 | I11: =C11/EXP(0.3439*LN(B11)+6.8519) -> 0.91738599
A12: Tayassu pecari | B12: 32 | C12: 3510.8 | D12: =C12*(1/B12)^(2/3) -> 348.31548 | E12: In vivo | F12: https://pmc.ncbi.nlm.nih.gov/articles/PMC8364746/ | G12: =LN(B12) -> 3.4657359 | H12: =LN(C12) -> 8.1635992 | I12: =C12/EXP(0.3439*LN(B12)+6.8519) -> 1.1273082
A13: Pecari tajacu | B13: 16 | C13: 2489.9 | D13: =C13*(1/B13)^(2/3) -> 392.13468 | E13: In vivo | F13: https://pmc.ncbi.nlm.nih.gov/articles/PMC8364746/ | G13: =LN(B13) -> 2.7725887 | H13: =LN(C13) -> 7.8199978 | I13: =C13/EXP(0.3439*LN(B13)+6.8519) -> 1.0147117
A14: Pecari tajacu | B14: 19.5 | C14: 3302.9 | D14: =C14*(1/B14)^(2/3) -> 455.9029 | E14: In vivo | F14: https://pmc.ncbi.nlm.nih.gov/articles/PMC8364746/ | G14: =LN(B14) -> 2.9704145 | H14: =LN(C14) -> 8.1025561 | I14: =C14/EXP(0.3439*LN(B14)+6.8519) -> 1.2575063
A15: Felids
A16: Caracal caracal | B16: 16.59 | C16: 1008.9 | D16: =C16*(1/B16)^(2/3) -> 155.10193 | E16: PCSA | F16: https://anatomypubs.onlinelibrary.wiley.com/doi/10.1002/ar.22518 | G16: =LN(B16) -> 2.8088001 | H16: =LN(C16) -> 6.9166159 | I16: =C16/EXP(0.9087*LN(B16)+4.3479) -> 1.0164938
A17: Leptailurus serval | B17: 13.9 | C17: 909.6 | D17: =C17*(1/B17)^(2/3) -> 157.34052 | E17: PCSA | F17: https://anatomypubs.onlinelibrary.wiley.com/doi/10.1002/ar.22518 | G17: =LN(B17) -> 2.6318888 | H17: =LN(C17) -> 6.8130049 | I17: =C17/EXP(0.9087*LN(B17)+4.3479) -> 1.0762767
A18: Leopardus pardalis | B18: 11.59 | C18: 1017 | D18: =C18*(1/B18)^(2/3) -> 198.57839 | E18: PCSA | F18: https://anatomypubs.onlinelibrary.wiley.com/doi/10.1002/ar.22518 | G18: =LN(B18) -> 2.4501427 | H18: =LN(C18) -> 6.9246124 | I18: =C18/EXP(0.9087*LN(B18)+4.3479) -> 1.4194476
A19: Lynx rufus | B19: 15.5 | C19: 704.9 | D19: =C19*(1/B19)^(2/3) -> 113.38955 | E19: PCSA | F19: https://anatomypubs.onlinelibrary.wiley.com/doi/10.1002/ar.22518 | G19: =LN(B19) -> 2.74084 | H19: =LN(C19) -> 6.5580559 | I19: =C19/EXP(0.9087*LN(B19)+4.3479) -> 0.7554472
A20: Neofelis nebulosa | B20: 24 | C20: 1613.4 | D20: =C20*(1/B20)^(2/3) -> 193.91045 | E20: PCSA | F20: https://anatomypubs.onlinelibrary.wiley.com/doi/10.1002/ar.22518 | G20: =LN(B20) -> 3.1780538 | H20: =LN(C20) -> 7.386099 | I20: =C20/EXP(0.9087*LN(B20)+4.3479) -> 1.1621846
A21: Panthera onca | B21: 100 | C21: 7057.9 | D21: =C21*(1/B21)^(2/3) -> 327.5987 | E21: PCSA | F21: https://anatomypubs.onlinelibrary.wiley.com/doi/10.1002/ar.22518 | G21: =LN(B21) -> 4.6051702 | H21: =LN(C21) -> 8.8619028 | I21: =C21/EXP(0.9087*LN(B21)+4.3479) -> 1.3899735
A22: Panthera pardus | B22: 34.1 | C22: 2266.1 | D22: =C22*(1/B22)^(2/3) -> 215.49779 | E22: PCSA | F22: https://anatomypubs.onlinelibrary.wiley.com/doi/10.1002/ar.22518 | G22: =LN(B22) -> 3.5292974 | H22: =LN(C22) -> 7.7258156 | I22: =C22/EXP(0.9087*LN(B22)+4.3479) -> 1.1863045
A23: Panthera uncia | B23: 38.64 | C23: 2057.8 | D23: =C23*(1/B23)^(2/3) -> 180.0439 | E23: PCSA | F23: https://anatomypubs.onlinelibrary.wiley.com/doi/10.1002/ar.22518 | G23: =LN(B23) -> 3.654288 | H23: =LN(C23) -> 7.6293927 | I23: =C23/EXP(0.9087*LN(B23)+4.3479) -> 0.96159801
A24: Panthera tigris | B24: 200 | C24: 9101.2 | D24: =C24*(1/B24)^(2/3) -> 266.1207 | E24: PCSA | F24: https://anatomypubs.onlinelibrary.wiley.com/doi/10.1002/ar.22518 | G24: =LN(B24) -> 5.2983174 | H24: =LN(C24) -> 9.1161616 | I24: =C24/EXP(0.9087*LN(B24)+4.3479) -> 0.95473693
A25: Panthera leo | B25: 203 | C25: 7505 | D25: =C25*(1/B25)^(2/3) -> 217.28013 | E25: Corrected dry skull | F25: https://journals.biologists.com/jeb/article/219/23/3738/16607/Accuracy-of-mandibular-force-profiles-for-bite | G25: =LN(B25) -> 5.313206 | H25: =LN(C25) -> 8.9233247 | I25: =C25/EXP(0.9087*LN(B25)+4.3479) -> 0.7767121
A26: Felis catus | B26: 2.57 | C26: 171.9 | D26: =C26*(1/B26)^(2/3) -> 91.619333 | E26: Corrected dry skull | F26: https://doi.org/10.3390/ani10040707 | G26: =LN(B26) -> 0.9439059 | H26: =LN(C26) -> 5.1469129 | I26: =C26/EXP(0.9087*LN(B26)+4.3479) -> 0.94297607
A27: Felis catus | B27: 3.5 | C27: 206.2 | D27: =C27*(1/B27)^(2/3) -> 89.449235 | E27: Corrected dry skull | F27: https://doi.org/10.3390/ani10040707 | G27: =LN(B27) -> 1.252763 | H27: =LN(C27) -> 5.3288466 | I27: =C27/EXP(0.9087*LN(B27)+4.3479) -> 0.85432881
A28: Puma concolor | B28: 39.8 | C28: =773.2*2.2 -> 1701.04 | D28: =C28*(1/B28)^(2/3) -> 145.92369 | E28: Corrected dry skull | F28: https://doi.org/10.1890/0012-9658(2007)88[347:bfaeat]2.0.co;2 and https://journals.biologists.com/jeb/article/219/23/3738/16607/Accuracy-of-mandibular-force-profiles-for-bite | G28: =LN(B28) -> 3.6838669 | H28: =LN(C28) -> 7.4389951 | I28: =C28/EXP(0.9087*LN(B28)+4.3479) -> 0.77380548
A29: Acinonyx jubatus | B29: 47 | C29: =718.9455775*2.2 -> 1581.6803 | D29: =C29*(1/B29)^(2/3) -> 121.447 | E29: Corrected dry skull | F29: https://centaur.reading.ac.uk/117240/2/Palaeontology%20-%202021%20-%20Sakamoto%20-%20Assessing%20bite%20force%20estimates%20in%20extinct%20mammals%20and%20archosaurs%20using%20phylogenetic.pdf | G29: =LN(B29) -> 3.8501476 | H29: =LN(C29) -> 7.366243 | I29: =C29/EXP(0.9087*LN(B29)+4.3479) -> 0.61860638
A30: Smilodon fatalis | B30: 229 | C30: =1104*(1933/976)*2.2 -> 4810.318 | D30: =C30*(1/B30)^(2/3) -> 128.51391 | E30: Corrected dry skull | F30: https://www.pnas.org/doi/10.1073/pnas.0706086104 | G30: =LN(B30) -> 5.433722 | H30: =LN(C30) -> 8.4785185 | I30: =C30/EXP(0.9087*LN(B30)+4.3479) -> 0.44619255
A31: Canids and hyaenids
A32: Canis l. familiaris (Australian Shepherd-Blue Heeler cross) | B32: 15 | C32: 1310 | D32: =C32*(1/B32)^(2/3) -> 215.38252 | E32: In vivo | F32: https://onlinelibrary.wiley.com/doi/10.1111/j.1469-7580.2008.00911.x | G32: =LN(B32) -> 2.7080502 | H32: =LN(C32) -> 7.1777824 | I32: =C32/EXP(0.889*LN(B32)+4.777) -> 0.99334801
A33: Canis l. familiaris (Black Labrador) | B33: 30 | C33: 732 | D33: =C33*(1/B33)^(2/3) -> 75.816473 | E33: In vivo | F33: https://onlinelibrary.wiley.com/doi/10.1111/j.1469-7580.2008.00911.x | G33: =LN(B33) -> 3.4011974 | H33: =LN(C33) -> 6.5957805 | I33: =C33/EXP(0.889*LN(B33)+4.777) -> 0.29972678
A34: Canis l. familiaris (Shar Pe cross) | B34: 19 | C34: 1353 | D34: =C34*(1/B34)^(2/3) -> 190.01829 | E34: In vivo | F34: https://onlinelibrary.wiley.com/doi/10.1111/j.1469-7580.2008.00911.x | G34: =LN(B34) -> 2.944439 | H34: =LN(C34) -> 7.2100796 | I34: =C34/EXP(0.889*LN(B34)+4.777) -> 0.8314978
A35: Canis l. familiaris (Shepherd-Collie crosss) | B35: 18.5 | C35: 2035 | D35: =C35*(1/B35)^(2/3) -> 290.92649 | E35: In vivo | F35: https://onlinelibrary.wiley.com/doi/10.1111/j.1469-7580.2008.00911.x | G35: =LN(B35) -> 2.9177707 | H35: =LN(C35) -> 7.6182511 | I35: =C35/EXP(0.889*LN(B35)+4.777) -> 1.280631
A36: Canis l. familiaris (Spaniel cross) | B36: 11.5 | C36: 573 | D36: =C36*(1/B36)^(2/3) -> 112.46638 | E36: In vivo | F36: https://onlinelibrary.wiley.com/doi/10.1111/j.1469-7580.2008.00911.x | G36: =LN(B36) -> 2.442347 | H36: =LN(C36) -> 6.3508857 | I36: =C36/EXP(0.889*LN(B36)+4.777) -> 0.55026197
A37: Canis l. familiaris ( Jack Russell cross) | B37: 8 | C37: 1025 | D37: =C37*(1/B37)^(2/3) -> 256.25 | E37: In vivo | F37: https://onlinelibrary.wiley.com/doi/10.1111/j.1469-7580.2008.00911.x | G37: =LN(B37) -> 2.0794415 | H37: =LN(C37) -> 6.9324479 | I37: =C37/EXP(0.889*LN(B37)+4.777) -> 1.3591022
A38: Canis l. familiaris (Husky crosss) | B38: 21.5 | C38: 2174 | D38: =C38*(1/B38)^(2/3) -> 281.16887 | E38: In vivo | F38: https://onlinelibrary.wiley.com/doi/10.1111/j.1469-7580.2008.00911.x | G38: =LN(B38) -> 3.0680529 | H38: =LN(C38) -> 7.6843241 | I38: =C38/EXP(0.889*LN(B38)+4.777) -> 1.1970079
A39: Canis l. familiaris (Terrier-Collie cross) | B39: 15.5 | C39: 1890 | D39: =C39*(1/B39)^(2/3) -> 304.02363 | E39: In vivo | F39: https://onlinelibrary.wiley.com/doi/10.1111/j.1469-7580.2008.00911.x | G39: =LN(B39) -> 2.74084 | H39: =LN(C39) -> 7.5443321 | I39: =C39/EXP(0.889*LN(B39)+4.777) -> 1.3919774
A40: Canis l. familiaris (Shepherd cross) | B40: 23.5 | C40: 2202 | D40: =C40*(1/B40)^(2/3) -> 268.39355 | E40: In vivo | F40: https://onlinelibrary.wiley.com/doi/10.1111/j.1469-7580.2008.00911.x | G40: =LN(B40) -> 3.1570004 | H40: =LN(C40) -> 7.6971213 | I40: =C40/EXP(0.889*LN(B40)+4.777) -> 1.1202456
A41: Canis l. familiaris ( Collie-Hound cross) | B41: 18.5 | C41: 1774 | D41: =C41*(1/B41)^(2/3) -> 253.61356 | E41: In vivo | F41: https://onlinelibrary.wiley.com/doi/10.1111/j.1469-7580.2008.00911.x | G41: =LN(B41) -> 2.9177707 | H41: =LN(C41) -> 7.4809922 | I41: =C41/EXP(0.889*LN(B41)+4.777) -> 1.116383
A42: Canis l. familiaris (Dachshund) | B42: 5 | C42: 834 | D42: =C42*(1/B42)^(2/3) -> 285.22399 | E42: In vivo | F42: https://onlinelibrary.wiley.com/doi/10.1111/j.1469-7580.2008.00911.x | G42: =LN(B42) -> 1.6094379 | H42: =LN(C42) -> 6.7262334 | I42: =C42/EXP(0.889*LN(B42)+4.777) -> 1.6794109
A43: Canis l. familiaris (Shepherd cross) | B43: 32.5 | C43: 2900 | D43: =C43*(1/B43)^(2/3) -> 284.75788 | E43: In vivo | F43: https://onlinelibrary.wiley.com/doi/10.1111/j.1469-7580.2008.00911.x | G43: =LN(B43) -> 3.4812401 | H43: =LN(C43) -> 7.972466 | I43: =C43/EXP(0.889*LN(B43)+4.777) -> 1.1058824
... A52: Crocuta crocuta | B52: 62.9999 | C52: 5500 | D52: =C52*(1/B52)^(2/3) -> 347.37838 | E52: Speculative | F52: https://www.bio.umass.edu/biology/dumont/Tanner%20et%20al_2008_Biological%20Journal%20of%20the%20Linnean%20Society.pdf | G52: =LN(B52) -> 4.1431331 | H52: =LN(C52) -> 8.6125034 | I52: =C52/EXP(0.889*LN(B52)+4.777) -> 1.1644606
A53: Hyaena hyaena | B53: =(137.8/199.8)*(137.8/199.8)*(137.8/199.8)*40.8 -> 13.385092 | C53: =1041.5*2.2 -> 2291.3 | D53: =C53*(1/B53)^(2/3) -> 406.44431 | E53: Corrected dry skull | F53: https://www.wellesu.com/10.1017/s0952836905006643 | G53: =LN(B53) -> 2.5941416 | H53: =LN(C53) -> 7.7368746 | I53: =C53/EXP(0.889*LN(B53)+4.777) -> 1.9226083
A54: Lycaon pictus | B54: =AVERAGE(POWER(10,3.08*LOG10(116.1)-5.03),POWER(10,2.86*LOG10(198.2)-5.21)) -> 22.128878 | C54: =854*2.2 -> 1878.8 | D54: =C54*(1/B54)^(2/3) -> 238.36416 | E54: Corrected dry skull | F54: https://www.wellesu.com/10.1017/s0952836905006643 | G54: =LN(B54) -> 3.0968835 | H54: =LN(C54) -> 7.5383886 | I54: =C54/EXP(0.889*LN(B54)+4.777) -> 1.0082934
A55: Vulpes vulpes | B55: =AVERAGE(POWER(10,3.08*LOG10(81.7)-5.03),POWER(10,2.86*LOG10(146)-5.21)) -> 8.3947148 | C55: =298.4*2.2 -> 656.48 | D55: =C55*(1/B55)^(2/3) -> 158.93426 | E55: Corrected dry skull | F55: https://www.wellesu.com/10.1017/s0952836905006643 | G55: =LN(B55) -> 2.1276023 | H55: =LN(C55) -> 6.4868922 | I55: =C55/EXP(0.889*LN(B55)+4.777) -> 0.83397968
A56: Vulpes lagopus | B56: =AVERAGE(POWER(10,3.08*LOG10(65)-5.03),POWER(10,2.86*LOG10(114.7)-5.21)) -> 4.1846346 | C56: =203.7*2.2 -> 448.14 | D56: =C56*(1/B56)^(2/3) -> 172.57399 | E56: Corrected dry skull | F56: https://www.wellesu.com/10.1017/s0952836905006643 | G56: =LN(B56) -> 1.4314194 | H56: =LN(C56) -> 6.1051057 | I56: =C56/EXP(0.889*LN(B56)+4.777) -> 1.0571471
A57: Vulpes zerda | B57: =AVERAGE(POWER(10,3.08*LOG10(54.3)-5.03),POWER(10,2.86*LOG10(83.2)-5.21)) -> 1.9845224 | C57: =55.8*2.2 -> 122.76 | D57: =C57*(1/B57)^(2/3) -> 77.735527 | E57: Corrected dry skull | F57: https://www.wellesu.com/10.1017/s0952836905006643 | G57: =LN(B57) -> 0.68537827 | H57: =LN(C57) -> 4.8102312 | I57: =C57/EXP(0.889*LN(B57)+4.777) -> 0.56210307
A58: Canis lupus | B58: =AVERAGE(POWER(10,3.08*LOG10(139.9)-5.03),POWER(10,2.86*LOG10(255.3)-5.21)) -> 42.583067 | C58: 2786.5 | D58: =C58*(1/B58)^(2/3) -> 228.50783 | E58: Corrected dry skull | F58: https://journals.biologists.com/jeb/article/219/23/3738/16607/Accuracy-of-mandibular-force-profiles-for-bite | G58: =LN(B58) -> 3.7514567 | H58: =LN(C58) -> 7.9325416 | I58: =C58/EXP(0.889*LN(B58)+4.777) -> 0.83568513
A59: Canis dirus | B59: 50.8 | C59: 3479.4 | D59: =C59*(1/B59)^(2/3) -> 253.66578 | E59: Corrected dry skull | F59: https://journals.biologists.com/jeb/article/219/23/3738/16607/Accuracy-of-mandibular-force-profiles-for-bite | G59: =LN(B59) -> 3.9278964 | H59: =LN(C59) -> 8.1546151 | I59: =C59/EXP(0.889*LN(B59)+4.777) -> 0.89200395
A60: Canis lupus | B60: 34.7 | C60: 2281.7 | D60: =C60*(1/B60)^(2/3) -> 214.4728 | E60: Corrected dry skull | F60: https://journals.biologists.com/jeb/article/219/23/3738/16607/Accuracy-of-mandibular-force-profiles-for-bite | G60: =LN(B60) -> 3.5467397 | H60: =LN(C60) -> 7.7326761 | I60: =C60/EXP(0.889*LN(B60)+4.777) -> 0.82088231
A61: Other carnivora
A62: Ailurus fulgens | B62: 4.9 | C62: =328.824*1.25 -> 411.03 | D62: =C62*(1/B62)^(2/3) -> 142.47636 | E62: PCSA + corrected "working side" | F62: https://anatomypubs.onlinelibrary.wiley.com/doi/10.1002/ar.24233 | G62: =LN(B62) -> 1.5892352 | H62: =LN(C62) -> 6.0186662 | I62: =C62/EXP(0.7186*LN(B62)+4.4502) -> 1.5317974
A63: Mephitis mephitis | B63: 3.075 | C63: =131.436*1.25 -> 164.295 | D63: =C63*(1/B63)^(2/3) -> 77.695214 | E63: PCSA + corrected "working side" | F63: https://anatomypubs.onlinelibrary.wiley.com/doi/10.1002/ar.24233 | G63: =LN(B63) -> 1.1233049 | H63: =LN(C63) -> 5.1016636 | I63: =C63/EXP(0.7186*LN(B63)+4.4502) -> 0.85577883
A64: Spilogale putorius | B64: 0.56 | C64: =60.9*1.25 -> 76.125 | D64: =C64*(1/B64)^(2/3) -> 112.04744 | E64: PCSA + corrected "working side" | F64: https://anatomypubs.onlinelibrary.wiley.com/doi/10.1002/ar.24233 | G64: =LN(B64) -> -0.5798185 | H64: =LN(C64) -> 4.3323767 | I64: =C64/EXP(0.7186*LN(B64)+4.4502) -> 1.3482862
A65: Taxidea taxus | B65: 12.02 | C65: =425.34*1.25 -> 531.675 | D65: =C65*(1/B65)^(2/3) -> 101.32344 | E65: PCSA + corrected "working side" | F65: https://anatomypubs.onlinelibrary.wiley.com/doi/10.1002/ar.24233 | G65: =LN(B65) -> 2.4865719 | H65: =LN(C65) -> 6.2760324 | I65: =C65/EXP(0.7186*LN(B65)+4.4502) -> 1.0397516
A66: Eira barbara | B66: 4.85 | C66: =159.24*1.25 -> 199.05 | D66: =C66*(1/B66)^(2/3) -> 69.470596 | E66: PCSA + corrected "working side" | F66: https://anatomypubs.onlinelibrary.wiley.com/doi/10.1002/ar.24233 | G66: =LN(B66) -> 1.5789787 | H66: =LN(C66) -> 5.293556 | I66: =C66/EXP(0.7186*LN(B66)+4.4502) -> 0.74729292
A67: Aonyx cinerea | B67: 3.1 | C67: =124.596*1.25 -> 155.745 | D67: =C67*(1/B67)^(2/3) -> 73.255401 | E67: PCSA + corrected "working side" | F67: https://anatomypubs.onlinelibrary.wiley.com/doi/10.1002/ar.24233 | G67: =LN(B67) -> 1.1314021 | H67: =LN(C67) -> 5.0482201 | I67: =C67/EXP(0.7186*LN(B67)+4.4502) -> 0.806537
A68: Lontra canadensis | B68: 9.5 | C68: =183.768*1.25 -> 229.71 | D68: =C68*(1/B68)^(2/3) -> 51.211107 | E68: PCSA + corrected "working side" | F68: https://anatomypubs.onlinelibrary.wiley.com/doi/10.1002/ar.24233 | G68: =LN(B68) -> 2.2512918 | H68: =LN(C68) -> 5.4368176 | I68: =C68/EXP(0.7186*LN(B68)+4.4502) -> 0.53197401
A69: Pteronura brasiliensis | B69: 30 | C69: =1023.216*1.25 -> 1279.02 | D69: =C69*(1/B69)^(2/3) -> 132.47375 | E69: PCSA + corrected "working side" | F69: https://anatomypubs.onlinelibrary.wiley.com/doi/10.1002/ar.24233 | G69: =LN(B69) -> 3.4011974 | H69: =LN(C69) -> 7.1538494 | I69: =C69/EXP(0.7186*LN(B69)+4.4502) -> 1.2963453
A70: Mustela erminea | B70: 0.131 | C70: =16.596*1.25 -> 20.745 | D70: =C70*(1/B70)^(2/3) -> 80.426513 | E70: PCSA + corrected "working side" | F70: https://anatomypubs.onlinelibrary.wiley.com/doi/10.1002/ar.24233 | G70: =LN(B70) -> -2.032558 | H70: =LN(C70) -> 3.0323053 | I70: =C70/EXP(0.7186*LN(B70)+4.4502) -> 1.0436262
A71: Neovison vison | B71: 1.149 | C71: =42.192*1.25 -> 52.74 | D71: =C71*(1/B71)^(2/3) -> 48.075828 | E71: PCSA + corrected "working side" | F71: https://anatomypubs.onlinelibrary.wiley.com/doi/10.1002/ar.24233 | G71: =LN(B71) -> 0.138892 | H71: =LN(C71) -> 3.9653742 | I71: =C71/EXP(0.7186*LN(B71)+4.4502) -> 0.55731002
A72: Martes americana | B72: 0.86 | C72: =76.056*1.25 -> 95.07 | D72: =C72*(1/B72)^(2/3) -> 105.12625 | E72: PCSA + corrected "working side" | F72: https://anatomypubs.onlinelibrary.wiley.com/doi/10.1002/ar.24233 | G72: =LN(B72) -> -0.15082289 | H72: =LN(C72) -> 4.5546135 | I72: =C72/EXP(0.7186*LN(B72)+4.4502) -> 1.2371308
A73: Mustela nivalis | B73: 0.046 | C73: =7.788*1.25 -> 9.735 | D73: =C73*(1/B73)^(2/3) -> 75.828198 | E73: PCSA + corrected "working side" | F73: https://anatomypubs.onlinelibrary.wiley.com/doi/10.1002/ar.24233 | G73: =LN(B73) -> -3.0791139 | H73: =LN(C73) -> 2.2757276 | I73: =C73/EXP(0.7186*LN(B73)+4.4502) -> 1.0389171
A74: Gulo gulo | B74: 18.144 | C74: =1309.644*1.25 -> 1637.055 | D74: =C74*(1/B74)^(2/3) -> 237.08709 | E74: PCSA + corrected "working side" | F74: https://anatomypubs.onlinelibrary.wiley.com/doi/10.1002/ar.24233 | G74: =LN(B74) -> 2.8983399 | H74: =LN(C74) -> 7.4006542 | I74: =C74/EXP(0.7186*LN(B74)+4.4502) -> 2.3814442
A75: Bassariscus astutus | B75: 0.985 | C75: =92.508*1.25 -> 115.635 | D75: =C75*(1/B75)^(2/3) -> 116.806 | E75: PCSA + corrected "working side" | F75: https://anatomypubs.onlinelibrary.wiley.com/doi/10.1002/ar.24233 | G75: =LN(B75) -> -0.015113638 | H75: =LN(C75) -> 4.7504387 | I75: =C75/EXP(0.7186*LN(B75)+4.4502) -> 1.3649248
A76: Potos flavus | B76: 3 | C76: =144.492*1.25 -> 180.615 | D76: =C76*(1/B76)^(2/3) -> 86.830635 | E76: PCSA + corrected "working side" | F76: https://anatomypubs.onlinelibrary.wiley.com/doi/10.1002/ar.24233 | G76: =LN(B76) -> 1.0986123 | H76: =LN(C76) -> 5.1963677 | I76: =C76/EXP(0.7186*LN(B76)+4.4502) -> 0.95762876
A77: Nasua nasua | B77: 4.1 | C77: =161.508*1.25 -> 201.885 | D77: =C77*(1/B77)^(2/3) -> 78.810028 | E77: PCSA + corrected "working side" | F77: https://anatomypubs.onlinelibrary.wiley.com/doi/10.1002/ar.24233 | G77: =LN(B77) -> 1.410987 | H77: =LN(C77) -> 5.3076982 | I77: =C77/EXP(0.7186*LN(B77)+4.4502) -> 0.85518538
A78: Procyon lotor | B78: 5.94 | C78: =179.076*1.25 -> 223.845 | D78: =C78*(1/B78)^(2/3) -> 68.247975 | E78: PCSA + corrected "working side" | F78: https://anatomypubs.onlinelibrary.wiley.com/doi/10.1002/ar.24233 | G78: =LN(B78) -> 1.7817091 | H78: =LN(C78) -> 5.4109538 | I78: =C78/EXP(0.7186*LN(B78)+4.4502) -> 0.72645239
A79: Ursus arctos | B79: =AVERAGE(139.525,143.716,139.862,140.764,137.125) -> 140.1984 | C79: =3175.99 -> 3175.99 | D79: =C79*(1/B79)^(2/3) -> 117.68391 | E79: Corrected dry skull | F79: https://www.mdpi.com/2076-2615/14/9/1367 | G79: =LN(B79) -> 4.9430586 | H79: =LN(C79) -> 8.0633747 | I79: =C79/EXP(0.7186*LN(B79)+4.4502) -> 1.0629975
A80: Ursus thibetanus | B80: 91.03 | C80: =1217.39*(1135.7/858.3) -> 1610.8468 | D80: =C80*(1/B80)^(2/3) -> 79.603326 | E80: Corrected dry skull | F80: https://www.researchgate.net/publication/224630206_Finite_Element_Analysis_of_ursid_cranial_mechanics_and_the_prediction_of_feeding_behaviour_in_the_extinct_giant_Agriotherium_africanum_the_bare_facts | G80: =LN(B80) -> 4.5111891 | H80: =LN(C80) -> 7.3845153 | I80: =C80/EXP(0.7186*LN(B80)+4.4502) -> 0.73533786
A81: Ursus americanus | B81: 124.47 | C81: =2016.94*(1003.6/744.3) -> 2719.6036 | D81: =C81*(1/B81)^(2/3) -> 109.09273 | E81: Corrected dry skull | F81: https://www.researchgate.net/publication/224630206_Finite_Element_Analysis_of_ursid_cranial_mechanics_and_the_prediction_of_feeding_behaviour_in_the_extinct_giant_Agriotherium_africanum_the_bare_facts | G81: =LN(B81) -> 4.8240647 | H81: =LN(C81) -> 7.9082414 | I81: =C81/EXP(0.7186*LN(B81)+4.4502) -> 0.99150481
A82: Ursus arctos | B82: 213.68 | C82: =2795.56 *(1894.9/1409.7) -> 3757.7546 | D82: =C82*(1/B82)^(2/3) -> 105.13625 | E82: Corrected dry skull | F82: https://www.researchgate.net/publication/224630206_Finite_Element_Analysis_of_ursid_cranial_mechanics_and_the_prediction_of_feeding_behaviour_in_the_extinct_giant_Agriotherium_africanum_the_bare_facts | G82: =LN(B82) -> 5.3644796 | H82: =LN(C82) -> 8.2315769 | I82: =C82/EXP(0.7186*LN(B82)+4.4502) -> 0.92910071
A83: Ailuropoda melanoleuca | B83: 110.45 | C83: =2603.47 *(1815.9/1298.9) -> 3639.7268 | D83: =C83*(1/B83)^(2/3) -> 158.10963 | E83: Corrected dry skull | F83: https://www.researchgate.net/publication/224630206_Finite_Element_Analysis_of_ursid_cranial_mechanics_and_the_prediction_of_feeding_behaviour_in_the_extinct_giant_Agriotherium_africanum_the_bare_facts | G83: =LN(B83) -> 4.7045629 | H83: =LN(C83) -> 8.1996639 | I83: =C83/EXP(0.7186*LN(B83)+4.4502) -> 1.4459477
A84: Ursus maritimus | B84: 226.55 | C84: =2569.57*(2349.6/1646.7) -> 3666.4005 | D84: =C84*(1/B84)^(2/3) -> 98.657595 | E84: Corrected dry skull | F84: https://www.researchgate.net/publication/224630206_Finite_Element_Analysis_of_ursid_cranial_mechanics_and_the_prediction_of_feeding_behaviour_in_the_extinct_giant_Agriotherium_africanum_the_bare_facts | G84: =LN(B84) -> 5.4229657 | H84: =LN(C84) -> 8.2069657 | I84: =C84/EXP(0.7186*LN(B84)+4.4502) -> 0.86920397
A85: Crocodilians
A86: Crocodylus intermedius | B86: 182 | C86: 6276 | D86: =C86*(1/B86)^(2/3) -> 195.41985 | E86: In vivo | F86: https://journals.plos.org/plosone/article?id=10.1371/journal.pone.0031781 | G86: =LN(B86) -> 5.2040067 | H86: =LN(C86) -> 8.7444881 | I86: =C86/EXP(0.8129*LN(B86)+4.6742) -> 0.8521021
A87: Crocodylus mindorensis | B87: 69 | C87: 2736 | D87: =C87*(1/B87)^(2/3) -> 162.63601 | E87: In vivo | F87: https://journals.plos.org/plosone/article?id=10.1371/journal.pone.0031781 | G87: =LN(B87) -> 4.2341065 | H87: =LN(C87) -> 7.9142523 | I87: =C87/EXP(0.8129*LN(B87)+4.6742) -> 0.81721513
A88: Crocodylus moreletii | B88: 110 | C88: 4399 | D88: =C88*(1/B88)^(2/3) -> 191.61324 | E88: In vivo | F88: https://journals.plos.org/plosone/article?id=10.1371/journal.pone.0031781 | G88: =LN(B88) -> 4.7004804 | H88: =LN(C88) -> 8.3891325 | I88: =C88/EXP(0.8129*LN(B88)+4.6742) -> 0.89934553
A89: Crocodylus palustris | B89: 207 | C89: 7295 | D89: =C89*(1/B89)^(2/3) -> 208.47072 | E89: In vivo | F89: https://journals.plos.org/plosone/article?id=10.1371/journal.pone.0031781 | G89: =LN(B89) -> 5.3327188 | H89: =LN(C89) -> 8.8949445 | I89: =C89/EXP(0.8129*LN(B89)+4.6742) -> 0.89205932
A90: Crocodylus porosus | B90: 531 | C90: 16414 | D90: =C90*(1/B90)^(2/3) -> 250.31377 | E90: In vivo | F90: https://journals.plos.org/plosone/article?id=10.1371/journal.pone.0031781 | G90: =LN(B90) -> 6.274762 | H90: =LN(C90) -> 9.7058899 | I90: =C90/EXP(0.8129*LN(B90)+4.6742) -> 0.93326682
A91: Alligator mississippiensis | B91: 145 | C91: 8566.3 | D91: =C91*(1/B91)^(2/3) -> 310.3711 | E91: In vivo | F91: https://zslpublications.onlinelibrary.wiley.com/doi/10.1111/jzo.12349 | G91: =LN(B91) -> 4.9767337 | H91: =LN(C91) -> 9.0555912 | I91: =C91/EXP(0.8129*LN(B91)+4.6742) -> 1.3990652
A92: Alligator mississippiensis | B92: 4.6 | C92: 347.1 | D92: =C92*(1/B92)^(2/3) -> 125.49201 | E92: In vivo | F92: https://zslpublications.onlinelibrary.wiley.com/doi/10.1111/jzo.12349 | G92: =LN(B92) -> 1.5260563 | H92: =LN(C92) -> 5.8496129 | I92: =C92/EXP(0.8129*LN(B92)+4.6742) -> 0.93695667
A93: Alligator mississippiensis | B93: 2.45 | C93: 259.9 | D93: =C93*(1/B93)^(2/3) -> 143.00862 | E93: In vivo | F93: https://zslpublications.onlinelibrary.wiley.com/doi/10.1111/jzo.12349 | G93: =LN(B93) -> 0.89608802 | H93: =LN(C93) -> 5.5602969 | I93: =C93/EXP(0.8129*LN(B93)+4.6742) -> 1.1707762
A94: Alligator mississippiensis | B94: 2.6 | C94: 170.4 | D94: =C94*(1/B94)^(2/3) -> 90.119898 | E94: In vivo | F94: https://zslpublications.onlinelibrary.wiley.com/doi/10.1111/jzo.12349 | G94: =LN(B94) -> 0.95551145 | H94: =LN(C94) -> 5.1381486 | I94: =C94/EXP(0.8129*LN(B94)+4.6742) -> 0.73140595
A95: Alligator mississippiensis | B95: 2.2 | C95: 198 | D95: =C95*(1/B95)^(2/3) -> 117.05323 | E95: In vivo | F95: https://zslpublications.onlinelibrary.wiley.com/doi/10.1111/jzo.12349 | G95: =LN(B95) -> 0.78845736 | H95: =LN(C95) -> 5.288267 | I95: =C95/EXP(0.8129*LN(B95)+4.6742) -> 0.97348783
A96: Alligator mississippiensis | B96: 326.6 | C96: 11970.5 | D96: =C96*(1/B96)^(2/3) -> 252.40706 | E96: In vivo | F96: https://zslpublications.onlinelibrary.wiley.com/doi/10.1111/jzo.12349 | G96: =LN(B96) -> 5.7887362 | H96: =LN(C96) -> 9.3902006 | I96: =C96/EXP(0.8129*LN(B96)+4.6742) -> 1.0103905
A97: Alligator mississippiensis | B97: 47.6 | C97: 2274.2 | D97: =C97*(1/B97)^(2/3) -> 173.15061 | E97: In vivo | F97: https://zslpublications.onlinelibrary.wiley.com/doi/10.1111/jzo.12349 | G97: =LN(B97) -> 3.8628328 | H97: =LN(C97) -> 7.7293836 | I97: =C97/EXP(0.8129*LN(B97)+4.6742) -> 0.91859208
... A164: Alligator mississippiensis | B164: 135.13 | C164: 6027 | D164: =C164*(1/B164)^(2/3) -> 228.87587 | E164: In vivo | F164: https://zslpublications.onlinelibrary.wiley.com/doi/10.1111/jzo.12349 | G164: =LN(B164) -> 4.9062373 | H164: =LN(C164) -> 8.7040047 | I164: =C164/EXP(0.8129*LN(B164)+4.6742) -> 1.0423986
A165: Lizards
A166: Varanus komodoensis | B166: =AVERAGE(79,91,68,73) -> 77.75 | C166: =600*4.448230531 -> 2668.9383 | D166: =C166*(1/B166)^(2/3) -> 146.51146 | E166: In vivo | F166: https://www.facebook.com/bbcearth/videos/deadly-60-the-largest-lizard-on-earth/385634677028817/ | G166: =LN(B166) -> 4.3534986 | H166: =LN(C166) -> 7.889436 | I166: =C166/EXP(0.7733*LN(B166)+5.5303) -> 0.36515827
A167: Varanus bengalensis | B167: 2.6 | C167: =19*2 -> 38 | D167: =C167*(1/B167)^(2/3) -> 20.09716 | E167: PCSA | F167: Sinclair & Alexander (1987) https://doi.org/10.1111/j.1469-7998.1987.tb03681.x | G167: =LN(B167) -> 0.95551145 | H167: =LN(C167) -> 3.6375862 | I167: =C167/EXP(0.7733*LN(B167)+5.5303) -> 0.071962449
A168: Mochlus sundevallii | B168: =9.83/1000 -> 0.00983 | C168: 12.33 | D168: =C168*(1/B168)^(2/3) -> 268.69571 | E168: In vivo | F168: Justin et al. (2014) https://data.nhm.ac.uk/dataset/lepidosaur-bite-force-data/resource/a31436d7-a41c-48ae-b28f-b84e92fd3734 | G168: =LN(B168) -> -4.6223163 | H168: =LN(C168) -> 2.5120353 | I168: =C168/EXP(0.7733*LN(B168)+5.5303) -> 1.7439847
A169: Bradypodion pumilum | B169: =9.77/1000 -> 0.00977 | C169: 13.33 | D169: =C169*(1/B169)^(2/3) -> 291.67583 | E169: In vivo | F169: Justin et al. (2014) https://data.nhm.ac.uk/dataset/lepidosaur-bite-force-data/resource/a31436d7-a41c-48ae-b28f-b84e92fd3734 | G169: =LN(B169) -> -4.6284388 | H169: =LN(C169) -> 2.5900171 | I169: =C169/EXP(0.7733*LN(B169)+5.5303) -> 1.8943748
A170: Acontias meleagris | B170: =9.74/1000 -> 0.00974 | C170: 8.99 | D170: =C170*(1/B170)^(2/3) -> 197.11532 | E170: In vivo | F170: Justin et al. (2014) https://data.nhm.ac.uk/dataset/lepidosaur-bite-force-data/resource/a31436d7-a41c-48ae-b28f-b84e92fd3734 | G170: =LN(B170) -> -4.6315142 | H170: =LN(C170) -> 2.1961128 | I170: =C170/EXP(0.7733*LN(B170)+5.5303) -> 1.2806436
A171: Anolis oculatus | B171: =8.17/1000 -> 0.00817 | C171: 24.11 | D171: =C171*(1/B171)^(2/3) -> 594.35945 | E171: In vivo | F171: Justin et al. (2014) https://data.nhm.ac.uk/dataset/lepidosaur-bite-force-data/resource/a31436d7-a41c-48ae-b28f-b84e92fd3734 | G171: =LN(B171) -> -4.8072864 | H171: =LN(C171) -> 3.1826267 | I171: =C171/EXP(0.7733*LN(B171)+5.5303) -> 3.9345686
A172: Sphenodon punctatus | B172: =778/1000 -> 0.778 | C172: 119.1 | D172: =C172*(1/B172)^(2/3) -> 140.79656 | E172: In vivo | F172: Justin et al. (2014) https://data.nhm.ac.uk/dataset/lepidosaur-bite-force-data/resource/a31436d7-a41c-48ae-b28f-b84e92fd3734 | G172: =LN(B172) -> -0.25102875 | H172: =LN(C172) -> 4.7799635 | I172: =C172/EXP(0.7733*LN(B172)+5.5303) -> 0.57337462
A173: Gallotia atlantica | B173: =7.8/1000 -> 0.0078 | C173: 8.4 | D173: =C173*(1/B173)^(2/3) -> 213.57458 | E173: In vivo | F173: Justin et al. (2014) https://data.nhm.ac.uk/dataset/lepidosaur-bite-force-data/resource/a31436d7-a41c-48ae-b28f-b84e92fd3734 | G173: =LN(B173) -> -4.8536315 | H173: =LN(C173) -> 2.1282317 | I173: =C173/EXP(0.7733*LN(B173)+5.5303) -> 1.4208354
A174: Anolis cristatellus | B174: =7.2/1000 -> 0.0072 | C174: 21.1 | D174: =C174*(1/B174)^(2/3) -> 565.88406 | E174: In vivo | F174: Justin et al. (2014) https://data.nhm.ac.uk/dataset/lepidosaur-bite-force-data/resource/a31436d7-a41c-48ae-b28f-b84e92fd3734 | G174: =LN(B174) -> -4.9336743 | H174: =LN(C174) -> 3.049273 | I174: =C174/EXP(0.7733*LN(B174)+5.5303) -> 3.7968939
...

Sheet TeethAdjusters
A1: Species | B1: Teeth size adjuster
A2: ='[1]Base stats'!$B2 -> Ursus maritimus | B2: {=IF( SUMPRODUCT(--( TRIM(LEFT(Teeth!$A:$A,SEARCH("§",SUBSTITUTE(Teeth!$A:$A," ","§",2)&"§")-1))= TRIM(LEFT(A2,SEARCH("§",SUBSTITUTE(A2," ","§",2)&"§")-1)) ))>0, IF( COUNT(_xlfn._xlws.FILTER(Teeth!$D:$D, TRIM(LEFT(Teeth!$A:$A,SEARCH("§",SUBSTITUTE(Teeth!$A:$A," ","§",2)&"§")-1))= TRIM(LEFT(A2,SEARCH("§",SUBSTITUTE(A2," ","§",2)&"§")-1)) ))=0, 1, MAX(_xlfn._xlws.FILTER(Teeth!$D:$D, TRIM(LEFT(Teeth!$A:$A,SEARCH("§",SUBSTITUTE(Teeth!$A:$A," ","§",2)&"§")-1))= TRIM(LEFT(A2,SEARCH("§",SUBSTITUTE(A2," ","§",2)&"§")-1)) )) ), IF( SUMPRODUCT(--( TRIM(LEFT(Teeth!$A:$A,SEARCH(" ",Teeth!$A:$A&" ")-1))= TRIM(LEFT(A2,SEARCH(" ",A2&" ")-1)) ))>0, IF( COUNT(_xlfn._xlws.FILTER(Teeth!$D:$D, TRIM(LEFT(Teeth!$A:$A,SEARCH(" ",Teeth!$A:$A&" ")-1))= TRIM(LEFT(A2,SEARCH(" ",A2&" ")-1)) ))=0, 1, AVERAGE(_xlfn._xlws.FILTER(Teeth!$D:$D, TRIM(LEFT(Teeth!$A:$A,SEARCH(" ",Teeth!$A:$A&" ")-1))= TRIM(LEFT(A2,SEARCH(" ",A2&" ")-1)) )) ), 1 ) )} -> 0.83672459
A3: ='[1]Base stats'!$B3 -> Ursus arctos | B3: {=IF( SUMPRODUCT(--( TRIM(LEFT(Teeth!$A:$A,SEARCH("§",SUBSTITUTE(Teeth!$A:$A," ","§",2)&"§")-1))= TRIM(LEFT(A3,SEARCH("§",SUBSTITUTE(A3," ","§",2)&"§")-1)) ))>0, IF( COUNT(_xlfn._xlws.FILTER(Teeth!$D:$D, TRIM(LEFT(Teeth!$A:$A,SEARCH("§",SUBSTITUTE(Teeth!$A:$A," ","§",2)&"§")-1))= TRIM(LEFT(A3,SEARCH("§",SUBSTITUTE(A3," ","§",2)&"§")-1)) ))=0, 1, MAX(_xlfn._xlws.FILTER(Teeth!$D:$D, TRIM(LEFT(Teeth!$A:$A,SEARCH("§",SUBSTITUTE(Teeth!$A:$A," ","§",2)&"§")-1))= TRIM(LEFT(A3,SEARCH("§",SUBSTITUTE(A3," ","§",2)&"§")-1)) )) ), IF( SUMPRODUCT(--( TRIM(LEFT(Teeth!$A:$A,SEARCH(" ",Teeth!$A:$A&" ")-1))= TRIM(LEFT(A3,SEARCH(" ",A3&" ")-1)) ))>0, IF( COUNT(_xlfn._xlws.FILTER(Teeth!$D:$D, TRIM(LEFT(Teeth!$A:$A,SEARCH(" ",Teeth!$A:$A&" ")-1))= TRIM(LEFT(A3,SEARCH(" ",A3&" ")-1)) ))=0, 1, AVERAGE(_xlfn._xlws.FILTER(Teeth!$D:$D, TRIM(LEFT(Teeth!$A:$A,SEARCH(" ",Teeth!$A:$A&" ")-1))= TRIM(LEFT(A3,SEARCH(" ",A3&" ")-1)) )) ), 1 ) )} -> 0.79656343
A4: ='[1]Base stats'!$B4 -> Procyon lotor | B4: {=IF( SUMPRODUCT(--( TRIM(LEFT(Teeth!$A:$A,SEARCH("§",SUBSTITUTE(Teeth!$A:$A," ","§",2)&"§")-1))= TRIM(LEFT(A4,SEARCH("§",SUBSTITUTE(A4," ","§",2)&"§")-1)) ))>0, IF( COUNT(_xlfn._xlws.FILTER(Teeth!$D:$D, TRIM(LEFT(Teeth!$A:$A,SEARCH("§",SUBSTITUTE(Teeth!$A:$A," ","§",2)&"§")-1))= TRIM(LEFT(A4,SEARCH("§",SUBSTITUTE(A4," ","§",2)&"§")-1)) ))=0, 1, MAX(_xlfn._xlws.FILTER(Teeth!$D:$D, TRIM(LEFT(Teeth!$A:$A,SEARCH("§",SUBSTITUTE(Teeth!$A:$A," ","§",2)&"§")-1))= TRIM(LEFT(A4,SEARCH("§",SUBSTITUTE(A4," ","§",2)&"§")-1)) )) ), IF( SUMPRODUCT(--( TRIM(LEFT(Teeth!$A:$A,SEARCH(" ",Teeth!$A:$A&" ")-1))= TRIM(LEFT(A4,SEARCH(" ",A4&" ")-1)) ))>0, IF( COUNT(_xlfn._xlws.FILTER(Teeth!$D:$D, TRIM(LEFT(Teeth!$A:$A,SEARCH(" ",Teeth!$A:$A&" ")-1))= TRIM(LEFT(A4,SEARCH(" ",A4&" ")-1)) ))=0, 1, AVERAGE(_xlfn._xlws.FILTER(Teeth!$D:$D, TRIM(LEFT(Teeth!$A:$A,SEARCH(" ",Teeth!$A:$A&" ")-1))= TRIM(LEFT(A4,SEARCH(" ",A4&" ")-1)) )) ), 1 ) )} -> 1.1605025
A5: ='[1]Base stats'!$B5 -> Struthio camelus | B5: {=IF( SUMPRODUCT(--( TRIM(LEFT(Teeth!$A:$A,SEARCH("§",SUBSTITUTE(Teeth!$A:$A," ","§",2)&"§")-1))= TRIM(LEFT(A5,SEARCH("§",SUBSTITUTE(A5," ","§",2)&"§")-1)) ))>0, IF( COUNT(_xlfn._xlws.FILTER(Teeth!$D:$D, TRIM(LEFT(Teeth!$A:$A,SEARCH("§",SUBSTITUTE(Teeth!$A:$A," ","§",2)&"§")-1))= TRIM(LEFT(A5,SEARCH("§",SUBSTITUTE(A5," ","§",2)&"§")-1)) ))=0, 1, MAX(_xlfn._xlws.FILTER(Teeth!$D:$D, TRIM(LEFT(Teeth!$A:$A,SEARCH("§",SUBSTITUTE(Teeth!$A:$A," ","§",2)&"§")-1))= TRIM(LEFT(A5,SEARCH("§",SUBSTITUTE(A5," ","§",2)&"§")-1)) )) ), IF( SUMPRODUCT(--( TRIM(LEFT(Teeth!$A:$A,SEARCH(" ",Teeth!$A:$A&" ")-1))= TRIM(LEFT(A5,SEARCH(" ",A5&" ")-1)) ))>0, IF( COUNT(_xlfn._xlws.FILTER(Teeth!$D:$D, TRIM(LEFT(Teeth!$A:$A,SEARCH(" ",Teeth!$A:$A&" ")-1))= TRIM(LEFT(A5,SEARCH(" ",A5&" ")-1)) ))=0, 1, AVERAGE(_xlfn._xlws.FILTER(Teeth!$D:$D, TRIM(LEFT(Teeth!$A:$A,SEARCH(" ",Teeth!$A:$A&" ")-1))= TRIM(LEFT(A5,SEARCH(" ",A5&" ")-1)) )) ), 1 ) )} -> 1
A6: ='[1]Base stats'!$B6 -> Casuarius casuarius | B6: {=IF( SUMPRODUCT(--( TRIM(LEFT(Teeth!$A:$A,SEARCH("§",SUBSTITUTE(Teeth!$A:$A," ","§",2)&"§")-1))= TRIM(LEFT(A6,SEARCH("§",SUBSTITUTE(A6," ","§",2)&"§")-1)) ))>0, IF( COUNT(_xlfn._xlws.FILTER(Teeth!$D:$D, TRIM(LEFT(Teeth!$A:$A,SEARCH("§",SUBSTITUTE(Teeth!$A:$A," ","§",2)&"§")-1))= TRIM(LEFT(A6,SEARCH("§",SUBSTITUTE(A6," ","§",2)&"§")-1)) ))=0, 1, MAX(_xlfn._xlws.FILTER(Teeth!$D:$D, TRIM(LEFT(Teeth!$A:$A,SEARCH("§",SUBSTITUTE(Teeth!$A:$A," ","§",2)&"§")-1))= TRIM(LEFT(A6,SEARCH("§",SUBSTITUTE(A6," ","§",2)&"§")-1)) )) ), IF( SUMPRODUCT(--( TRIM(LEFT(Teeth!$A:$A,SEARCH(" ",Teeth!$A:$A&" ")-1))= TRIM(LEFT(A6,SEARCH(" ",A6&" ")-1)) ))>0, IF( COUNT(_xlfn._xlws.FILTER(Teeth!$D:$D, TRIM(LEFT(Teeth!$A:$A,SEARCH(" ",Teeth!$A:$A&" ")-1))= TRIM(LEFT(A6,SEARCH(" ",A6&" ")-1)) ))=0, 1, AVERAGE(_xlfn._xlws.FILTER(Teeth!$D:$D, TRIM(LEFT(Teeth!$A:$A,SEARCH(" ",Teeth!$A:$A&" ")-1))= TRIM(LEFT(A6,SEARCH(" ",A6&" ")-1)) )) ), 1 ) )} -> 1
A7: ='[1]Base stats'!$B7 -> Dromaius novaehollandiae | B7: {=IF( SUMPRODUCT(--( TRIM(LEFT(Teeth!$A:$A,SEARCH("§",SUBSTITUTE(Teeth!$A:$A," ","§",2)&"§")-1))= TRIM(LEFT(A7,SEARCH("§",SUBSTITUTE(A7," ","§",2)&"§")-1)) ))>0, IF( COUNT(_xlfn._xlws.FILTER(Teeth!$D:$D, TRIM(LEFT(Teeth!$A:$A,SEARCH("§",SUBSTITUTE(Teeth!$A:$A," ","§",2)&"§")-1))= TRIM(LEFT(A7,SEARCH("§",SUBSTITUTE(A7," ","§",2)&"§")-1)) ))=0, 1, MAX(_xlfn._xlws.FILTER(Teeth!$D:$D, TRIM(LEFT(Teeth!$A:$A,SEARCH("§",SUBSTITUTE(Teeth!$A:$A," ","§",2)&"§")-1))= TRIM(LEFT(A7,SEARCH("§",SUBSTITUTE(A7," ","§",2)&"§")-1)) )) ), IF( SUMPRODUCT(--( TRIM(LEFT(Teeth!$A:$A,SEARCH(" ",Teeth!$A:$A&" ")-1))= TRIM(LEFT(A7,SEARCH(" ",A7&" ")-1)) ))>0, IF( COUNT(_xlfn._xlws.FILTER(Teeth!$D:$D, TRIM(LEFT(Teeth!$A:$A,SEARCH(" ",Teeth!$A:$A&" ")-1))= TRIM(LEFT(A7,SEARCH(" ",A7&" ")-1)) ))=0, 1, AVERAGE(_xlfn._xlws.FILTER(Teeth!$D:$D, TRIM(LEFT(Teeth!$A:$A,SEARCH(" ",Teeth!$A:$A&" ")-1))= TRIM(LEFT(A7,SEARCH(" ",A7&" ")-1)) )) ), 1 ) )} -> 1
A8: ='[1]Base stats'!$B8 -> Meleagris gallopavo (wild) | B8: {=IF( SUMPRODUCT(--( TRIM(LEFT(Teeth!$A:$A,SEARCH("§",SUBSTITUTE(Teeth!$A:$A," ","§",2)&"§")-1))= TRIM(LEFT(A8,SEARCH("§",SUBSTITUTE(A8," ","§",2)&"§")-1)) ))>0, IF( COUNT(_xlfn._xlws.FILTER(Teeth!$D:$D, TRIM(LEFT(Teeth!$A:$A,SEARCH("§",SUBSTITUTE(Teeth!$A:$A," ","§",2)&"§")-1))= TRIM(LEFT(A8,SEARCH("§",SUBSTITUTE(A8," ","§",2)&"§")-1)) ))=0, 1, MAX(_xlfn._xlws.FILTER(Teeth!$D:$D, TRIM(LEFT(Teeth!$A:$A,SEARCH("§",SUBSTITUTE(Teeth!$A:$A," ","§",2)&"§")-1))= TRIM(LEFT(A8,SEARCH("§",SUBSTITUTE(A8," ","§",2)&"§")-1)) )) ), IF( SUMPRODUCT(--( TRIM(LEFT(Teeth!$A:$A,SEARCH(" ",Teeth!$A:$A&" ")-1))= TRIM(LEFT(A8,SEARCH(" ",A8&" ")-1)) ))>0, IF( COUNT(_xlfn._xlws.FILTER(Teeth!$D:$D, TRIM(LEFT(Teeth!$A:$A,SEARCH(" ",Teeth!$A:$A&" ")-1))= TRIM(LEFT(A8,SEARCH(" ",A8&" ")-1)) ))=0, 1, AVERAGE(_xlfn._xlws.FILTER(Teeth!$D:$D, TRIM(LEFT(Teeth!$A:$A,SEARCH(" ",Teeth!$A:$A&" ")-1))= TRIM(LEFT(A8,SEARCH(" ",A8&" ")-1)) )) ), 1 ) )} -> 1
A9: ='[1]Base stats'!$B9 -> Anser anser (Adler) | B9: {=IF( SUMPRODUCT(--( TRIM(LEFT(Teeth!$A:$A,SEARCH("§",SUBSTITUTE(Teeth!$A:$A," ","§",2)&"§")-1))= TRIM(LEFT(A9,SEARCH("§",SUBSTITUTE(A9," ","§",2)&"§")-1)) ))>0, IF( COUNT(_xlfn._xlws.FILTER(Teeth!$D:$D, TRIM(LEFT(Teeth!$A:$A,SEARCH("§",SUBSTITUTE(Teeth!$A:$A," ","§",2)&"§")-1))= TRIM(LEFT(A9,SEARCH("§",SUBSTITUTE(A9," ","§",2)&"§")-1)) ))=0, 1, MAX(_xlfn._xlws.FILTER(Teeth!$D:$D, TRIM(LEFT(Teeth!$A:$A,SEARCH("§",SUBSTITUTE(Teeth!$A:$A," ","§",2)&"§")-1))= TRIM(LEFT(A9,SEARCH("§",SUBSTITUTE(A9," ","§",2)&"§")-1)) )) ), IF( SUMPRODUCT(--( TRIM(LEFT(Teeth!$A:$A,SEARCH(" ",Teeth!$A:$A&" ")-1))= TRIM(LEFT(A9,SEARCH(" ",A9&" ")-1)) ))>0, IF( COUNT(_xlfn._xlws.FILTER(Teeth!$D:$D, TRIM(LEFT(Teeth!$A:$A,SEARCH(" ",Teeth!$A:$A&" ")-1))= TRIM(LEFT(A9,SEARCH(" ",A9&" ")-1)) ))=0, 1, AVERAGE(_xlfn._xlws.FILTER(Teeth!$D:$D, TRIM(LEFT(Teeth!$A:$A,SEARCH(" ",Teeth!$A:$A&" ")-1))= TRIM(LEFT(A9,SEARCH(" ",A9&" ")-1)) )) ), 1 ) )} -> 1
A10: ='[1]Base stats'!$B10 -> Anas platyrhynchos (wild) | B10: {=IF( SUMPRODUCT(--( TRIM(LEFT(Teeth!$A:$A,SEARCH("§",SUBSTITUTE(Teeth!$A:$A," ","§",2)&"§")-1))= TRIM(LEFT(A10,SEARCH("§",SUBSTITUTE(A10," ","§",2)&"§")-1)) ))>0, IF( COUNT(_xlfn._xlws.FILTER(Teeth!$D:$D, TRIM(LEFT(Teeth!$A:$A,SEARCH("§",SUBSTITUTE(Teeth!$A:$A," ","§",2)&"§")-1))= TRIM(LEFT(A10,SEARCH("§",SUBSTITUTE(A10," ","§",2)&"§")-1)) ))=0, 1, MAX(_xlfn._xlws.FILTER(Teeth!$D:$D, TRIM(LEFT(Teeth!$A:$A,SEARCH("§",SUBSTITUTE(Teeth!$A:$A," ","§",2)&"§")-1))= TRIM(LEFT(A10,SEARCH("§",SUBSTITUTE(A10," ","§",2)&"§")-1)) )) ), IF( SUMPRODUCT(--( TRIM(LEFT(Teeth!$A:$A,SEARCH(" ",Teeth!$A:$A&" ")-1))= TRIM(LEFT(A10,SEARCH(" ",A10&" ")-1)) ))>0, IF( COUNT(_xlfn._xlws.FILTER(Teeth!$D:$D, TRIM(LEFT(Teeth!$A:$A,SEARCH(" ",Teeth!$A:$A&" ")-1))= TRIM(LEFT(A10,SEARCH(" ",A10&" ")-1)) ))=0, 1, AVERAGE(_xlfn._xlws.FILTER(Teeth!$D:$D, TRIM(LEFT(Teeth!$A:$A,SEARCH(" ",Teeth!$A:$A&" ")-1))= TRIM(LEFT(A10,SEARCH(" ",A10&" ")-1)) )) ), 1 ) )} -> 1
A11: ='[1]Base stats'!$B11 -> Gallus gallus | B11: {=IF( SUMPRODUCT(--( TRIM(LEFT(Teeth!$A:$A,SEARCH("§",SUBSTITUTE(Teeth!$A:$A," ","§",2)&"§")-1))= TRIM(LEFT(A11,SEARCH("§",SUBSTITUTE(A11," ","§",2)&"§")-1)) ))>0, IF( COUNT(_xlfn._xlws.FILTER(Teeth!$D:$D, TRIM(LEFT(Teeth!$A:$A,SEARCH("§",SUBSTITUTE(Teeth!$A:$A," ","§",2)&"§")-1))= TRIM(LEFT(A11,SEARCH("§",SUBSTITUTE(A11," ","§",2)&"§")-1)) ))=0, 1, MAX(_xlfn._xlws.FILTER(Teeth!$D:$D, TRIM(LEFT(Teeth!$A:$A,SEARCH("§",SUBSTITUTE(Teeth!$A:$A," ","§",2)&"§")-1))= TRIM(LEFT(A11,SEARCH("§",SUBSTITUTE(A11," ","§",2)&"§")-1)) )) ), IF( SUMPRODUCT(--( TRIM(LEFT(Teeth!$A:$A,SEARCH(" ",Teeth!$A:$A&" ")-1))= TRIM(LEFT(A11,SEARCH(" ",A11&" ")-1)) ))>0, IF( COUNT(_xlfn._xlws.FILTER(Teeth!$D:$D, TRIM(LEFT(Teeth!$A:$A,SEARCH(" ",Teeth!$A:$A&" ")-1))= TRIM(LEFT(A11,SEARCH(" ",A11&" ")-1)) ))=0, 1, AVERAGE(_xlfn._xlws.FILTER(Teeth!$D:$D, TRIM(LEFT(Teeth!$A:$A,SEARCH(" ",Teeth!$A:$A&" ")-1))= TRIM(LEFT(A11,SEARCH(" ",A11&" ")-1)) )) ), 1 ) )} -> 1
A12: ='[1]Base stats'!$B12 -> Camelus dromedarius | B12: {=IF( SUMPRODUCT(--( TRIM(LEFT(Teeth!$A:$A,SEARCH("§",SUBSTITUTE(Teeth!$A:$A," ","§",2)&"§")-1))= TRIM(LEFT(A12,SEARCH("§",SUBSTITUTE(A12," ","§",2)&"§")-1)) ))>0, IF( COUNT(_xlfn._xlws.FILTER(Teeth!$D:$D, TRIM(LEFT(Teeth!$A:$A,SEARCH("§",SUBSTITUTE(Teeth!$A:$A," ","§",2)&"§")-1))= TRIM(LEFT(A12,SEARCH("§",SUBSTITUTE(A12," ","§",2)&"§")-1)) ))=0, 1, MAX(_xlfn._xlws.FILTER(Teeth!$D:$D, TRIM(LEFT(Teeth!$A:$A,SEARCH("§",SUBSTITUTE(Teeth!$A:$A," ","§",2)&"§")-1))= TRIM(LEFT(A12,SEARCH("§",SUBSTITUTE(A12," ","§",2)&"§")-1)) )) ), IF( SUMPRODUCT(--( TRIM(LEFT(Teeth!$A:$A,SEARCH(" ",Teeth!$A:$A&" ")-1))= TRIM(LEFT(A12,SEARCH(" ",A12&" ")-1)) ))>0, IF( COUNT(_xlfn._xlws.FILTER(Teeth!$D:$D, TRIM(LEFT(Teeth!$A:$A,SEARCH(" ",Teeth!$A:$A&" ")-1))= TRIM(LEFT(A12,SEARCH(" ",A12&" ")-1)) ))=0, 1, AVERAGE(_xlfn._xlws.FILTER(Teeth!$D:$D, TRIM(LEFT(Teeth!$A:$A,SEARCH(" ",Teeth!$A:$A&" ")-1))= TRIM(LEFT(A12,SEARCH(" ",A12&" ")-1)) )) ), 1 ) )} -> 1
A13: ='[1]Base stats'!$B13 -> Lama pacos | B13: {=IF( SUMPRODUCT(--( TRIM(LEFT(Teeth!$A:$A,SEARCH("§",SUBSTITUTE(Teeth!$A:$A," ","§",2)&"§")-1))= TRIM(LEFT(A13,SEARCH("§",SUBSTITUTE(A13," ","§",2)&"§")-1)) ))>0, IF( COUNT(_xlfn._xlws.FILTER(Teeth!$D:$D, TRIM(LEFT(Teeth!$A:$A,SEARCH("§",SUBSTITUTE(Teeth!$A:$A," ","§",2)&"§")-1))= TRIM(LEFT(A13,SEARCH("§",SUBSTITUTE(A13," ","§",2)&"§")-1)) ))=0, 1, MAX(_xlfn._xlws.FILTER(Teeth!$D:$D, TRIM(LEFT(Teeth!$A:$A,SEARCH("§",SUBSTITUTE(Teeth!$A:$A," ","§",2)&"§")-1))= TRIM(LEFT(A13,SEARCH("§",SUBSTITUTE(A13," ","§",2)&"§")-1)) )) ), IF( SUMPRODUCT(--( TRIM(LEFT(Teeth!$A:$A,SEARCH(" ",Teeth!$A:$A&" ")-1))= TRIM(LEFT(A13,SEARCH(" ",A13&" ")-1)) ))>0, IF( COUNT(_xlfn._xlws.FILTER(Teeth!$D:$D, TRIM(LEFT(Teeth!$A:$A,SEARCH(" ",Teeth!$A:$A&" ")-1))= TRIM(LEFT(A13,SEARCH(" ",A13&" ")-1)) ))=0, 1, AVERAGE(_xlfn._xlws.FILTER(Teeth!$D:$D, TRIM(LEFT(Teeth!$A:$A,SEARCH(" ",Teeth!$A:$A&" ")-1))= TRIM(LEFT(A13,SEARCH(" ",A13&" ")-1)) )) ), 1 ) )} -> 1
... A361: ='[1]Base stats'!$B361 -> Pteranodon longiceps | B361: {=IF( SUMPRODUCT(--( TRIM(LEFT(Teeth!$A:$A,SEARCH("§",SUBSTITUTE(Teeth!$A:$A," ","§",2)&"§")-1))= TRIM(LEFT(A361,SEARCH("§",SUBSTITUTE(A361," ","§",2)&"§")-1)) ))>0, IF( COUNT(_xlfn._xlws.FILTER(Teeth!$D:$D, TRIM(LEFT(Teeth!$A:$A,SEARCH("§",SUBSTITUTE(Teeth!$A:$A," ","§",2)&"§")-1))= TRIM(LEFT(A361,SEARCH("§",SUBSTITUTE(A361," ","§",2)&"§")-1)) ))=0, 1, MAX(_xlfn._xlws.FILTER(Teeth!$D:$D, TRIM(LEFT(Teeth!$A:$A,SEARCH("§",SUBSTITUTE(Teeth!$A:$A," ","§",2)&"§")-1))= TRIM(LEFT(A361,SEARCH("§",SUBSTITUTE(A361," ","§",2)&"§")-1)) )) ), IF( SUMPRODUCT(--( TRIM(LEFT(Teeth!$A:$A,SEARCH(" ",Teeth!$A:$A&" ")-1))= TRIM(LEFT(A361,SEARCH(" ",A361&" ")-1)) ))>0, IF( COUNT(_xlfn._xlws.FILTER(Teeth!$D:$D, TRIM(LEFT(Teeth!$A:$A,SEARCH(" ",Teeth!$A:$A&" ")-1))= TRIM(LEFT(A361,SEARCH(" ",A361&" ")-1)) ))=0, 1, AVERAGE(_xlfn._xlws.FILTER(Teeth!$D:$D, TRIM(LEFT(Teeth!$A:$A,SEARCH(" ",Teeth!$A:$A&" ")-1))= TRIM(LEFT(A361,SEARCH(" ",A361&" ")-1)) )) ), 1 ) )} -> 1

Sheet BiteAdjusters
A1: Species | B1: DomesticationLevel | C1: Bite force adjuster
A2: ='[1]Base stats'!$B2 -> Ursus maritimus | B2: =_xlfn.XLOOKUP(A2,'[1]Base stats'!$B:$B,'[1]Base stats'!$O:$O) -> 0 | C2: {=IF( SUMPRODUCT(--( TRIM(LEFT('Bite force'!$A:$A,SEARCH("§",SUBSTITUTE('Bite force'!$A:$A," ","§",2)&"§")-1))= TRIM(LEFT(A2,SEARCH("§",SUBSTITUTE(A2," ","§",2)&"§")-1)) ))>0, IF( COUNT(_xlfn._xlws.FILTER('Bite force'!$I:$I, TRIM(LEFT('Bite force'!$A:$A,SEARCH("§",SUBSTITUTE('Bite force'!$A:$A," ","§",2)&"§")-1))= TRIM(LEFT(A2,SEARCH("§",SUBSTITUTE(A2," ","§",2)&"§")-1)) ))=0, 1, IF( B2=2, AVERAGE(_xlfn._xlws.FILTER('Bite force'!$I:$I, TRIM(LEFT('Bite force'!$A:$A,SEARCH("§",SUBSTITUTE('Bite force'!$A:$A," ","§",2)&"§")-1))= TRIM(LEFT(A2,SEARCH("§",SUBSTITUTE(A2," ","§",2)&"§")-1)) )), MAX(_xlfn._xlws.FILTER('Bite force'!$I:$I, TRIM(LEFT('Bite force'!$A:$A,SEARCH("§",SUBSTITUTE('Bite force'!$A:$A," ","§",2)&"§")-1))= TRIM(LEFT(A2,SEARCH("§",SUBSTITUTE(A2," ","§",2)&"§")-1)) )) ) ), IFERROR( AVERAGE(_xlfn._xlws.FILTER('Bite force'!$I:$I, TRIM(LEFT('Bite force'!$A:$A,SEARCH(" ",'Bite force'!$A:$A&" ")-1))= TRIM(LEFT(A2,SEARCH(" ",A2&" ")-1)) )), 1 ) )} -> 0.86920397
A3: ='[1]Base stats'!$B3 -> Ursus arctos | B3: =_xlfn.XLOOKUP(A3,'[1]Base stats'!$B:$B,'[1]Base stats'!$O:$O) -> 0 | C3: {=IF( SUMPRODUCT(--( TRIM(LEFT('Bite force'!$A:$A,SEARCH("§",SUBSTITUTE('Bite force'!$A:$A," ","§",2)&"§")-1))= TRIM(LEFT(A3,SEARCH("§",SUBSTITUTE(A3," ","§",2)&"§")-1)) ))>0, IF( COUNT(_xlfn._xlws.FILTER('Bite force'!$I:$I, TRIM(LEFT('Bite force'!$A:$A,SEARCH("§",SUBSTITUTE('Bite force'!$A:$A," ","§",2)&"§")-1))= TRIM(LEFT(A3,SEARCH("§",SUBSTITUTE(A3," ","§",2)&"§")-1)) ))=0, 1, IF( B3=2, AVERAGE(_xlfn._xlws.FILTER('Bite force'!$I:$I, TRIM(LEFT('Bite force'!$A:$A,SEARCH("§",SUBSTITUTE('Bite force'!$A:$A," ","§",2)&"§")-1))= TRIM(LEFT(A3,SEARCH("§",SUBSTITUTE(A3," ","§",2)&"§")-1)) )), MAX(_xlfn._xlws.FILTER('Bite force'!$I:$I, TRIM(LEFT('Bite force'!$A:$A,SEARCH("§",SUBSTITUTE('Bite force'!$A:$A," ","§",2)&"§")-1))= TRIM(LEFT(A3,SEARCH("§",SUBSTITUTE(A3," ","§",2)&"§")-1)) )) ) ), IFERROR( AVERAGE(_xlfn._xlws.FILTER('Bite force'!$I:$I, TRIM(LEFT('Bite force'!$A:$A,SEARCH(" ",'Bite force'!$A:$A&" ")-1))= TRIM(LEFT(A3,SEARCH(" ",A3&" ")-1)) )), 1 ) )} -> 1.0629975
A4: ='[1]Base stats'!$B4 -> Procyon lotor | B4: =_xlfn.XLOOKUP(A4,'[1]Base stats'!$B:$B,'[1]Base stats'!$O:$O) -> 0 | C4: {=IF( SUMPRODUCT(--( TRIM(LEFT('Bite force'!$A:$A,SEARCH("§",SUBSTITUTE('Bite force'!$A:$A," ","§",2)&"§")-1))= TRIM(LEFT(A4,SEARCH("§",SUBSTITUTE(A4," ","§",2)&"§")-1)) ))>0, IF( COUNT(_xlfn._xlws.FILTER('Bite force'!$I:$I, TRIM(LEFT('Bite force'!$A:$A,SEARCH("§",SUBSTITUTE('Bite force'!$A:$A," ","§",2)&"§")-1))= TRIM(LEFT(A4,SEARCH("§",SUBSTITUTE(A4," ","§",2)&"§")-1)) ))=0, 1, IF( B4=2, AVERAGE(_xlfn._xlws.FILTER('Bite force'!$I:$I, TRIM(LEFT('Bite force'!$A:$A,SEARCH("§",SUBSTITUTE('Bite force'!$A:$A," ","§",2)&"§")-1))= TRIM(LEFT(A4,SEARCH("§",SUBSTITUTE(A4," ","§",2)&"§")-1)) )), MAX(_xlfn._xlws.FILTER('Bite force'!$I:$I, TRIM(LEFT('Bite force'!$A:$A,SEARCH("§",SUBSTITUTE('Bite force'!$A:$A," ","§",2)&"§")-1))= TRIM(LEFT(A4,SEARCH("§",SUBSTITUTE(A4," ","§",2)&"§")-1)) )) ) ), IFERROR( AVERAGE(_xlfn._xlws.FILTER('Bite force'!$I:$I, TRIM(LEFT('Bite force'!$A:$A,SEARCH(" ",'Bite force'!$A:$A&" ")-1))= TRIM(LEFT(A4,SEARCH(" ",A4&" ")-1)) )), 1 ) )} -> 0.72645239
A5: ='[1]Base stats'!$B5 -> Struthio camelus | B5: =_xlfn.XLOOKUP(A5,'[1]Base stats'!$B:$B,'[1]Base stats'!$O:$O) -> 0 | C5: {=IF( SUMPRODUCT(--( TRIM(LEFT('Bite force'!$A:$A,SEARCH("§",SUBSTITUTE('Bite force'!$A:$A," ","§",2)&"§")-1))= TRIM(LEFT(A5,SEARCH("§",SUBSTITUTE(A5," ","§",2)&"§")-1)) ))>0, IF( COUNT(_xlfn._xlws.FILTER('Bite force'!$I:$I, TRIM(LEFT('Bite force'!$A:$A,SEARCH("§",SUBSTITUTE('Bite force'!$A:$A," ","§",2)&"§")-1))= TRIM(LEFT(A5,SEARCH("§",SUBSTITUTE(A5," ","§",2)&"§")-1)) ))=0, 1, IF( B5=2, AVERAGE(_xlfn._xlws.FILTER('Bite force'!$I:$I, TRIM(LEFT('Bite force'!$A:$A,SEARCH("§",SUBSTITUTE('Bite force'!$A:$A," ","§",2)&"§")-1))= TRIM(LEFT(A5,SEARCH("§",SUBSTITUTE(A5," ","§",2)&"§")-1)) )), MAX(_xlfn._xlws.FILTER('Bite force'!$I:$I, TRIM(LEFT('Bite force'!$A:$A,SEARCH("§",SUBSTITUTE('Bite force'!$A:$A," ","§",2)&"§")-1))= TRIM(LEFT(A5,SEARCH("§",SUBSTITUTE(A5," ","§",2)&"§")-1)) )) ) ), IFERROR( AVERAGE(_xlfn._xlws.FILTER('Bite force'!$I:$I, TRIM(LEFT('Bite force'!$A:$A,SEARCH(" ",'Bite force'!$A:$A&" ")-1))= TRIM(LEFT(A5,SEARCH(" ",A5&" ")-1)) )), 1 ) )} -> 1
A6: ='[1]Base stats'!$B6 -> Casuarius casuarius | B6: =_xlfn.XLOOKUP(A6,'[1]Base stats'!$B:$B,'[1]Base stats'!$O:$O) -> 0 | C6: {=IF( SUMPRODUCT(--( TRIM(LEFT('Bite force'!$A:$A,SEARCH("§",SUBSTITUTE('Bite force'!$A:$A," ","§",2)&"§")-1))= TRIM(LEFT(A6,SEARCH("§",SUBSTITUTE(A6," ","§",2)&"§")-1)) ))>0, IF( COUNT(_xlfn._xlws.FILTER('Bite force'!$I:$I, TRIM(LEFT('Bite force'!$A:$A,SEARCH("§",SUBSTITUTE('Bite force'!$A:$A," ","§",2)&"§")-1))= TRIM(LEFT(A6,SEARCH("§",SUBSTITUTE(A6," ","§",2)&"§")-1)) ))=0, 1, IF( B6=2, AVERAGE(_xlfn._xlws.FILTER('Bite force'!$I:$I, TRIM(LEFT('Bite force'!$A:$A,SEARCH("§",SUBSTITUTE('Bite force'!$A:$A," ","§",2)&"§")-1))= TRIM(LEFT(A6,SEARCH("§",SUBSTITUTE(A6," ","§",2)&"§")-1)) )), MAX(_xlfn._xlws.FILTER('Bite force'!$I:$I, TRIM(LEFT('Bite force'!$A:$A,SEARCH("§",SUBSTITUTE('Bite force'!$A:$A," ","§",2)&"§")-1))= TRIM(LEFT(A6,SEARCH("§",SUBSTITUTE(A6," ","§",2)&"§")-1)) )) ) ), IFERROR( AVERAGE(_xlfn._xlws.FILTER('Bite force'!$I:$I, TRIM(LEFT('Bite force'!$A:$A,SEARCH(" ",'Bite force'!$A:$A&" ")-1))= TRIM(LEFT(A6,SEARCH(" ",A6&" ")-1)) )), 1 ) )} -> 1
A7: ='[1]Base stats'!$B7 -> Dromaius novaehollandiae | B7: =_xlfn.XLOOKUP(A7,'[1]Base stats'!$B:$B,'[1]Base stats'!$O:$O) -> 0 | C7: {=IF( SUMPRODUCT(--( TRIM(LEFT('Bite force'!$A:$A,SEARCH("§",SUBSTITUTE('Bite force'!$A:$A," ","§",2)&"§")-1))= TRIM(LEFT(A7,SEARCH("§",SUBSTITUTE(A7," ","§",2)&"§")-1)) ))>0, IF( COUNT(_xlfn._xlws.FILTER('Bite force'!$I:$I, TRIM(LEFT('Bite force'!$A:$A,SEARCH("§",SUBSTITUTE('Bite force'!$A:$A," ","§",2)&"§")-1))= TRIM(LEFT(A7,SEARCH("§",SUBSTITUTE(A7," ","§",2)&"§")-1)) ))=0, 1, IF( B7=2, AVERAGE(_xlfn._xlws.FILTER('Bite force'!$I:$I, TRIM(LEFT('Bite force'!$A:$A,SEARCH("§",SUBSTITUTE('Bite force'!$A:$A," ","§",2)&"§")-1))= TRIM(LEFT(A7,SEARCH("§",SUBSTITUTE(A7," ","§",2)&"§")-1)) )), MAX(_xlfn._xlws.FILTER('Bite force'!$I:$I, TRIM(LEFT('Bite force'!$A:$A,SEARCH("§",SUBSTITUTE('Bite force'!$A:$A," ","§",2)&"§")-1))= TRIM(LEFT(A7,SEARCH("§",SUBSTITUTE(A7," ","§",2)&"§")-1)) )) ) ), IFERROR( AVERAGE(_xlfn._xlws.FILTER('Bite force'!$I:$I, TRIM(LEFT('Bite force'!$A:$A,SEARCH(" ",'Bite force'!$A:$A&" ")-1))= TRIM(LEFT(A7,SEARCH(" ",A7&" ")-1)) )), 1 ) )} -> 1
A8: ='[1]Base stats'!$B8 -> Meleagris gallopavo (wild) | B8: =_xlfn.XLOOKUP(A8,'[1]Base stats'!$B:$B,'[1]Base stats'!$O:$O) -> 0 | C8: {=IF( SUMPRODUCT(--( TRIM(LEFT('Bite force'!$A:$A,SEARCH("§",SUBSTITUTE('Bite force'!$A:$A," ","§",2)&"§")-1))= TRIM(LEFT(A8,SEARCH("§",SUBSTITUTE(A8," ","§",2)&"§")-1)) ))>0, IF( COUNT(_xlfn._xlws.FILTER('Bite force'!$I:$I, TRIM(LEFT('Bite force'!$A:$A,SEARCH("§",SUBSTITUTE('Bite force'!$A:$A," ","§",2)&"§")-1))= TRIM(LEFT(A8,SEARCH("§",SUBSTITUTE(A8," ","§",2)&"§")-1)) ))=0, 1, IF( B8=2, AVERAGE(_xlfn._xlws.FILTER('Bite force'!$I:$I, TRIM(LEFT('Bite force'!$A:$A,SEARCH("§",SUBSTITUTE('Bite force'!$A:$A," ","§",2)&"§")-1))= TRIM(LEFT(A8,SEARCH("§",SUBSTITUTE(A8," ","§",2)&"§")-1)) )), MAX(_xlfn._xlws.FILTER('Bite force'!$I:$I, TRIM(LEFT('Bite force'!$A:$A,SEARCH("§",SUBSTITUTE('Bite force'!$A:$A," ","§",2)&"§")-1))= TRIM(LEFT(A8,SEARCH("§",SUBSTITUTE(A8," ","§",2)&"§")-1)) )) ) ), IFERROR( AVERAGE(_xlfn._xlws.FILTER('Bite force'!$I:$I, TRIM(LEFT('Bite force'!$A:$A,SEARCH(" ",'Bite force'!$A:$A&" ")-1))= TRIM(LEFT(A8,SEARCH(" ",A8&" ")-1)) )), 1 ) )} -> 1
A9: ='[1]Base stats'!$B9 -> Anser anser (Adler) | B9: =_xlfn.XLOOKUP(A9,'[1]Base stats'!$B:$B,'[1]Base stats'!$O:$O) -> 2 | C9: {=IF( SUMPRODUCT(--( TRIM(LEFT('Bite force'!$A:$A,SEARCH("§",SUBSTITUTE('Bite force'!$A:$A," ","§",2)&"§")-1))= TRIM(LEFT(A9,SEARCH("§",SUBSTITUTE(A9," ","§",2)&"§")-1)) ))>0, IF( COUNT(_xlfn._xlws.FILTER('Bite force'!$I:$I, TRIM(LEFT('Bite force'!$A:$A,SEARCH("§",SUBSTITUTE('Bite force'!$A:$A," ","§",2)&"§")-1))= TRIM(LEFT(A9,SEARCH("§",SUBSTITUTE(A9," ","§",2)&"§")-1)) ))=0, 1, IF( B9=2, AVERAGE(_xlfn._xlws.FILTER('Bite force'!$I:$I, TRIM(LEFT('Bite force'!$A:$A,SEARCH("§",SUBSTITUTE('Bite force'!$A:$A," ","§",2)&"§")-1))= TRIM(LEFT(A9,SEARCH("§",SUBSTITUTE(A9," ","§",2)&"§")-1)) )), MAX(_xlfn._xlws.FILTER('Bite force'!$I:$I, TRIM(LEFT('Bite force'!$A:$A,SEARCH("§",SUBSTITUTE('Bite force'!$A:$A," ","§",2)&"§")-1))= TRIM(LEFT(A9,SEARCH("§",SUBSTITUTE(A9," ","§",2)&"§")-1)) )) ) ), IFERROR( AVERAGE(_xlfn._xlws.FILTER('Bite force'!$I:$I, TRIM(LEFT('Bite force'!$A:$A,SEARCH(" ",'Bite force'!$A:$A&" ")-1))= TRIM(LEFT(A9,SEARCH(" ",A9&" ")-1)) )), 1 ) )} -> 1
A10: ='[1]Base stats'!$B10 -> Anas platyrhynchos (wild) | B10: =_xlfn.XLOOKUP(A10,'[1]Base stats'!$B:$B,'[1]Base stats'!$O:$O) -> 0 | C10: {=IF( SUMPRODUCT(--( TRIM(LEFT('Bite force'!$A:$A,SEARCH("§",SUBSTITUTE('Bite force'!$A:$A," ","§",2)&"§")-1))= TRIM(LEFT(A10,SEARCH("§",SUBSTITUTE(A10," ","§",2)&"§")-1)) ))>0, IF( COUNT(_xlfn._xlws.FILTER('Bite force'!$I:$I, TRIM(LEFT('Bite force'!$A:$A,SEARCH("§",SUBSTITUTE('Bite force'!$A:$A," ","§",2)&"§")-1))= TRIM(LEFT(A10,SEARCH("§",SUBSTITUTE(A10," ","§",2)&"§")-1)) ))=0, 1, IF( B10=2, AVERAGE(_xlfn._xlws.FILTER('Bite force'!$I:$I, TRIM(LEFT('Bite force'!$A:$A,SEARCH("§",SUBSTITUTE('Bite force'!$A:$A," ","§",2)&"§")-1))= TRIM(LEFT(A10,SEARCH("§",SUBSTITUTE(A10," ","§",2)&"§")-1)) )), MAX(_xlfn._xlws.FILTER('Bite force'!$I:$I, TRIM(LEFT('Bite force'!$A:$A,SEARCH("§",SUBSTITUTE('Bite force'!$A:$A," ","§",2)&"§")-1))= TRIM(LEFT(A10,SEARCH("§",SUBSTITUTE(A10," ","§",2)&"§")-1)) )) ) ), IFERROR( AVERAGE(_xlfn._xlws.FILTER('Bite force'!$I:$I, TRIM(LEFT('Bite force'!$A:$A,SEARCH(" ",'Bite force'!$A:$A&" ")-1))= TRIM(LEFT(A10,SEARCH(" ",A10&" ")-1)) )), 1 ) )} -> 1
A11: ='[1]Base stats'!$B11 -> Gallus gallus | B11: =_xlfn.XLOOKUP(A11,'[1]Base stats'!$B:$B,'[1]Base stats'!$O:$O) -> 2 | C11: {=IF( SUMPRODUCT(--( TRIM(LEFT('Bite force'!$A:$A,SEARCH("§",SUBSTITUTE('Bite force'!$A:$A," ","§",2)&"§")-1))= TRIM(LEFT(A11,SEARCH("§",SUBSTITUTE(A11," ","§",2)&"§")-1)) ))>0, IF( COUNT(_xlfn._xlws.FILTER('Bite force'!$I:$I, TRIM(LEFT('Bite force'!$A:$A,SEARCH("§",SUBSTITUTE('Bite force'!$A:$A," ","§",2)&"§")-1))= TRIM(LEFT(A11,SEARCH("§",SUBSTITUTE(A11," ","§",2)&"§")-1)) ))=0, 1, IF( B11=2, AVERAGE(_xlfn._xlws.FILTER('Bite force'!$I:$I, TRIM(LEFT('Bite force'!$A:$A,SEARCH("§",SUBSTITUTE('Bite force'!$A:$A," ","§",2)&"§")-1))= TRIM(LEFT(A11,SEARCH("§",SUBSTITUTE(A11," ","§",2)&"§")-1)) )), MAX(_xlfn._xlws.FILTER('Bite force'!$I:$I, TRIM(LEFT('Bite force'!$A:$A,SEARCH("§",SUBSTITUTE('Bite force'!$A:$A," ","§",2)&"§")-1))= TRIM(LEFT(A11,SEARCH("§",SUBSTITUTE(A11," ","§",2)&"§")-1)) )) ) ), IFERROR( AVERAGE(_xlfn._xlws.FILTER('Bite force'!$I:$I, TRIM(LEFT('Bite force'!$A:$A,SEARCH(" ",'Bite force'!$A:$A&" ")-1))= TRIM(LEFT(A11,SEARCH(" ",A11&" ")-1)) )), 1 ) )} -> 1
A12: ='[1]Base stats'!$B12 -> Camelus dromedarius | B12: =_xlfn.XLOOKUP(A12,'[1]Base stats'!$B:$B,'[1]Base stats'!$O:$O) -> 1 | C12: {=IF( SUMPRODUCT(--( TRIM(LEFT('Bite force'!$A:$A,SEARCH("§",SUBSTITUTE('Bite force'!$A:$A," ","§",2)&"§")-1))= TRIM(LEFT(A12,SEARCH("§",SUBSTITUTE(A12," ","§",2)&"§")-1)) ))>0, IF( COUNT(_xlfn._xlws.FILTER('Bite force'!$I:$I, TRIM(LEFT('Bite force'!$A:$A,SEARCH("§",SUBSTITUTE('Bite force'!$A:$A," ","§",2)&"§")-1))= TRIM(LEFT(A12,SEARCH("§",SUBSTITUTE(A12," ","§",2)&"§")-1)) ))=0, 1, IF( B12=2, AVERAGE(_xlfn._xlws.FILTER('Bite force'!$I:$I, TRIM(LEFT('Bite force'!$A:$A,SEARCH("§",SUBSTITUTE('Bite force'!$A:$A," ","§",2)&"§")-1))= TRIM(LEFT(A12,SEARCH("§",SUBSTITUTE(A12," ","§",2)&"§")-1)) )), MAX(_xlfn._xlws.FILTER('Bite force'!$I:$I, TRIM(LEFT('Bite force'!$A:$A,SEARCH("§",SUBSTITUTE('Bite force'!$A:$A," ","§",2)&"§")-1))= TRIM(LEFT(A12,SEARCH("§",SUBSTITUTE(A12," ","§",2)&"§")-1)) )) ) ), IFERROR( AVERAGE(_xlfn._xlws.FILTER('Bite force'!$I:$I, TRIM(LEFT('Bite force'!$A:$A,SEARCH(" ",'Bite force'!$A:$A&" ")-1))= TRIM(LEFT(A12,SEARCH(" ",A12&" ")-1)) )), 1 ) )} -> 1
A13: ='[1]Base stats'!$B13 -> Lama pacos | B13: =_xlfn.XLOOKUP(A13,'[1]Base stats'!$B:$B,'[1]Base stats'!$O:$O) -> 2 | C13: {=IF( SUMPRODUCT(--( TRIM(LEFT('Bite force'!$A:$A,SEARCH("§",SUBSTITUTE('Bite force'!$A:$A," ","§",2)&"§")-1))= TRIM(LEFT(A13,SEARCH("§",SUBSTITUTE(A13," ","§",2)&"§")-1)) ))>0, IF( COUNT(_xlfn._xlws.FILTER('Bite force'!$I:$I, TRIM(LEFT('Bite force'!$A:$A,SEARCH("§",SUBSTITUTE('Bite force'!$A:$A," ","§",2)&"§")-1))= TRIM(LEFT(A13,SEARCH("§",SUBSTITUTE(A13," ","§",2)&"§")-1)) ))=0, 1, IF( B13=2, AVERAGE(_xlfn._xlws.FILTER('Bite force'!$I:$I, TRIM(LEFT('Bite force'!$A:$A,SEARCH("§",SUBSTITUTE('Bite force'!$A:$A," ","§",2)&"§")-1))= TRIM(LEFT(A13,SEARCH("§",SUBSTITUTE(A13," ","§",2)&"§")-1)) )), MAX(_xlfn._xlws.FILTER('Bite force'!$I:$I, TRIM(LEFT('Bite force'!$A:$A,SEARCH("§",SUBSTITUTE('Bite force'!$A:$A," ","§",2)&"§")-1))= TRIM(LEFT(A13,SEARCH("§",SUBSTITUTE(A13," ","§",2)&"§")-1)) )) ) ), IFERROR( AVERAGE(_xlfn._xlws.FILTER('Bite force'!$I:$I, TRIM(LEFT('Bite force'!$A:$A,SEARCH(" ",'Bite force'!$A:$A&" ")-1))= TRIM(LEFT(A13,SEARCH(" ",A13&" ")-1)) )), 1 ) )} -> 1
... A361: ='[1]Base stats'!$B361 -> Pteranodon longiceps | B361: =_xlfn.XLOOKUP(A361,'[1]Base stats'!$B:$B,'[1]Base stats'!$O:$O) -> 0 | C361: {=IF( SUMPRODUCT(--( TRIM(LEFT('Bite force'!$A:$A,SEARCH("§",SUBSTITUTE('Bite force'!$A:$A," ","§",2)&"§")-1))= TRIM(LEFT(A361,SEARCH("§",SUBSTITUTE(A361," ","§",2)&"§")-1)) ))>0, IF( COUNT(_xlfn._xlws.FILTER('Bite force'!$I:$I, TRIM(LEFT('Bite force'!$A:$A,SEARCH("§",SUBSTITUTE('Bite force'!$A:$A," ","§",2)&"§")-1))= TRIM(LEFT(A361,SEARCH("§",SUBSTITUTE(A361," ","§",2)&"§")-1)) ))=0, 1, IF( B361=2, AVERAGE(_xlfn._xlws.FILTER('Bite force'!$I:$I, TRIM(LEFT('Bite force'!$A:$A,SEARCH("§",SUBSTITUTE('Bite force'!$A:$A," ","§",2)&"§")-1))= TRIM(LEFT(A361,SEARCH("§",SUBSTITUTE(A361," ","§",2)&"§")-1)) )), MAX(_xlfn._xlws.FILTER('Bite force'!$I:$I, TRIM(LEFT('Bite force'!$A:$A,SEARCH("§",SUBSTITUTE('Bite force'!$A:$A," ","§",2)&"§")-1))= TRIM(LEFT(A361,SEARCH("§",SUBSTITUTE(A361," ","§",2)&"§")-1)) )) ) ), IFERROR( AVERAGE(_xlfn._xlws.FILTER('Bite force'!$I:$I, TRIM(LEFT('Bite force'!$A:$A,SEARCH(" ",'Bite force'!$A:$A&" ")-1))= TRIM(LEFT(A361,SEARCH(" ",A361&" ")-1)) )), 1 ) )} -> 1

Sheet Teeth
A1: dataset from Christiansen & Adolfssen (2005) https://doi.org/10.1017/S0952836905006643 and Plavcan & Ruff (2008) https://doi.org/10.1002/ajpa.20779
A2: Species | B2: ln body mass (kg) | C2: ln maximum canine length (cm) | D2: Canine length factor
A3: Alopex lagopus | B3: 1.1600209 | C3: 0.32280787 | D3: =EXP(C3)/EXP(0.358*B3-0.222) -> 1.1382823
A4: Canis latrans | B4: 2.3504224 | C4: 0.75141609 | D4: =EXP(C4)/EXP(0.358*B4-0.222) -> 1.1410682
A5: Canis familiaris | B5: 3.6360549 | C5: 1.0321875 | D5: =EXP(C5)/EXP(0.358*B5-0.222) -> 0.95359131
A6: Canis lupus | B6: 3.6360549 | C6: 1.1600209 | D6: =EXP(C6)/EXP(0.358*B6-0.222) -> 1.0836265
A7: Canis lupus | B7: 3.4998354 | C7: 1.062294 | D7: =EXP(C7)/EXP(0.358*B7-0.222) -> 1.0318497
A8: Canis mesomelas | B8: 2.0399208 | C8: 0.48980626 | D8: =EXP(C8)/EXP(0.358*B8-0.222) -> 0.98168442
A9: Cerdocyon thous | B9: 1.8049073 | C9: 0.26236426 | D9: =EXP(C9)/EXP(0.358*B9-0.222) -> 0.85061764
A10: Chrysocyon brachyurus | B10: 3.4406501 | C10: 1.0681531 | D10: =EXP(C10)/EXP(0.358*B10-0.222) -> 1.0601393
A11: Cuon alpinus | B11: 2.4857994 | C11: 0.69314718 | D11: =EXP(C11)/EXP(0.358*B11-0.222) -> 1.025552
A12: Dusicyon gymnocerus | B12: 1.8327089 | C12: 0.53649337 | D12: =EXP(C12)/EXP(0.358*B12-0.222) -> 1.1078083
A13: Fennecus zerda | B13: 0.64829908 | C13: -0.11653382 | D13: =EXP(C13)/EXP(0.358*B13-0.222) -> 0.88106411
A14: Lycalopex vetulus | B14: 1.3355662 | C14: 0.30010459 | D14: =EXP(C14)/EXP(0.358*B14-0.222) -> 1.044953
... A221: Varecia variegate | B221: 1.2739652 | C221: 0.26849925 | D221: =EXP(C221)/EXP(0.358*B221-0.222) -> 1.0350189

Sheet Sharpness
A1: Claws sharpness
A2: Species | B2: Mass (kg) | C2: Claw sharpness (px) | D2: ln mass (kg) | E2: ln claw sharpness (mm^2)
A3: Panthera tigris | B3: 162.564 | C3: 8.06 | D3: =LN(B3) -> 5.0910718 | E3: =LN(PI()*((C3*100/170)/2)^2) -> 2.8710061
A4: Panthera leo | B4: 161.4991 | C4: 8.6 | D4: =LN(B4) -> 5.0844996 | E4: =LN(PI()*((C4*100/170)/2)^2) -> 3.0007034
A5: Puma concolor | B5: 51.6 | C5: 5.66 | D5: =LN(B5) -> 3.9435217 | E5: =LN(PI()*((C5*100/170)/2)^2) -> 2.1640268
A6: Panthera onca | B6: 100 | C6: 4.47 | D6: =LN(B6) -> 4.6051702 | E6: =LN(PI()*((C6*100/170)/2)^2) -> 1.6919558
A7: Acinonyx jubatus | B7: 50 | C7: 6.4 | D7: =LN(B7) -> 3.912023 | E7: =LN(PI()*((C7*100/170)/2)^2) -> 2.409775
A8: Panthera pardus | B8: 54.9997 | C8: 5.1 | D8: =LN(B8) -> 4.0073277 | E8: =LN(PI()*((C8*100/170)/2)^2) -> 1.9556601
A9: Lynx lynx | B9: 17.95 | C9: 5.1 | D9: =LN(B9) -> 2.8875901 | E9: =LN(PI()*((C9*100/170)/2)^2) -> 1.9556601
A10: Lynx canadensis | B10: 9.3732 | C10: 5 | D10: =LN(B10) -> 2.2378546 | E10: =LN(PI()*((C10*100/170)/2)^2) -> 1.9160548
A11: Lynx rufus | B11: 8.9041 | C11: 3.61 | D11: =LN(B11) -> 2.1865118 | E11: =LN(PI()*((C11*100/170)/2)^2) -> 1.2645946
A12: Ursus arctos | B12: 206 | C12: 7.62 | D12: =LN(B12) -> 5.3278762 | E12: =LN(PI()*((C12*100/170)/2)^2) -> 2.7587318
A13: Ursus maritimus | B13: 425 | C13: 6.4 | D13: =LN(B13) -> 6.0520892 | E13: =LN(PI()*((C13*100/170)/2)^2) -> 2.409775
A14: Melursus ursinus | B14: 86.26 | C14: 10 | D14: =LN(B14) -> 4.457366 | E14: =LN(PI()*((C14*100/170)/2)^2) -> 3.3023492
... A19: Erethizon dorsatum | B19: 7.0853 | C19: 4.47 | D19: =LN(B19) -> 1.9580222 | E19: =LN(PI()*((C19*100/170)/2)^2) -> 1.6919558
A21: Teeth sharpness
A22: Species | B22: Body mass (kg) | C22: Bite pressure (MPa) | D22: Source | E22: Bite force (N) | F22: Contact area (mm^2) | G22: ln body mass (kg) | H22: ln contact area (mm^2)
A23: Dunkleosteus terrelli | B23: 1008.4 | C23: =(30/20*107) -> 160.5 | D23: Corrected Fuerst et al. (2008) http://dx.doi.org/10.1098/rsbl.2006.0569 | E23: =30/20*4414 -> 6621 | F23: =E23/C23 -> 41.252336 | G23: =LN(B23) -> 6.9161202 | H23: =LN(F23) -> 3.7197078
A24: Crocodylus acutus | B24: 132 | C24: 410 | D24: Erickson et al. (2012) https://doi.org/10.1371/journal.pone.0031781 | E24: 2599 | F24: =E24/C24 -> 6.3390244 | G24: =LN(B24) -> 4.8828019 | H24: =LN(F24) -> 1.8467249
A25: Crocodylus intermedius | B25: 182 | C25: 1344 | D25: Erickson et al. (2012) https://doi.org/10.1371/journal.pone.0031781 | E25: 4283 | F25: =E25/C25 -> 3.186756 | G25: =LN(B25) -> 5.2040067 | H25: =LN(F25) -> 1.1590035
A26: Crocodylus johnsoni | B26: 20 | C26: 624 | D26: Erickson et al. (2012) https://doi.org/10.1371/journal.pone.0031781 | E26: 629 | F26: =E26/C26 -> 1.0080128 | G26: =LN(B26) -> 2.9957323 | H26: =LN(F26) -> 0.0079808883
A27: Crocodylus moreletii | B27: 110 | C27: 195 | D27: Erickson et al. (2012) https://doi.org/10.1371/journal.pone.0031780 | E27: 3069 | F27: =E27/C27 -> 15.738462 | G27: =LN(B27) -> 4.7004804 | H27: =LN(F27) -> 2.7561075
A28: Crocodylus niloticus | B28: 86 | C28: 451 | D28: Erickson et al. (2012) https://doi.org/10.1371/journal.pone.0031781 | E28: 2007 | F28: =E28/C28 -> 4.4501109 | G28: =LN(B28) -> 4.4543473 | H28: =LN(F28) -> 1.492929
A29: Crocodylus novaeguineae | B29: 154 | C29: 439 | D29: Erickson et al. (2012) https://doi.org/10.1371/journal.pone.0031781 | E29: 3928 | F29: =E29/C29 -> 8.9476082 | G29: =LN(B29) -> 5.0369526 | H29: =LN(F29) -> 2.1913863
A30: Crocodylus palustris | B30: 207 | C30: 382 | D30: Erickson et al. (2012) https://doi.org/10.1371/journal.pone.0031781 | E30: 4194 | F30: =E30/C30 -> 10.979058 | G30: =LN(B30) -> 5.3327188 | H30: =LN(F30) -> 2.3959896
A31: Crocodylus porosus | B31: 272 | C31: 679 | D31: Erickson et al. (2012) https://doi.org/10.1371/journal.pone.0031781 | E31: 6792 | F31: =E31/C31 -> 10.002946 | G31: =LN(B31) -> 5.6058021 | H31: =LN(F31) -> 2.3028796
A32: Crocodylus rhombifer | B32: 52 | C32: 312 | D32: Erickson et al. (2012) https://doi.org/10.1371/journal.pone.0031781 | E32: 1379 | F32: =E32/C32 -> 4.4198718 | G32: =LN(B32) -> 3.9512437 | H32: =LN(F32) -> 1.4861107
A33: Crocodylus siamensis | B33: 69 | C33: 513 | D33: Erickson et al. (2012) https://doi.org/10.1371/journal.pone.0031781 | E33: 2227 | F33: =E33/C33 -> 4.3411306 | G33: =LN(B33) -> 4.2341065 | H33: =LN(F33) -> 1.4681348
A34: Ostoelaemus tetraspis | B34: 17 | C34: 400 | D34: Erickson et al. (2012) https://doi.org/10.1371/journal.pone.0031781 | E34: 1164 | F34: =E34/C34 -> 2.91 | G34: =LN(B34) -> 2.8332133 | H34: =LN(F34) -> 1.0681531
A35: Gavialis gangeticus | B35: 112 | C35: 1154 | D35: Erickson et al. (2012) https://doi.org/10.1371/journal.pone.0031781 | E35: 924 | F35: =E35/C35 -> 0.80069324 | G35: =LN(B35) -> 4.7184989 | H35: =LN(F35) -> -0.22227738
... A45: Tyrannosaurus rex | B45: 7206.7 | C45: 4165.5116 | D45: Corrected Gignac et al. (2017) https://doi.org/10.1038/s41598-017-02161-w | E45: 46028.922 | F45: =E45/C45 -> 11.050005 | G45: =LN(B45) -> 8.8827664 | H45: =LN(F45) -> 2.4024308
A46: Panthera tigris | B46: 200 | C46: =E46/F46 -> 654.51395 | D46: Hartstone-Rose et al. (2012) https://doi.org/10.1002/ar.22518 | E46: 7037.4 | F46: =PI()*(3.7/2)^2 -> 10.752101 | G46: =LN(B46) -> 5.2983174 | H46: =LN(F46) -> 2.3751012
A47: Panthera onca | B47: 100 | C47: =E47/F47 -> 970.74178 | D47: Hartstone-Rose et al. (2012) https://doi.org/10.1002/ar.22518 | E47: 5035.7 | F47: =PI()*(2.57/2)^2 -> 5.1874763 | G47: =LN(B47) -> 4.6051702 | H47: =LN(F47) -> 1.6462473
A48: Caracal caracal | B48: 16.59 | C48: =E48/F48 -> 591.20862 | D48: Hartstone-Rose et al. (2012) https://doi.org/10.1002/ar.22518 | E48: 778.7 | F48: =PI()*(1.85*0.7/2)^2 -> 1.3171324 | G48: =LN(B48) -> 2.8088001 | H48: =LN(F48) -> 0.27545692
A49: Leptailurus serval | B49: 13.9 | C49: =E49/F49 -> 528.00738 | D49: Hartstone-Rose et al. (2012) https://doi.org/10.1002/ar.22518 | E49: 680.5 | F49: =PI()*(1.83*0.7/2)^2 -> 1.2888078 | G49: =LN(B49) -> 2.6318888 | H49: =LN(F49) -> 0.25371757
A50: Leopardus pardalis | B50: 11.59 | C50: =E50/F50 -> 404.97803 | D50: Hartstone-Rose et al. (2012) https://doi.org/10.1002/ar.22518 | E50: 733.9 | F50: =PI()*(2.17*0.7/2)^2 -> 1.8121971 | G50: =LN(B50) -> 2.4501427 | H50: =LN(F50) -> 0.59453997
A51: Lynx rufus | B51: 15.5 | C51: =E51/F51 -> 437.04836 | D51: Hartstone-Rose et al. (2012) https://doi.org/10.1002/ar.22518 | E51: 515.1 | F51: =PI()*(1.75*0.7/2)^2 -> 1.1785881 | G51: =LN(B51) -> 2.74084 | H51: =LN(F51) -> 0.16431721
A52: Neofelis nebulosa | B52: 24 | C52: =E52/F52 -> 729.47233 | D52: Hartstone-Rose et al. (2012) https://doi.org/10.1002/ar.22518 | E52: 1089.5 | F52: =PI()*(1.97*0.7/2)^2 -> 1.4935453 | G52: =LN(B52) -> 3.1780538 | H52: =LN(F52) -> 0.40115272
A53: Panthera pardus | B53: 34.1 | C53: =E53/F53 -> 1131.0963 | D53: Hartstone-Rose et al. (2012) https://doi.org/10.1002/ar.22518 | E53: 1662.5 | F53: =PI()*(2.28*0.6/2)^2 -> 1.469813 | G53: =LN(B53) -> 3.5292974 | H53: =LN(F53) -> 0.38513516
A54: Panthera uncia | B54: 38.64 | C54: =E54/F54 -> 845.34992 | D54: Hartstone-Rose et al. (2012) https://doi.org/10.1002/ar.22518 | E54: 1485.9 | F54: =PI()*(1.87*0.8/2)^2 -> 1.7577337 | G54: =LN(B54) -> 3.654288 | H54: =LN(F54) -> 0.56402528

Sheet Limb force
A1: limb force
A2: Species | B2: Body mass (kg) | C2: Limb-produced force (N) | D2: Source | E2: ln body mass (kg) | F2: ln limb-produced force (N)
A3: Equus caballus (kicking) | B3: 660 | C3: 8722 | D3: Wachenfelt et al. (2013) https://doi.org/10.1016/j.biosystemseng.2013.10.013 | E3: =LN(B3) -> 6.4922398 | F3: =LN(C3) -> 9.0736038
A4: Equus caballus (kicking, supporting leg) | B4: 670 | C4: 7805 | D4: https://www.zora.uzh.ch/id/eprint/125608/1/03_Fuerst_SAT_2016.pdf | E4: =LN(B4) -> 6.5072777 | F4: =LN(C4) -> 8.9625198
A5: Equus caballus (kicking) | B5: =1000/1.8 -> 555.55556 | C5: 10000 | D5: Kriss & Kriss (1997) https://doi.org/10.1097/00005373-199707000-00022 | E5: =LN(B5) -> 6.3199686 | F5: =LN(C5) -> 9.2103404
A6: Homo sapiens (kicking) | B6: 82.9 | C6: 6310 | D6: https://www.mdpi.com/2075-4663/12/8/205 | E6: =LN(B6) -> 4.4176351 | F6: =LN(C6) -> 8.749891
A7: Sagittarius serpentarius (kicking) | B7: 3.96 | C7: 195 | D7: Portugal et al. (2015) https://doi.org/10.1016/j.cub.2015.12.004 | E7: =LN(B7) -> 1.376244 | F7: =LN(C7) -> 5.2729996
A8: Homo sapiens (punching) | B8: =AVERAGE(65,80) -> 72.5 | C8: 2120 | D8: https://www.mediasphera.ru/issues/sudebno-meditsinskaya-ekspertiza/2014/3/downloads/ru/030039-4521201432 | E8: =LN(B8) -> 4.2835866 | F8: =LN(C8) -> 7.6591714
A9: Homo sapiens (punching) | B9: 82.9 | C9: 2501 | D9: https://www.mdpi.com/2075-4663/12/8/205 | E9: =LN(B9) -> 4.4176351 | F9: =LN(C9) -> 7.8244459
A10: Bubo virginianus (grip) | B10: 1.3973 | C10: 130.4 | D10: Ward et al. (2002) https://doi.org/10.1093/auk/119.4.1052 | E10: =LN(B10) -> 0.3345418 | F10: =LN(C10) -> 4.8706066
A11: Bubo virginianus (grip) | B11: 1.6 | C11: 277.7 | D11: Ward et al. (2002) https://doi.org/10.1093/auk/119.4.1052 | E11: =LN(B11) -> 0.47000363 | F11: =LN(C11) -> 5.6265414
A12: Otus asio (grip) | B12: 0.1508 | C12: 18.94 | D12: Ward et al. (2002) https://doi.org/10.1093/auk/119.4.1052 | E12: =LN(B12) -> -1.8918008 | F12: =LN(C12) -> 2.9412761
A13: Strix varia (grip) | B13: 0.7833 | C13: 45.32 | D13: Ward et al. (2002) https://doi.org/10.1093/auk/119.4.1052 | E13: =LN(B13) -> -0.24423951 | F13: =LN(C13) -> 3.8137484
A14: Falco sparverius (grip) | B14: 0.1221 | C14: 7.73 | D14: Ward et al. (2002) https://doi.org/10.1093/auk/119.4.1052 | E14: =LN(B14) -> -2.1029149 | F14: =LN(C14) -> 2.0451089
A15: Buteo lineatus (grip) | B15: 0.624 | C15: 34.42 | D15: Ward et al. (2002) https://doi.org/10.1093/auk/119.4.1052 | E15: =LN(B15) -> -0.47160491 | F15: =LN(C15) -> 3.5386378
A16: Buteo jamaicensis (grip) | B16: 1.3576 | C16: 72.32 | D16: Ward et al. (2002) https://doi.org/10.1093/auk/119.4.1052 | E16: =LN(B16) -> 0.30571843 | F16: =LN(C16) -> 4.2811007
A17: Sus scrofa (ramming) | B17: 90 | C17: 2144 | D17: Wachenfelt et al. (2013) https://doi.org/10.1016/j.biosystemseng.2013.10.013 | E17: =LN(B17) -> 4.4998097 | F17: =LN(C17) -> 7.6704285
A18: Ovis canadensis (ramming) | B18: 100 | C18: 3400 | D18: https://www.sciencedirect.com/science/article/abs/pii/S1742706123007122#:~:text=A%20100%20kg%20bighorn%20sheep,combat%20%5B1%2C2%5D. | E18: =LN(B18) -> 4.6051702 | F18: =LN(C18) -> 8.1315307
A19: Elephas maximus (running) | B19: 1740 | C19: 23000 | D19: Genin et al. (2010) http://dx.doi.org/10.1242/jeb.035436 | E19: =LN(B19) -> 7.4616404 | F19: =LN(C19) -> 10.043249
A20: Lepus sp. (running) | B20: 2.4 | C20: =4.3*B20*9.80665 -> 101.20463 | D20: Alexander (1985) https://doi.org/10.1242/jeb.115.1.231 | E20: =LN(B20) -> 0.87546874 | F20: =LN(C20) -> 4.6171445
A21: Elephas maximus (running) | B21: 2500 | C21: =1*B21*9.80665 -> 24516.625 | D21: Alexander (1985) https://doi.org/10.1242/jeb.115.1.231 | E21: =LN(B21) -> 7.824046 | F21: =LN(C21) -> 10.107107
A22: Varanus komodoensis (pulling) | B22: 25.45 | C22: 243.77 | D22: D'Amore et al. (2011) https://doi.org/10.1371/journal.pone.0026226 | E22: =LN(B22) -> 3.2367157 | F22: =LN(C22) -> 5.4962252
A23: Pan sp. (pulling) | B23: 67.9 | C23: 5607 | D23: O’Neill et al. (2017) https://doi.org/10.1073/pnas.1619071114 | E23: =LN(B23) -> 4.218036 | F23: =LN(C23) -> 8.6317711
A24: Pan sp. (pulling) | B24: 47.6 | C24: 2167 | D24: O’Neill et al. (2017) https://doi.org/10.1073/pnas.1619071114 | E24: =LN(B24) -> 3.8628328 | F24: =LN(C24) -> 7.681099
A25: Pan sp. (pulling) | B25: 27.9 | C25: 1157 | D25: O’Neill et al. (2017) https://doi.org/10.1073/pnas.1619071114 | E25: =LN(B25) -> 3.3286267 | F25: =LN(C25) -> 7.0535857
A26: Pan sp. (pulling) | B26: 42.8 | C26: 1570 | D26: O’Neill et al. (2017) https://doi.org/10.1073/pnas.1619071114 | E26: =LN(B26) -> 3.7565381 | F26: =LN(C26) -> 7.3588309
A27: Homo sapiens (pulling) | B27: 67.4 | C27: 2185 | D27: O’Neill et al. (2017) https://doi.org/10.1073/pnas.1619071114 | E27: =LN(B27) -> 4.210645 | F27: =LN(C27) -> 7.6893711
A28: Homo sapiens (pulling) | B28: 69.7 | C28: 2336 | D28: O’Neill et al. (2017) https://doi.org/10.1073/pnas.1619071114 | E28: =LN(B28) -> 4.2442003 | F28: =LN(C28) -> 7.7561953
A29: Homo sapiens (pulling) | B29: 81.8 | C29: 890 | D29: O’Neill et al. (2017) https://doi.org/10.1073/pnas.1619071114 | E29: =LN(B29) -> 4.4042772 | F29: =LN(C29) -> 6.7912215
A30: Homo sapiens (pulling) | B30: 64.6 | C30: 1567 | D30: O’Neill et al. (2017) https://doi.org/10.1073/pnas.1619071114 | E30: =LN(B30) -> 4.1682144 | F30: =LN(C30) -> 7.3569182
A31: Canis familiaris (pulling) | B31: 39 | C31: =B31*0.38*9.80665 -> 145.33455 | D31: https://physoc.onlinelibrary.wiley.com/doi/10.1113/jphysiol.1957.sp005807 | E31: =LN(B31) -> 3.6635616 | F31: =LN(C31) -> 4.9790383
A32: Equus caballus (trailing) | B32: =C32/13 -> 640 | C32: 8320 | D32: Wachenfelt et al. (2013) https://doi.org/10.1016/j.biosystemseng.2013.10.013 | E32: =LN(B32) -> 6.4614682 | F32: =LN(C32) -> 9.0264175
A33: Canis familiaris (jumping) | B33: 22.29 | C33: =34.12*22.29 -> 760.5348 | D33: https://www.doganddrive.com/wp-content/uploads/2023/04/VeterinaryRecord-2018-Pardey-Peakforelimbgroundreactionforcesexperiencedbydogsjumpingfromasimulatedcar.pdf | E33: =LN(B33) -> 3.1041381 | F33: =LN(C33) -> 6.6340219
A34: Rana pipiens (jumping) | B34: 0.0553 | C34: =B34*2.42*9.80665 -> 1.3123847 | D34: Astley & Roberts (2014) http://dx.doi.org/10.1242/jeb.110296 | E34: =LN(B34) -> -2.8949824 | F34: =LN(C34) -> 0.2718459
A35: Homo sapiens (jumping) | B35: 61.5 | C35: =2.3*B35*9.80665 -> 1387.1506 | D35: Scholz et al. (2006) https://doi.org/10.1098%2Frspb.2006.3568 | E35: =LN(B35) -> 4.1190372 | F35: =LN(C35) -> 7.235007
A36: Homo sapiens (jumping) | B36: 82.9 | C36: 4531 | D36: https://www.mdpi.com/2075-4663/12/8/205 | E36: =LN(B36) -> 4.4176351 | F36: =LN(C36) -> 8.4186979
A37: Pan paniscus (jumping) | B37: 34 | C37: =2.6*B37*9.80665 -> 866.90786 | D37: Scholz et al. (2006) https://doi.org/10.1098%2Frspb.2006.3568 | E37: =LN(B37) -> 3.5263605 | F37: =LN(C37) -> 6.7649327
A38: Gallago sp. (jumping) | B38: 0.25 | C38: =18*B38*9.80665 -> 44.129925 | D38: Alexander (1985) https://doi.org/10.1242/jeb.115.1.231 | E38: =LN(B38) -> -1.3862944 | F38: =LN(C38) -> 3.7871381
A39: Canis familiaris (jumping) | B39: 40.8 | C39: 2043.8 | D39: Yanoff et al. (1992) https://www.thieme-connect.com/products/ejournals/abstract/10.1055/s-0038-1633066 | E39: =LN(B39) -> 3.7086821 | F39: =LN(C39) -> 7.6225661
A40: Canis familiaris (jumping) | B40: 28.1 | C40: 1480.8 | D40: Yanoff et al. (1992) https://www.thieme-connect.com/products/ejournals/abstract/10.1055/s-0038-1633066 | E40: =LN(B40) -> 3.3357696 | F40: =LN(C40) -> 7.3003378
A41: Canis familiaris (jumping) | B41: 34 | C41: 1309.2 | D41: Yanoff et al. (1992) https://www.thieme-connect.com/products/ejournals/abstract/10.1055/s-0038-1633066 | E41: =LN(B41) -> 3.5263605 | F41: =LN(C41) -> 7.1771715
A42: Canis familiaris (jumping) | B42: 33.1 | C42: 1231 | D42: Yanoff et al. (1992) https://www.thieme-connect.com/products/ejournals/abstract/10.1055/s-0038-1633066 | E42: =LN(B42) -> 3.4995333 | F42: =LN(C42) -> 7.1155821
A43: Canis familiaris (jumping) | B43: 35.4 | C43: 1432 | D43: Yanoff et al. (1992) https://www.thieme-connect.com/products/ejournals/abstract/10.1055/s-0038-1633066 | E43: =LN(B43) -> 3.5667118 | F43: =LN(C43) -> 7.2668273
A44: Canis familiaris (jumping) | B44: 28.1 | C44: 1282.2 | D44: Yanoff et al. (1992) https://www.thieme-connect.com/products/ejournals/abstract/10.1055/s-0038-1633066 | E44: =LN(B44) -> 3.3357696 | F44: =LN(C44) -> 7.1563326
A45: Canis familiaris (jumping) | B45: 34 | C45: 1107.8 | D45: Yanoff et al. (1992) https://www.thieme-connect.com/products/ejournals/abstract/10.1055/s-0038-1633066 | E45: =LN(B45) -> 3.5263605 | F45: =LN(C45) -> 7.0101313
A46: Canis familiaris (jumping) | B46: 36.7 | C46: 1656.9 | D46: Yanoff et al. (1992) https://www.thieme-connect.com/products/ejournals/abstract/10.1055/s-0038-1633066 | E46: =LN(B46) -> 3.6027768 | F46: =LN(C46) -> 7.4127037
A47: Canis familiaris (jumping) | B47: 33.6 | C47: 1510.9 | D47: Yanoff et al. (1992) https://www.thieme-connect.com/products/ejournals/abstract/10.1055/s-0038-1633066 | E47: =LN(B47) -> 3.5145261 | F47: =LN(C47) -> 7.3204608
A48: Canis familiaris (jumping) | B48: 27.2 | C48: 995.1 | D48: Yanoff et al. (1992) https://www.thieme-connect.com/products/ejournals/abstract/10.1055/s-0038-1633066 | E48: =LN(B48) -> 3.303217 | F48: =LN(C48) -> 6.9028432
A49: Canis familiaris (jumping) | B49: 27.7 | C49: 1209.4 | D49: Yanoff et al. (1992) https://www.thieme-connect.com/products/ejournals/abstract/10.1055/s-0038-1633066 | E49: =LN(B49) -> 3.3214324 | F49: =LN(C49) -> 7.0978796
A50: Canis familiaris (jumping) | B50: 31.3 | C50: 1239.1 | D50: Yanoff et al. (1992) https://www.thieme-connect.com/products/ejournals/abstract/10.1055/s-0038-1633066 | E50: =LN(B50) -> 3.4436181 | F50: =LN(C50) -> 7.1221406
... A52: Canis familiaris (jumping) | B52: 36 | C52: 1140 | D52: Alexander (1974) https://doi.org/10.1111/j.1469-7998.1974.tb04134.x | E52: =LN(B52) -> 3.5835189 | F52: =LN(C52) -> 7.0387835
A53: Equus caballus (jumping) | B53: =10240/16 -> 640 | C53: 10240 | D53: Wachenfelt et al. (2013) https://doi.org/10.1016/j.biosystemseng.2013.10.013 | E53: =LN(B53) -> 6.4614682 | F53: =LN(C53) -> 9.2340569
A54: Ceratotherium simum (standing) | B54: =40532/191%/9.8066500286389 -> 2163.9339 | C54: 40532 | D54: https://onlinelibrary.wiley.com/doi/full/10.1111/joa.14041 | E54: =LN(B54) -> 7.6796831 | F54: =LN(C54) -> 10.609847

Sheet Force-energy
A1: Force-enegy ratio
A2: Species | B2: Actual Mass (kg) | C2: Kinetic impact energy Eₖ (J) | D2: Force (N) | E2: V (m/s) | F2: M (kg) | G2: Source | H2: ln Kinetic impact energy Eₖ (J) | I2: ln Force (N)
A3: Test | B3: =F3 -> 6.5 | C3: 32 | D3: 3998 | E3: 3.1 | F3: 6.5 | G3: https://www.sciencedirect.com/science/article/abs/pii/S1537511020301008 | H3: =LN(C3) -> 3.4657359 | I3: =LN(D3) -> 8.2935495
A4: Test | B4: =F4 -> 6.5 | C4: 64 | D4: 5823 | E4: 4.4 | F4: 6.5 | G4: https://www.sciencedirect.com/science/article/abs/pii/S1537511020301008 | H4: =LN(C4) -> 4.1588831 | I4: =LN(D4) -> 8.6695709
A5: Test | B5: =F5 -> 6.5 | C5: 96 | D5: 7312 | E5: 5.4 | F5: 6.5 | G5: https://www.sciencedirect.com/science/article/abs/pii/S1537511020301008 | H5: =LN(C5) -> 4.5643482 | I5: =LN(D5) -> 8.8972721
A6: Test | B6: =F6 -> 6.5 | C6: 128 | D6: 8794 | E6: 6.3 | F6: 6.5 | G6: https://www.sciencedirect.com/science/article/abs/pii/S1537511020301008 | H6: =LN(C6) -> 4.8520303 | I6: =LN(D6) -> 9.0818249
A7: Test | B7: =F7 -> 16.5 | C7: 81 | D7: 7456 | E7: 3.1 | F7: 16.5 | G7: https://www.sciencedirect.com/science/article/abs/pii/S1537511020301008 | H7: =LN(C7) -> 4.3944492 | I7: =LN(D7) -> 8.9167744
A8: Test | B8: =F8 -> 16.5 | C8: 162 | D8: 11068 | E8: 4.4 | F8: 16.5 | G8: https://www.sciencedirect.com/science/article/abs/pii/S1537511020301008 | H8: =LN(C8) -> 5.0875963 | I8: =LN(D8) -> 9.3118133
A9: Test | B9: =F9 -> 16.5 | C9: 243 | D9: 13935 | E9: 5.4 | F9: 16.5 | G9: https://www.sciencedirect.com/science/article/abs/pii/S1537511020301008 | H9: =LN(C9) -> 5.4930614 | I9: =LN(D9) -> 9.5421589
A10: Test | B10: =F10 -> 16.5 | C10: 324 | D10: 16220 | E10: 6.3 | F10: 16.5 | G10: https://www.sciencedirect.com/science/article/abs/pii/S1537511020301008 | H10: =LN(C10) -> 5.7807435 | I10: =LN(D10) -> 9.6940003
A11: Test | B11: =F11 -> 26.5 | C11: 130 | D11: 8885 | E11: 3.1 | F11: 26.5 | G11: https://www.sciencedirect.com/science/article/abs/pii/S1537511020301008 | H11: =LN(C11) -> 4.8675345 | I11: =LN(D11) -> 9.0921197
A12: Test | B12: =F12 -> 26.5 | C12: 260 | D12: 13853 | E12: 4.4 | F12: 26.5 | G12: https://www.sciencedirect.com/science/article/abs/pii/S1537511020301008 | H12: =LN(C12) -> 5.5606816 | I12: =LN(D12) -> 9.5362571
A13: Test | B13: =F13 -> 26.5 | C13: 390 | D13: 16625 | E13: 5.4 | F13: 26.5 | G13: https://www.sciencedirect.com/science/article/abs/pii/S1537511020301008 | H13: =LN(C13) -> 5.9661467 | I13: =LN(D13) -> 9.7186629
A14: Test | B14: =F14 -> 26.5 | C14: 520 | D14: 18548 | E14: 6.3 | F14: 26.5 | G14: https://www.sciencedirect.com/science/article/abs/pii/S1537511020301008 | H14: =LN(C14) -> 6.2538288 | I14: =LN(D14) -> 9.8281172
... A18: Test | B18: =F18 -> 36.5 | C18: 716 | D18: 21459 | E18: 6.3 | F18: 36.5 | G18: https://www.sciencedirect.com/science/article/abs/pii/S1537511020301008 | H18: =LN(C18) -> 6.5736802 | I18: =LN(D18) -> 9.9738994
A19: Homo sapiens | B19: 82.9 | C19: =1/2*F19*E19^2 -> 27.962193 | D19: 2501 | E19: =17.2/F19 -> 3.2514178 | F19: 5.29 | G19: https://www.mdpi.com/2075-4663/12/8/205 | H19: =LN(C19) -> 3.3308533 | I19: =LN(D19) -> 7.8244459
A20: Homo sapiens | B20: 82.9 | C20: =1/2*F20*E20^2 -> 20.983932 | D20: 4210 | E20: =(14.9/F20) -> 2.8166352 | F20: 5.29 | G20: https://www.mdpi.com/2075-4663/12/8/205 | H20: =LN(C20) -> 3.043757 | I20: =LN(D20) -> 8.3452179
A21: Homo sapiens | B21: 82.9 | C21: =1/2*F21*E21^2 -> 29.277883 | D21: 4677 | E21: =(17.6/F21) -> 3.3270321 | F21: 5.29 | G21: https://www.mdpi.com/2075-4663/12/8/205 | H21: =LN(C21) -> 3.3768324 | I21: =LN(D21) -> 8.4504122
A22: Homo sapiens | B22: 82.9 | C22: =1/2*F22*E22^2 -> 845.36738 | D22: 6310 | E22: =(154.4/F22) -> 10.950355 | F22: 14.1 | G22: https://www.mdpi.com/2075-4663/12/8/205 | H22: =LN(C22) -> 6.7397713 | I22: =LN(D22) -> 8.749891
A23: Sagittarius serpentarius | B23: 3.96 | C23: =1/2*3.96*E23^2 -> 1.0802557 | D23: 195 | E23: =D23*0.015/F23 -> 0.73863636 | F23: 3.96 | G23: Portugal et al. (2015) https://doi.org/10.1016/j.cub.2015.12.004 | H23: =LN(C23) -> 0.077197756 | I23: =LN(D23) -> 5.2729996
A24: Homo sapiens | B24: =AVERAGE(65,80) -> 72.5 | C24: 560.9 | D24: 2120 | E24: 5.2 | F24: =2*C24/E24^2 -> 41.486686 | G24: https://www.mediasphera.ru/issues/sudebno-meditsinskaya-ekspertiza/2014/3/downloads/ru/030039-4521201432 | H24: =LN(C24) -> 6.3295426 | I24: =LN(D24) -> 7.6591714
A25: Homo sapiens | B25: 64.1 | C25: 2299 | D25: 3284 | E25: 7.2 | F25: =2*C25/E25^2 -> 88.695988 | G25: http://proceedings.archbudo.com/wp-content/uploads/2015/09/158_ArchBudoConfProc.pdf | H25: =LN(C25) -> 7.7402295 | I25: =LN(D25) -> 8.0968175

Sheet Speed
A1: Running speed
A2: Species | B2: Body mass (kg) | C2: Body length (m) | D2: Maximum relative running speed (body lengths/s) | E2: Speed (km/h) | F2: ln body mass (kg) | G2: ln speed (km/h)
A3: Loxodonta africana | B3: 6000 | C3: 6.75 | D3: 1.4 | E3: =C3*D3*3.6 -> 34.02 | F3: =LN(B3) -> 8.6995147 | G3: =LN(E3) -> 3.5269486
A4: Elephas maximus | B4: 4000 | C4: 5.95 | D4: 1.18 | E4: =C4*D4*3.6 -> 25.2756 | F4: =LN(B4) -> 8.2940496 | G4: =LN(E4) -> 3.2298395
A5: Ceratotherium simum | B5: 2000 | C5: 3.78 | D5: 1.79 | E5: =C5*D5*3.6 -> 24.35832 | F5: =LN(B5) -> 7.6009025 | G5: =LN(E5) -> 3.1928735
A6: Diceros bicornis | B6: 1200 | C6: 3.38 | D6: 3.6 | E6: =C6*D6*3.6 -> 43.8048 | F6: =LN(B6) -> 7.0900768 | G6: =LN(E6) -> 3.7797434
A7: Equus caballus | B7: 350 | C7: 2.5 | D7: 7.56 | E7: =C7*D7*3.6 -> 68.04 | F7: =LN(B7) -> 5.8579332 | G7: =LN(E7) -> 4.2200958
A8: Equus zebra | B8: 300 | C8: 2.35 | D8: 7.35 | E8: =C8*D8*3.6 -> 62.181 | F8: =LN(B8) -> 5.7037825 | G8: =LN(E8) -> 4.1300495
A9: Tapirus bairdii | B9: 250 | C9: 2.08 | D9: 5.18 | E9: =C9*D9*3.6 -> 38.78784 | F9: =LN(B9) -> 5.5214609 | G9: =LN(E9) -> 3.6581068
A10: Equus burchellii | B10: 235 | C10: 2.32 | D10: 8.16 | E10: =C10*D10*3.6 -> 68.15232 | F10: =LN(B10) -> 5.4595855 | G10: =LN(E10) -> 4.2217452
A11: Equus hemionus | B11: 200 | C11: 2.25 | D11: 8.4 | E11: =C11*D11*3.6 -> 68.04 | F11: =LN(B11) -> 5.2983174 | G11: =LN(E11) -> 4.2200958
A12: Hippopotamus amphibius | B12: 3800 | C12: 3.98 | D12: 1.7 | E12: =C12*D12*3.6 -> 24.3576 | F12: =LN(B12) -> 8.2427563 | G12: =LN(E12) -> 3.1928439
A13: Giraffa camelopardalis | B13: 1075 | C13: 4.27 | D13: 3.8 | E13: =C13*D13*3.6 -> 58.4136 | F13: =LN(B13) -> 6.9800759 | G13: =LN(E13) -> 4.0675487
A14: Bison bison | B14: 865 | C14: 2.8 | D14: 5.4 | E14: =C14*D14*3.6 -> 54.432 | F14: =LN(B14) -> 6.7627295 | G14: =LN(E14) -> 3.9969522
... A16: Syncerus caffer | B16: 620 | C16: 2.75 | D16: 5.6 | E16: =C16*D16*3.6 -> 55.44 | F16: =LN(B16) -> 6.4297195 | G16: =LN(E16) -> 4.0153014
A17: Camelus dromedarius | B17: 550 | C17: 2.85 | D17: No data | E17: =11.79*3.6 -> 42.444 | F17: =LN(B17) -> 6.3099183 | G17: =LN(E17) -> 3.7481856
A18: Taurotragus oryx | B18: 511 | C18: 2.63 | D18: 7.2 | E18: =C18*D18*3.6 -> 68.1696 | F18: =LN(B18) -> 6.2363696 | G18: =LN(E18) -> 4.2219987
A19: Alces alces | B19: 384 | C19: 2.77 | D19: 5.47 | E19: =C19*D19*3.6 -> 54.54684 | F19: =LN(B19) -> 5.9506426 | G19: =LN(E19) -> 3.9990598
A20: Cervus elaphus | B20: 300 | C20: 2.15 | D20: 9.04 | E20: =C20*D20*3.6 -> 69.9696 | F20: =LN(B20) -> 5.7037825 | G20: =LN(E20) -> 4.2480609
A21: Connochaetes gnu | B21: 300 | C21: 2.21 | D21: 10.97 | E21: =C21*D21*3.6 -> 87.27732 | F21: =LN(B21) -> 5.7037825 | G21: =LN(E21) -> 4.4690906
A22: Hippotragus equinus | B22: 226.5 | C22: 2.28 | D22: 6.65 | E22: =C22*D22*3.6 -> 54.5832 | F22: =LN(B22) -> 5.4227449 | G22: =LN(E22) -> 3.9997261
A23: Connochaetes taurinus | B23: 216 | C23: 1.98 | D23: 10.88 | E23: =C23*D23*3.6 -> 77.55264 | F23: =LN(B23) -> 5.3752784 | G23: =LN(E23) -> 4.3509569
A24: Alcelaphus buselaphus | B24: 136 | C24: 1.98 | D24: 10.94 | E24: =C24*D24*3.6 -> 77.98032 | F24: =LN(B24) -> 4.9126549 | G24: =LN(E24) -> 4.3564565
A25: Damaliscus lunatus | B25: 130 | C25: 1.63 | D25: 11.63 | E25: =C25*D25*3.6 -> 68.24484 | F25: =LN(B25) -> 4.8675345 | G25: =LN(E25) -> 4.2231018
A26: Oreamnos americanus | B26: 113.5 | C26: 1.4 | D26: 6.36 | E26: =C26*D26*3.6 -> 32.0544 | F26: =LN(B26) -> 4.7318028 | G26: =LN(E26) -> 3.4674345
A27: Rangifer tarandus | B27: 100 | C27: 1.7 | D27: 12.71 | E27: =C27*D27*3.6 -> 77.7852 | F27: =LN(B27) -> 4.6051702 | G27: =LN(E27) -> 4.3539512
A28: Lama guanacoe | B28: 95 | C28: 1.73 | D28: 8.77 | E28: =C28*D28*3.6 -> 54.61956 | F28: =LN(B28) -> 4.5538769 | G28: =LN(E28) -> 4.0003921
A29: Ovis canadensis nelsoni | B29: 85 | C29: 1.45 | D29: 8.96 | E29: =C29*D29*3.6 -> 46.7712 | F29: =LN(B29) -> 4.4426513 | G29: =LN(E29) -> 3.8452676
... A48: Madoqua kirki | B48: 5 | C48: 0.62 | D48: 18.29 | E48: =C48*D48*3.6 -> 40.82328 | F48: =LN(B48) -> 1.6094379 | G48: =LN(E48) -> 3.7092525
A49: Capra hircus | B49: 21.3 | C49: No data | D49: No data | E49: =3.8*3.6*(23.3/11) -> 28.976727 | F49: =LN(B49) -> 3.0587071 | G49: =LN(E49) -> 3.366493
A50: Ovis aries | B50: 19.1 | C50: No data | D50: No data | E50: =4.3*3.6*(23.3/11) -> 32.789455 | F50: =LN(B50) -> 2.9496883 | G50: =LN(E50) -> 3.490107
A51: Ursus maritimus | B51: 265 | C51: 2.35 | D51: 4.6 | E51: =C51*D51*3.6 -> 38.916 | F51: =LN(B51) -> 5.5797298 | G51: =LN(E51) -> 3.6614055
A52: Ursus arctos | B52: 251.3 | C52: 2.25 | D52: 5.76 | E52: =C52*D52*3.6 -> 46.656 | F52: =LN(B52) -> 5.5266474 | G52: =LN(E52) -> 3.8428015
A53: Panthera tigris | B53: 161 | C53: 2.1 | D53: 7.2 | E53: =C53*D53*3.6 -> 54.432 | F53: =LN(B53) -> 5.0814044 | G53: =LN(E53) -> 3.9969522
A54: Panthera leo | B54: 155.8 | C54: 1.95 | D54: 8.17 | E54: =C54*D54*3.6 -> 57.3534 | F54: =LN(B54) -> 5.0485731 | G54: =LN(E54) -> 4.0492321
A55: Ursus americanus | B55: 93.4 | C55: 1.65 | D55: 7.85 | E55: =C55*D55*3.6 -> 46.629 | F55: =LN(B55) -> 4.5368913 | G55: =LN(E55) -> 3.8422227
A56: Acinonyx jubatus | B56: 58.8 | C56: 1.31 | D56: 22.67 | E56: =C56*D56*3.6 -> 106.91172 | F56: =LN(B56) -> 4.0741419 | G56: =LN(E56) -> 4.6720034
A57: Panthera pardus | B57: 52.4 | C57: 1.41 | D57: 11.49 | E57: =C57*D57*3.6 -> 58.32324 | F57: =LN(B57) -> 3.9589066 | G57: =LN(E57) -> 4.0660006
A58: Crocuta crocuta | B58: 52 | C58: 1.3 | D58: 13.46 | E58: =C58*D58*3.6 -> 62.9928 | F58: =LN(B58) -> 3.9512437 | G58: =LN(E58) -> 4.1430204
A59: Canis lupus | B59: 35.3 | C59: 1.22 | D59: 14.13 | E59: =C59*D59*3.6 -> 62.05896 | F59: =LN(B59) -> 3.563883 | G59: =LN(E59) -> 4.1280849
A60: Hyaena hyaena | B60: 26.8 | C60: 1.11 | D60: 12.13 | E60: =C60*D60*3.6 -> 48.47148 | F60: =LN(B60) -> 3.2884019 | G60: =LN(E60) -> 3.8809756
A61: Canis familiaris | B61: 25 | C61: 0.966 | D61: 18.73 | E61: =C61*D61*3.6 -> 65.135448 | F61: =LN(B61) -> 3.2188758 | G61: =LN(E61) -> 4.1764689
A62: Lycaon pictus | B62: 20 | C62: 0.94 | D62: 20.11 | E62: =C62*D62*3.6 -> 68.05224 | F62: =LN(B62) -> 2.9957323 | G62: =LN(E62) -> 4.2202756
... A145: Myrmecobius fasciatus | B145: 0.48 | C145: 0.095 | D145: 39.6 | E145: =C145*D145*3.6 -> 13.5432 | F145: =LN(B145) -> -0.73396918 | G145: =LN(E145) -> 2.6058846
A146: Tyrannosaurus rex | B146: 7206.7 | C146: 11.9 | D146: No data | E146: =5*3.6 -> 18 | F146: =LN(B146) -> 8.8827664 | G146: =LN(E146) -> 2.8903718
A147: Allosaurus fragilis | B147: 1400 | C147: No data | D147: No data | E147: =9.4*3.6 -> 33.84 | F147: =LN(B147) -> 7.2442275 | G147: =LN(E147) -> 3.5216435
A148: Coelophysis bauri | B148: 13.1 | C148: No data | D148: No data | E148: =6.65*3.6 -> 23.94 | F148: =LN(B148) -> 2.5726122 | G148: =LN(E148) -> 3.1755507
A149: Struthio camelus | B149: 100 | C149: 1.181 | D149: No data | E149: =11.3*3.6*1.18 -> 48.0024 | F149: =LN(B149) -> 4.6051702 | G149: =LN(E149) -> 3.871251
A150: Eudromia elegans | B150: 0.545 | C150: No data | D150: No data | E150: =3.4*3.6 -> 12.24 | F150: =LN(B150) -> -0.60696948 | G150: =LN(E150) -> 2.5047093
A151: Coturnix chinensis | B151: 0.05 | C151: 0.083 | D151: No data | E151: =1.73*3.6 -> 6.228 | F151: =LN(B151) -> -2.9957323 | G151: =LN(E151) -> 1.8290553
A152: Colinus virginianus | B152: 0.156 | C152: 0.132 | D152: No data | E152: =2.934*3.6 -> 10.5624 | F152: =LN(B152) -> -1.8578993 | G152: =LN(E152) -> 2.3573005
A153: Coturnix japonica | B153: 0.251 | C153: 0.142 | D153: No data | E153: =1.215*3.6 -> 4.374 | F153: =LN(B153) -> -1.3823023 | G153: =LN(E153) -> 1.4756779
A154: Porphyrio porphyrio | B154: 0.59 | C154: 0.278 | D154: No data | E154: =4.331*3.6 -> 15.5916 | F154: =LN(B154) -> -0.52763274 | G154: =LN(E154) -> 2.7467323
A155: Eudromia elegans | B155: 0.79 | C155: No data | D155: No data | E155: =2.778*3.6 -> 10.0008 | F155: =LN(B155) -> -0.23572233 | G155: =LN(E155) -> 2.3026651
A156: Numida meleagris | B156: 1.35 | C156: 0.256 | D156: No data | E156: =4.884*3.6 -> 17.5824 | F156: =LN(B156) -> 0.30010459 | G156: =LN(E156) -> 2.8668984
A157: Alectura lathami | B157: 1.53 | C157: 0.311 | D157: No data | E157: =4.698*3.6 -> 16.9128 | F157: =LN(B157) -> 0.42526774 | G157: =LN(E157) -> 2.8280707
A158: Threskiornis molucca | B158: 1.58 | C158: 0.353 | D158: No data | E158: =2.075*3.6 -> 7.47 | F158: =LN(B158) -> 0.45742485 | G158: =LN(E158) -> 2.010895
A159: Gallus gallus | B159: 2.29 | C159: 0.332 | D159: No data | E159: =3.007*3.6 -> 10.8252 | F159: =LN(B159) -> 0.82855182 | G159: =LN(E159) -> 2.3818767
A160: Meleagris gallopavo | B160: 2.64 | C160: 0.37 | D160: No data | E160: =3.507*3.6 -> 12.6252 | F160: =LN(B160) -> 0.97077892 | G160: =LN(E160) -> 2.5356948
A161: Dromaius novaehollandiae | B161: 50 | C161: No data | D161: No data | E161: =12*3.6 -> 43.2 | F161: =LN(B161) -> 3.912023 | G161: =LN(E161) -> 3.7658405
A162: Homo sapiens | B162: 97.4 | C162: 1.18 | D162: No data | E162: =4*3.6 -> 14.4 | F162: =LN(B162) -> 4.5788262 | G162: =LN(E162) -> 2.6672282
A163: Homo sapiens | B163: 70 | C163: 1.36 | D163: 7.93 | E163: =C163*D163*3.6 -> 38.82528 | F163: =LN(B163) -> 4.2484952 | G163: =LN(E163) -> 3.6590716
A164: Sus scrofa | B164: 18.5 | C164: No data | D164: No data | E164: =5.83*3.6*(23.3/11) -> 44.4564 | F164: =LN(B164) -> 2.9177707 | G164: =LN(E164) -> 3.7945089
A165: Bos taurus | B165: 500 | C165: No data | D165: No data | E165: =5.4*3.6*(23.3/11) -> 41.177455 | F165: =LN(B165) -> 6.2146081 | G165: =LN(E165) -> 3.7178909
